timestamp,outlier_score
2018-01-08 00:00:00,0.12405508756637573
2018-01-15 00:00:00,0.9421721122241447
2018-01-22 00:00:00,0.5545390898918797
2018-01-29 00:00:00,0.6794249491614631
2018-02-05 00:00:00,0.7338160752099352
2018-02-12 00:00:00,0.43274380656409556
2018-02-19 00:00:00,0.633787965732379
2018-02-26 00:00:00,0.4765307637977985
2018-03-05 00:00:00,0.535262582341473
2018-03-12 00:00:00,1.0159021848161192
2018-03-19 00:00:00,0.786519421438487
2018-03-26 00:00:00,0.5474664532562019
2018-04-02 00:00:00,0.290112501897031
2018-04-16 00:00:00,0.47460033299600446
2018-04-23 00:00:00,0.7434935121980023
2018-05-07 00:00:00,0.45903113424457753
2018-05-14 00:00:00,0.5152224848572664
2018-05-21 00:00:00,0.5806359414266616
2018-05-28 00:00:00,0.22641939721040713
2018-06-04 00:00:00,0.5213041216242232
2018-06-11 00:00:00,0.7474253360667669
2018-06-18 00:00:00,0.18153053683464207
2018-06-25 00:00:00,0.7284711539494223
2018-07-02 00:00:00,0.7869369215223365
2018-07-09 00:00:00,1.0417870703683614
2018-07-16 00:00:00,0.3655983500247048
2018-07-23 00:00:00,0.8194331325490257
2018-07-30 00:00:00,0.5176591309010904
2018-08-06 00:00:00,1.0245203822384452
2018-08-13 00:00:00,0.5117965657435581
2018-08-20 00:00:00,0.7369646722910972
2018-08-27 00:00:00,0.9631090156767338
2018-09-03 00:00:00,1.1228921963690752
2018-09-10 00:00:00,1.4253027541471666
2018-09-17 00:00:00,1.3164196246606366
2018-09-24 00:00:00,0.7769511543939771
2018-10-01 00:00:00,0.5675667086469014
2018-10-08 00:00:00,1.1137466642063016
2018-10-15 00:00:00,0.7464446964553546
2018-10-22 00:00:00,0.6944557041038902
2018-10-29 00:00:00,0.8410174641103435
2018-11-05 00:00:00,0.5980685092269076
2018-11-12 00:00:00,0.7681618140205722
2018-11-19 00:00:00,0.7494148247840896
2018-11-26 00:00:00,0.7975651605848894
2018-12-03 00:00:00,0.823832361680548
2018-12-10 00:00:00,0.5600165512504272
2018-12-17 00:00:00,1.295262706382952
2018-12-24 00:00:00,0.381833001684123
2018-12-31 00:00:00,0.49990519881976836
2019-01-07 00:00:00,0.8282788796045695
2019-01-14 00:00:00,0.8732697341898887
2019-01-21 00:00:00,0.5292001568739014
2019-01-28 00:00:00,1.1991033468853454
2019-02-04 00:00:00,0.7630599049362634
2019-02-11 00:00:00,0.7630750851871331
2019-02-18 00:00:00,1.0528357405300834
2019-02-25 00:00:00,0.42368311807920117
2019-03-04 00:00:00,0.9395846013727954
2019-03-11 00:00:00,1.2796826933225707
2019-03-18 00:00:00,0.5482322755263588
2019-03-25 00:00:00,0.8334757226591126
2019-04-01 00:00:00,0.8527915293454544
2019-04-08 00:00:00,0.8598751122524604
2019-04-15 00:00:00,0.6491256450191804
2019-04-22 00:00:00,0.6062462833446449
2019-04-29 00:00:00,0.5902425795479246
2019-05-06 00:00:00,0.6006598110919382
2019-05-13 00:00:00,0.4273166869248146
2019-05-20 00:00:00,0.6251199598811823
2019-05-27 00:00:00,0.5350687183810009
2019-06-10 00:00:00,0.5611537724843029
2019-06-17 00:00:00,0.9833860719371357
2019-06-24 00:00:00,0.5496804079771898
2019-07-01 00:00:00,0.49325661856716446
2019-07-08 00:00:00,0.8017642643681475
2019-07-15 00:00:00,0.629349500084431
2019-07-22 00:00:00,0.8561608022430461
2019-07-29 00:00:00,0.5808506116887812
2019-08-05 00:00:00,0.5187774947689854
2019-08-12 00:00:00,1.0054721423561257
2019-08-19 00:00:00,0.8983166098021107
2019-08-26 00:00:00,0.7953469685966945
2019-09-02 00:00:00,1.3095084765656508
2019-09-09 00:00:00,0.8953060626035431
2019-09-16 00:00:00,0.595839797266716
2019-09-23 00:00:00,0.4992599658699082
2019-09-30 00:00:00,0.6333736880982577
2019-10-07 00:00:00,0.6945921659181603
2019-10-14 00:00:00,1.2044301694940733
2019-10-21 00:00:00,0.7196965638379431
2019-10-28 00:00:00,0.48059092026564965
2019-11-04 00:00:00,0.8862818000115765
2019-11-11 00:00:00,0.6520097856174796
2019-11-18 00:00:00,0.6020396142968684
2019-11-25 00:00:00,1.1799523791344058
2019-12-02 00:00:00,0.7505106804277295
2019-12-09 00:00:00,0.5354315360615258
2019-12-16 00:00:00,0.5772634010616745
2019-12-23 00:00:00,0.9813863516859235
2019-12-30 00:00:00,0.7564186260158448
2020-01-06 00:00:00,0.8459797286516315
2020-01-13 00:00:00,0.7245101297444478
2020-01-20 00:00:00,0.5264462258478216
2020-01-27 00:00:00,0.7693032743328283
2020-02-03 00:00:00,0.7053836289259162
2020-02-10 00:00:00,1.2302310006426367
2020-02-17 00:00:00,0.730139865414148
2020-02-24 00:00:00,0.5419218488203907
2020-03-02 00:00:00,0.7880853814178481
2020-03-09 00:00:00,0.5889118255249096
2020-03-16 00:00:00,0.5604844562816051
2020-03-23 00:00:00,1.6082816848115633
2020-03-30 00:00:00,1.1861720484815514
2018-01-01 01:00:00,0.4485404378515083
2018-01-08 01:00:00,1.2732919882162368
2018-01-15 01:00:00,1.102081504314173
2018-01-22 01:00:00,0.864552321733679
2018-01-29 01:00:00,1.0040370534238374
2018-02-05 01:00:00,0.8508264612484968
2018-02-12 01:00:00,0.819789352617083
2018-02-19 01:00:00,0.8177025466828303
2018-02-26 01:00:00,1.3583657695683107
2018-03-05 01:00:00,1.3230271156155498
2018-03-12 01:00:00,0.920388317495054
2018-03-19 01:00:00,1.287225214228979
2018-03-26 01:00:00,0.8208475974946416
2018-04-02 01:00:00,0.8162220632154135
2018-04-16 01:00:00,0.836446691276221
2018-04-23 01:00:00,0.5898765072398053
2018-05-07 01:00:00,0.9075705407851734
2018-05-14 01:00:00,0.7792843384378618
2018-05-21 01:00:00,0.879043635062057
2018-05-28 01:00:00,0.6995713308193904
2018-06-04 01:00:00,0.9692190776047839
2018-06-11 01:00:00,0.6329650551882521
2018-06-18 01:00:00,0.7177695807836897
2018-06-25 01:00:00,0.5518530717987497
2018-07-02 01:00:00,0.5787722955804276
2018-07-09 01:00:00,1.3359019836484485
2018-07-16 01:00:00,1.0380773817718252
2018-07-23 01:00:00,0.8644786781715433
2018-07-30 01:00:00,1.1083227625684557
2018-08-06 01:00:00,0.8193370188384916
2018-08-13 01:00:00,0.7766788366576136
2018-08-20 01:00:00,0.6149355664899409
2018-08-27 01:00:00,0.5390559835521568
2018-09-03 01:00:00,0.8700243760064537
2018-09-10 01:00:00,0.9264592245286055
2018-09-17 01:00:00,1.061136686908238
2018-09-24 01:00:00,0.8004813115616918
2018-10-01 01:00:00,1.1263239790609854
2018-10-08 01:00:00,0.634224674866198
2018-10-15 01:00:00,0.8396009583123843
2018-10-22 01:00:00,0.6479098292368805
2018-10-29 01:00:00,1.1284004166664148
2018-11-05 01:00:00,1.1108346118508678
2018-11-12 01:00:00,0.9689270819728899
2018-11-19 01:00:00,0.7558971826001288
2018-11-26 01:00:00,0.8378589153165367
2018-12-03 01:00:00,0.6511887857159068
2018-12-10 01:00:00,1.093974964273836
2018-12-17 01:00:00,0.6969457164445654
2018-12-24 01:00:00,0.5910784267486269
2018-12-31 01:00:00,0.7544093642247119
2019-01-07 01:00:00,1.0277476700836081
2019-01-14 01:00:00,0.7997876603955686
2019-01-21 01:00:00,1.347256866477385
2019-01-28 01:00:00,0.8752969946105947
2019-02-04 01:00:00,0.902206945890569
2019-02-11 01:00:00,1.197209302892064
2019-02-18 01:00:00,0.910780385405439
2019-02-25 01:00:00,0.9243350542009224
2019-03-04 01:00:00,0.793572634019674
2019-03-11 01:00:00,0.9370465059168029
2019-03-18 01:00:00,1.1541321680045447
2019-03-25 01:00:00,0.8300112490364131
2019-04-01 01:00:00,0.9940881750548385
2019-04-08 01:00:00,0.8629859899233171
2019-04-15 01:00:00,1.5382920824905357
2019-04-22 01:00:00,0.7741232115829716
2019-04-29 01:00:00,0.8783113251762048
2019-05-06 01:00:00,0.8428580854930485
2019-05-13 01:00:00,0.8465048728191105
2019-05-20 01:00:00,0.7059456964905185
2019-05-27 01:00:00,0.5411680911813171
2019-06-10 01:00:00,0.5369509048640313
2019-06-17 01:00:00,1.1422376974415913
2019-06-24 01:00:00,0.901655737848142
2019-07-01 01:00:00,0.7497503230165604
2019-07-08 01:00:00,0.7211171385930146
2019-07-15 01:00:00,0.8625593309770451
2019-07-22 01:00:00,1.0564590619748013
2019-07-29 01:00:00,0.6985949901109698
2019-08-05 01:00:00,0.8218745304666848
2019-08-12 01:00:00,0.7149059400233592
2019-08-19 01:00:00,1.009669061669526
2019-08-26 01:00:00,0.8300004823720001
2019-09-02 01:00:00,1.3854705259426021
2019-09-09 01:00:00,0.8801726977227481
2019-09-16 01:00:00,0.947694743000051
2019-09-23 01:00:00,0.6485802019787706
2019-09-30 01:00:00,0.8320300991249766
2019-10-07 01:00:00,1.0036732340764944
2019-10-14 01:00:00,0.8269557671634763
2019-10-21 01:00:00,1.6912169270533828
2019-10-28 01:00:00,0.7790940719240816
2019-11-04 01:00:00,1.3990069115573693
2019-11-11 01:00:00,1.2000654436275255
2019-11-18 01:00:00,1.070890348649793
2019-11-25 01:00:00,1.2937543874137554
2019-12-02 01:00:00,1.2161361780911628
2019-12-09 01:00:00,0.7776419401123523
2019-12-16 01:00:00,1.2812433974492248
2019-12-23 01:00:00,0.6540556888969143
2019-12-30 01:00:00,0.6660230344741414
2020-01-06 01:00:00,0.7299912654551347
2020-01-13 01:00:00,1.1531464119637915
2020-01-20 01:00:00,1.454290483850283
2020-01-27 01:00:00,1.5254617872506422
2020-02-03 01:00:00,0.9774833849005604
2020-02-10 01:00:00,1.5320666910931326
2020-02-17 01:00:00,0.9391478804313007
2020-02-24 01:00:00,1.1290057485046565
2020-03-02 01:00:00,1.1142643871979092
2020-03-09 01:00:00,1.0205801788397104
2020-03-16 01:00:00,1.1218781903292472
2020-03-23 01:00:00,0.8751688104208677
2020-03-30 01:00:00,0.8167102041851818
2018-01-01 02:00:00,0.5669282614217479
2018-01-08 02:00:00,1.1491638019036852
2018-01-15 02:00:00,1.1733134310461415
2018-01-22 02:00:00,0.847174143505354
2018-01-29 02:00:00,1.1267494840821917
2018-02-05 02:00:00,1.131255153983632
2018-02-12 02:00:00,1.0552590071364993
2018-02-19 02:00:00,1.0419246662083959
2018-02-26 02:00:00,0.7806080726109149
2018-03-05 02:00:00,1.5898865068140076
2018-03-12 02:00:00,1.25940894723663
2018-03-19 02:00:00,0.7700848949871275
2018-03-26 02:00:00,1.4233981768485708
2018-04-02 02:00:00,0.7587510771360821
2018-04-16 02:00:00,1.1394354690023203
2018-04-23 02:00:00,0.8660758279499765
2018-05-07 02:00:00,0.9911168372798673
2018-05-14 02:00:00,0.9913319099369138
2018-05-21 02:00:00,0.739241000249808
2018-05-28 02:00:00,0.8270957521625412
2018-06-04 02:00:00,0.6653593918263728
2018-06-11 02:00:00,0.8634469142480165
2018-06-18 02:00:00,0.8446497840686064
2018-06-25 02:00:00,1.0361703334657877
2018-07-02 02:00:00,1.7485566512952015
2018-07-09 02:00:00,1.131890842466685
2018-07-16 02:00:00,1.5533315302104014
2018-07-23 02:00:00,0.7220301274107971
2018-07-30 02:00:00,1.0289374668273044
2018-08-06 02:00:00,1.2936975267898108
2018-08-13 02:00:00,1.2078074252117004
2018-08-20 02:00:00,0.9911943256890746
2018-08-27 02:00:00,0.8631857937986824
2018-09-03 02:00:00,1.6943019108418509
2018-09-10 02:00:00,1.9574957029192726
2018-09-17 02:00:00,1.0502701499469582
2018-09-24 02:00:00,1.155175966667206
2018-10-01 02:00:00,1.3872152290054782
2018-10-08 02:00:00,1.4659774823666167
2018-10-15 02:00:00,1.5326635209951567
2018-10-22 02:00:00,1.36669158994785
2018-10-29 02:00:00,1.6784771971885155
2018-11-05 02:00:00,1.3958800655339985
2018-11-12 02:00:00,1.9182938355653194
2018-11-19 02:00:00,1.3201706728850011
2018-11-26 02:00:00,1.2796641558177997
2018-12-03 02:00:00,1.1841361766616794
2018-12-10 02:00:00,1.0611916090096918
2018-12-17 02:00:00,1.5992779912438524
2018-12-24 02:00:00,1.0947814027052396
2018-12-31 02:00:00,0.9312304264917394
2019-01-07 02:00:00,1.6549160567229746
2019-01-14 02:00:00,1.7835411025072063
2019-01-21 02:00:00,1.3012563532981805
2019-02-04 02:00:00,1.6873599358961293
2019-02-11 02:00:00,1.1396594345040494
2019-02-18 02:00:00,1.3296961749832548
2019-02-25 02:00:00,1.0199330610840478
2019-03-04 02:00:00,1.2262570874662142
2019-03-11 02:00:00,1.5914584974435728
2019-03-18 02:00:00,1.1068390715285545
2019-03-25 02:00:00,1.009302666858156
2019-04-01 02:00:00,1.8307850118316742
2019-04-08 02:00:00,1.0891660416636044
2019-04-15 02:00:00,1.0617412238335124
2019-04-22 02:00:00,0.9178318544923407
2019-04-29 02:00:00,1.3196585338767715
2019-05-06 02:00:00,1.0984531879849773
2019-05-13 02:00:00,0.8237742043103994
2019-05-20 02:00:00,0.897440133653376
2019-05-27 02:00:00,1.120640223471605
2019-06-10 02:00:00,0.7132061298192552
2019-06-17 02:00:00,1.1682003322060783
2019-06-24 02:00:00,1.0708600475361436
2019-07-01 02:00:00,1.2402366528824111
2019-07-08 02:00:00,1.2400827688361875
2019-07-15 02:00:00,0.8707538880356052
2019-07-22 02:00:00,1.1164921659521274
2019-07-29 02:00:00,0.8098814956862462
2019-08-05 02:00:00,0.9876412015940298
2019-08-12 02:00:00,1.0157493759858025
2019-08-19 02:00:00,0.6970971599039543
2019-08-26 02:00:00,0.8209626426516364
2019-09-02 02:00:00,1.0293782882332545
2019-09-09 02:00:00,0.9830451344002232
2019-09-16 02:00:00,0.84849827145454
2019-09-23 02:00:00,1.021986582938763
2019-09-30 02:00:00,1.2548131321256315
2019-10-07 02:00:00,1.2834162330807213
2019-10-14 02:00:00,1.2775521779953936
2019-10-21 02:00:00,1.4839641825152352
2019-10-28 02:00:00,0.869326221575286
2019-11-04 02:00:00,0.9465148050552125
2019-11-11 02:00:00,0.9269089802605093
2019-11-18 02:00:00,1.1089053075385853
2019-11-25 02:00:00,0.8583937030191131
2019-12-02 02:00:00,1.3145169638787322
2019-12-09 02:00:00,1.375737155695064
2019-12-16 02:00:00,1.2461773016254785
2019-12-23 02:00:00,1.0720890357766524
2019-12-30 02:00:00,1.281409070645608
2020-01-06 02:00:00,1.2966552958286512
2020-01-13 02:00:00,1.2262438430635807
2020-01-20 02:00:00,1.4264757928446687
2020-01-27 02:00:00,0.7334654993812928
2020-02-03 02:00:00,0.8591710710822803
2020-02-10 02:00:00,1.2342360603168938
2020-02-17 02:00:00,1.5111880986928183
2020-02-24 02:00:00,1.0090320753187842
2020-03-02 02:00:00,0.7545894317087319
2020-03-09 02:00:00,1.308068042854431
2020-03-16 02:00:00,0.9766122068151787
2020-03-23 02:00:00,1.4329554168975194
2020-03-30 02:00:00,1.0657081832216337
2018-01-01 03:00:00,0.756028918500632
2018-01-08 03:00:00,0.8748169724021732
2018-01-22 03:00:00,1.4476380344535944
2018-01-29 03:00:00,0.9955623380373728
2018-02-05 03:00:00,0.7748178439592892
2018-02-12 03:00:00,1.3282233858376715
2018-02-19 03:00:00,1.346347525224126
2018-02-26 03:00:00,1.1324820443898178
2018-03-05 03:00:00,1.0990545449523321
2018-03-12 03:00:00,0.9844819044609733
2018-03-19 03:00:00,1.5902725282880446
2018-04-02 03:00:00,1.2082601797247632
2018-04-16 03:00:00,1.1830711981720632
2018-04-23 03:00:00,1.1234490001492008
2018-05-07 03:00:00,0.976606394471031
2018-05-14 03:00:00,1.142370605458982
2018-05-21 03:00:00,0.7927255146048661
2018-05-28 03:00:00,1.1510859461643461
2018-06-04 03:00:00,1.2945486230526577
2018-06-18 03:00:00,1.6844887679729055
2018-06-25 03:00:00,1.1379177474752016
2018-07-02 03:00:00,1.2152135639040553
2018-07-09 03:00:00,1.1296812086174266
2018-07-16 03:00:00,1.6148571528477949
2018-07-23 03:00:00,1.1648363342911314
2018-07-30 03:00:00,1.1980728298342658
2018-08-06 03:00:00,1.4123319035172168
2018-08-13 03:00:00,1.2816842458627493
2018-08-20 03:00:00,1.1363232120432694
2018-09-03 03:00:00,2.13536532548322
2018-09-10 03:00:00,1.3885325633277095
2018-09-17 03:00:00,1.55437551748739
2018-10-01 03:00:00,1.104631041338927
2018-10-08 03:00:00,1.1641450359980579
2018-10-15 03:00:00,1.4219375487572834
2018-10-22 03:00:00,1.2424677883230277
2018-10-29 03:00:00,1.410034309692075
2018-11-05 03:00:00,1.3487585078990383
2018-11-12 03:00:00,0.9447436632611284
2018-11-19 03:00:00,0.9228145547043414
2018-11-26 03:00:00,1.2135075497665966
2018-12-03 03:00:00,1.0183456017456054
2018-12-10 03:00:00,1.5203532867038394
2018-12-17 03:00:00,1.5656579469866385
2018-12-24 03:00:00,0.8747291734762265
2018-12-31 03:00:00,1.4086470042472319
2019-01-07 03:00:00,1.217542293124037
2019-01-14 03:00:00,1.146906318371144
2019-01-21 03:00:00,0.9066078478351302
2019-01-28 03:00:00,1.057309892574642
2019-02-11 03:00:00,1.5948757970190235
2019-02-18 03:00:00,1.2320847747547172
2019-02-25 03:00:00,1.4339070287779039
2019-03-11 03:00:00,1.1066374876980807
2019-03-18 03:00:00,1.264618577133446
2019-03-25 03:00:00,0.8180805542282684
2019-04-01 03:00:00,1.1655386216706993
2019-04-08 03:00:00,1.1346745684898876
2019-04-15 03:00:00,1.4239274743013315
2019-04-22 03:00:00,1.0903026479362516
2019-04-29 03:00:00,1.1266098734457946
2019-05-06 03:00:00,1.0079879694187028
2019-05-13 03:00:00,1.0084845840830736
2019-05-20 03:00:00,0.9475972193438085
2019-05-27 03:00:00,1.176725611975032
2019-06-10 03:00:00,1.1527531112313785
2019-06-17 03:00:00,0.7934083526782125
2019-06-24 03:00:00,1.0240295692959003
2019-07-01 03:00:00,1.3466852645497804
2019-07-08 03:00:00,1.6906765552807206
2019-07-15 03:00:00,1.0239613330863122
2019-07-22 03:00:00,1.0887582460724425
2019-07-29 03:00:00,1.0184732022507879
2019-08-05 03:00:00,1.6001857583363162
2019-08-12 03:00:00,0.9820747863472798
2019-08-19 03:00:00,1.028789368480399
2019-08-26 03:00:00,0.7355711947932694
2019-09-02 03:00:00,1.1099393197705016
2019-09-09 03:00:00,1.1772752996648421
2019-09-16 03:00:00,1.5854143324991237
2019-09-23 03:00:00,1.1497985160776045
2019-09-30 03:00:00,1.092804670598331
2019-10-07 03:00:00,1.1669647024675975
2019-10-14 03:00:00,1.0881666303218485
2019-10-21 03:00:00,1.2268827768585537
2019-10-28 03:00:00,1.4300323331391545
2019-11-11 03:00:00,1.6198101228397925
2019-11-18 03:00:00,1.6237852440990217
2019-11-25 03:00:00,1.202565568694975
2019-12-02 03:00:00,1.0098267870975972
2019-12-09 03:00:00,1.1787538081495021
2019-12-16 03:00:00,1.0313808388349774
2019-12-23 03:00:00,0.8215665175175104
2019-12-30 03:00:00,0.9969142046541842
2020-01-13 03:00:00,1.108741108910948
2020-01-20 03:00:00,1.4757220230531247
2020-01-27 03:00:00,1.397260431158241
2020-02-03 03:00:00,1.3713856236847317
2020-02-10 03:00:00,1.0165520984331191
2020-02-24 03:00:00,0.9683759190286956
2020-03-02 03:00:00,1.312150431219426
2018-01-01 04:00:00,0.7998617142334971
2018-01-22 04:00:00,1.3984224093725253
2018-01-29 04:00:00,0.8288889619602557
2018-02-05 04:00:00,0.946803537848384
2018-02-12 04:00:00,1.1727145154593241
2018-02-19 04:00:00,0.9157480385907227
2018-02-26 04:00:00,0.9297231382122996
2018-03-05 04:00:00,1.4660746064191594
2018-03-12 04:00:00,1.0740145497335714
2018-03-26 04:00:00,1.070591301534412
2018-04-02 04:00:00,0.9163957952946993
2018-04-16 04:00:00,1.1354960839711778
2018-04-23 04:00:00,1.0490824851916345
2018-05-07 04:00:00,0.8442747606323141
2018-05-14 04:00:00,0.7990279048161167
2018-05-21 04:00:00,0.7992010339428299
2018-05-28 04:00:00,1.0228128587758825
2018-06-04 04:00:00,0.8980510898218897
2018-06-11 04:00:00,0.9795392140486027
2018-06-18 04:00:00,0.9341875594552239
2018-06-25 04:00:00,1.2199255060884047
2018-07-02 04:00:00,0.8151411790954507
2018-07-09 04:00:00,0.7423743690660249
2018-07-16 04:00:00,0.8181710196913293
2018-07-23 04:00:00,0.9871293300131656
2018-07-30 04:00:00,0.9605482413909643
2018-08-06 04:00:00,0.7910877401761653
2018-08-13 04:00:00,1.00701848315837
2018-08-20 04:00:00,0.7972273210979901
2018-08-27 04:00:00,0.9681118631029705
2018-09-03 04:00:00,0.8316614127814453
2018-09-10 04:00:00,1.042721080123405
2018-09-17 04:00:00,1.1666565720082973
2018-09-24 04:00:00,0.952081786807059
2018-10-01 04:00:00,1.2447239523476792
2018-10-08 04:00:00,0.834998349099983
2018-10-15 04:00:00,0.9979284893258075
2018-10-22 04:00:00,0.8155775264232089
2018-10-29 04:00:00,0.8402836922606964
2018-11-05 04:00:00,0.7916212153118691
2018-11-12 04:00:00,0.6900775329344193
2018-12-03 04:00:00,0.7772671399187512
2018-12-10 04:00:00,0.8451006442478846
2018-12-17 04:00:00,0.768839615255426
2018-12-24 04:00:00,0.9495933005509037
2018-12-31 04:00:00,1.041307376588038
2019-01-07 04:00:00,1.033449771161507
2019-01-14 04:00:00,0.8348267562426805
2019-01-28 04:00:00,0.9192008653069341
2019-02-04 04:00:00,0.9690032250003092
2019-02-25 04:00:00,0.928872983342822
2019-03-11 04:00:00,0.9968996102126431
2019-03-18 04:00:00,1.046519093124922
2019-03-25 04:00:00,0.9585496263113336
2019-04-08 04:00:00,1.0066834090211993
2019-04-15 04:00:00,0.8490449486212048
2019-04-22 04:00:00,0.8103754468576053
2019-04-29 04:00:00,0.9349035464170089
2019-05-06 04:00:00,0.8335098522445655
2019-05-13 04:00:00,0.9377669405821952
2019-05-20 04:00:00,0.8710457930290895
2019-05-27 04:00:00,0.9873822889616971
2019-06-10 04:00:00,0.7081815471819521
2019-06-17 04:00:00,0.8613684463528828
2019-06-24 04:00:00,1.0001912435718698
2019-07-01 04:00:00,0.8669387936858933
2019-07-08 04:00:00,0.863195255966187
2019-07-15 04:00:00,0.9810243739459334
2019-07-22 04:00:00,0.9382399046456888
2019-07-29 04:00:00,0.6135533987949389
2019-08-05 04:00:00,0.877114675249092
2019-08-12 04:00:00,1.030454706878896
2019-08-19 04:00:00,0.9586642558061558
2019-08-26 04:00:00,0.9139526403789394
2019-09-02 04:00:00,0.9137196997294581
2019-09-09 04:00:00,0.8116415237476305
2019-09-16 04:00:00,0.7838801844051502
2019-09-23 04:00:00,0.9507747417505821
2019-09-30 04:00:00,0.7414269759141678
2019-10-07 04:00:00,0.8555646509683928
2019-10-14 04:00:00,0.7800838474686376
2019-10-21 04:00:00,0.7431176850458217
2019-10-28 04:00:00,0.9627986871765747
2019-11-04 04:00:00,1.1570531820607186
2019-11-11 04:00:00,0.8302380235606809
2019-11-18 04:00:00,0.755013076891078
2019-11-25 04:00:00,0.9560569851680226
2019-12-02 04:00:00,0.7500224079787247
2019-12-09 04:00:00,0.8572754173499719
2019-12-16 04:00:00,0.7771554465547827
2019-12-23 04:00:00,0.8417238650465348
2019-12-30 04:00:00,0.8599155157320986
2020-01-06 04:00:00,1.1988739152567673
2020-01-13 04:00:00,1.0004684630490326
2020-01-20 04:00:00,0.6877011842977245
2020-01-27 04:00:00,0.9985742260446189
2020-02-03 04:00:00,0.8670781183572547
2020-02-10 04:00:00,1.1551895747854342
2020-02-17 04:00:00,1.246665247579508
2020-02-24 04:00:00,0.8147993053197773
2020-03-02 04:00:00,1.2045949613556957
2020-03-16 04:00:00,0.8075965705926225
2020-03-30 04:00:00,0.8333399075386152
2018-01-01 05:00:00,0.7134605942880846
2018-01-08 05:00:00,0.657703633428052
2018-01-15 05:00:00,0.8164210148147377
2018-01-22 05:00:00,0.6562379316863214
2018-01-29 05:00:00,0.7126685155720213
2018-02-05 05:00:00,0.6439491982740391
2018-02-12 05:00:00,0.7729117298427707
2018-02-19 05:00:00,0.9665550569608532
2018-02-26 05:00:00,0.8687386705515033
2018-03-05 05:00:00,0.801650533859125
2018-03-12 05:00:00,0.7876136445812095
2018-03-19 05:00:00,0.6987371550809947
2018-03-26 05:00:00,0.6109843226040398
2018-04-02 05:00:00,0.7720260528817119
2018-04-16 05:00:00,0.7939081809059204
2018-04-23 05:00:00,0.6323166054218207
2018-05-07 05:00:00,0.7780051079005024
2018-05-14 05:00:00,0.841482725311052
2018-05-21 05:00:00,0.8151164053630783
2018-05-28 05:00:00,0.690635824452065
2018-06-04 05:00:00,0.7397133251894247
2018-06-11 05:00:00,0.7251410004639182
2018-06-18 05:00:00,0.7762551639038753
2018-06-25 05:00:00,0.6864151933292625
2018-07-02 05:00:00,0.6280258153215417
2018-07-09 05:00:00,0.68956969308474
2018-07-16 05:00:00,0.9049568052567722
2018-07-23 05:00:00,0.8222877801202526
2018-07-30 05:00:00,0.7062324577587161
2018-08-06 05:00:00,0.6819133576997679
2018-08-13 05:00:00,0.7618810708953598
2018-08-20 05:00:00,0.730381168452863
2018-08-27 05:00:00,0.8328862944988714
2018-09-03 05:00:00,0.7463466739582049
2018-09-10 05:00:00,0.9525097760654104
2018-09-17 05:00:00,0.7798934031863463
2018-09-24 05:00:00,0.7562776934189944
2018-10-01 05:00:00,0.6481776603455565
2018-10-08 05:00:00,0.7626064183192577
2018-10-15 05:00:00,0.6756887949913295
2018-10-22 05:00:00,0.7344065138120972
2018-10-29 05:00:00,0.6716369301629421
2018-11-05 05:00:00,0.8130153197304334
2018-11-12 05:00:00,0.682279231544998
2018-11-19 05:00:00,0.7546479481346053
2018-12-03 05:00:00,0.6648991415296535
2018-12-10 05:00:00,0.7497507580629227
2018-12-17 05:00:00,0.7881973037414726
2018-12-24 05:00:00,0.7485601553469059
2018-12-31 05:00:00,0.8447592688763608
2019-01-07 05:00:00,0.7142580958469784
2019-01-14 05:00:00,0.8054324079822447
2019-01-21 05:00:00,0.698078309977559
2019-01-28 05:00:00,0.6319628110810075
2019-02-04 05:00:00,0.8251880462675294
2019-02-11 05:00:00,0.7291434783333536
2019-02-18 05:00:00,0.7777013760005997
2019-02-25 05:00:00,0.6961820092605474
2019-03-04 05:00:00,0.7966691011100909
2019-03-11 05:00:00,0.7246952954548005
2019-03-18 05:00:00,0.7368897559730883
2019-03-25 05:00:00,0.6744678993181035
2019-04-01 05:00:00,0.7764151568543419
2019-04-08 05:00:00,0.5961743910076274
2019-04-15 05:00:00,0.6369069914093245
2019-04-22 05:00:00,0.8397806556933205
2019-04-29 05:00:00,0.6959125210679996
2019-05-06 05:00:00,0.715587391635205
2019-05-13 05:00:00,0.7979606367098669
2019-05-20 05:00:00,0.6475795880958612
2019-05-27 05:00:00,0.7070358143717775
2019-06-10 05:00:00,0.8814461460548682
2019-06-17 05:00:00,0.6682197155503469
2019-06-24 05:00:00,0.6672391282242588
2019-07-01 05:00:00,0.715799110664328
2019-07-08 05:00:00,0.8098776459460263
2019-07-15 05:00:00,0.7794475614339541
2019-07-22 05:00:00,0.6689999656988341
2019-07-29 05:00:00,0.7563184900712383
2019-08-05 05:00:00,0.7707894376777179
2019-08-12 05:00:00,0.7562617756241228
2019-08-19 05:00:00,0.7275687489989147
2019-08-26 05:00:00,0.8916344641131976
2019-09-02 05:00:00,0.7229576466541136
2019-09-09 05:00:00,0.7175104394232925
2019-09-16 05:00:00,0.7817736186881599
2019-09-23 05:00:00,0.8465013744804941
2019-09-30 05:00:00,0.6783278096066353
2019-10-07 05:00:00,0.6873194124409833
2019-10-14 05:00:00,0.8275888071375872
2019-10-21 05:00:00,0.9139973923182826
2019-10-28 05:00:00,0.8272568206258317
2019-11-04 05:00:00,0.8187395839993761
2019-11-11 05:00:00,0.68370278984865
2019-11-18 05:00:00,0.7520022586648386
2019-11-25 05:00:00,0.6689039034153139
2019-12-02 05:00:00,0.8150430831645075
2019-12-09 05:00:00,0.6547808113583147
2019-12-16 05:00:00,0.5862071034968271
2019-12-23 05:00:00,0.6393748259459411
2019-12-30 05:00:00,0.6999667653910436
2020-01-06 05:00:00,0.9558291183110627
2020-01-13 05:00:00,0.8351057320459958
2020-01-20 05:00:00,0.7675889649603219
2020-01-27 05:00:00,0.8343641389542776
2020-02-03 05:00:00,0.6569418710904785
2020-02-10 05:00:00,0.8645556108940737
2020-02-17 05:00:00,0.8681976935001556
2020-02-24 05:00:00,0.8275320883793853
2020-03-02 05:00:00,0.79288926947619
2020-03-09 05:00:00,0.7753376025625917
2020-03-16 05:00:00,0.7305504325134635
2020-03-23 05:00:00,0.877170418236399
2020-03-30 05:00:00,0.767108723299427
2018-01-01 06:00:00,0.7217383262853901
2018-01-08 06:00:00,0.62035129831352
2018-01-15 06:00:00,0.7088690755289119
2018-01-22 06:00:00,0.7058846948868731
2018-01-29 06:00:00,0.809920250125265
2018-02-05 06:00:00,0.651803662381582
2018-02-12 06:00:00,0.6665331113556687
2018-02-19 06:00:00,0.6665191948246012
2018-02-26 06:00:00,0.7435592821599905
2018-03-05 06:00:00,0.8343950443516316
2018-03-12 06:00:00,0.724588475495296
2018-03-19 06:00:00,0.7513950964349185
2018-03-26 06:00:00,0.7439359778769239
2018-04-02 06:00:00,0.7679153390166921
2018-04-16 06:00:00,0.6976994015109599
2018-04-23 06:00:00,0.7357929282462521
2018-05-07 06:00:00,0.727812265707616
2018-05-14 06:00:00,0.759304964155026
2018-05-21 06:00:00,0.7385568906805025
2018-05-28 06:00:00,0.6979989530164913
2018-06-04 06:00:00,0.677914073588031
2018-06-11 06:00:00,0.7285825748625623
2018-06-18 06:00:00,0.6765773735503537
2018-06-25 06:00:00,0.8784786986015105
2018-07-02 06:00:00,0.7288805368887868
2018-07-09 06:00:00,0.7138296438143635
2018-07-16 06:00:00,0.6772476011883597
2018-07-23 06:00:00,0.6510741395188306
2018-07-30 06:00:00,0.6792681471540941
2018-08-06 06:00:00,0.7066794790267414
2018-08-13 06:00:00,0.7287142973710823
2018-08-20 06:00:00,0.652134845287668
2018-08-27 06:00:00,0.7284709904178053
2018-09-03 06:00:00,0.7393653611596012
2018-09-10 06:00:00,0.7343525914132125
2018-09-17 06:00:00,0.7143615989720621
2018-09-24 06:00:00,0.6977536816015845
2018-10-01 06:00:00,0.6529260698658447
2018-10-08 06:00:00,0.6538833332121671
2018-10-15 06:00:00,0.6559474432068497
2018-10-22 06:00:00,0.6922381260487956
2018-10-29 06:00:00,0.6584317478700499
2018-11-05 06:00:00,0.6520753075114073
2018-11-12 06:00:00,0.7237135303048502
2018-11-19 06:00:00,0.6288923244963239
2018-11-26 06:00:00,0.6401417932803262
2018-12-03 06:00:00,0.6791766830663435
2018-12-10 06:00:00,0.6915766823120966
2018-12-17 06:00:00,0.7027749094810275
2018-12-24 06:00:00,0.6953163113164478
2018-12-31 06:00:00,0.8514287657443051
2019-01-07 06:00:00,0.7459610706058104
2019-01-14 06:00:00,0.6456250811673141
2019-01-21 06:00:00,0.6675172049603246
2019-01-28 06:00:00,0.7242084432606402
2019-02-04 06:00:00,0.7360804400033827
2019-02-11 06:00:00,0.6851444182887223
2019-02-18 06:00:00,0.8640837746780589
2019-02-25 06:00:00,0.7255658302176387
2019-03-04 06:00:00,0.6334332244156123
2019-03-18 06:00:00,0.6613102160162445
2019-03-25 06:00:00,0.6215023188457748
2019-04-01 06:00:00,0.7159492605828951
2019-04-08 06:00:00,0.6561134452249361
2019-04-15 06:00:00,0.6895829056017538
2019-04-22 06:00:00,0.835270624044051
2019-04-29 06:00:00,0.6735478733408495
2019-05-06 06:00:00,0.6963381980632584
2019-05-13 06:00:00,0.7318278474083263
2019-05-20 06:00:00,0.7258847649562439
2019-05-27 06:00:00,0.6747528557692211
2019-06-10 06:00:00,0.9598145589544737
2019-06-17 06:00:00,0.7436769857998722
2019-06-24 06:00:00,0.8327860164170318
2019-07-01 06:00:00,0.6913329347317418
2019-07-08 06:00:00,0.6924572187632935
2019-07-15 06:00:00,0.8815832028281942
2019-07-22 06:00:00,0.726775546695678
2019-07-29 06:00:00,0.9926932831280257
2019-08-05 06:00:00,1.1068314710814071
2019-08-12 06:00:00,1.1304888463959797
2019-08-19 06:00:00,0.7512477626449485
2019-08-26 06:00:00,1.0389774585436813
2019-09-02 06:00:00,0.7700882941943347
2019-09-09 06:00:00,0.7690953409789556
2019-09-16 06:00:00,0.7505776708272178
2019-09-23 06:00:00,0.8118661077490045
2019-09-30 06:00:00,0.6968564874155787
2019-10-07 06:00:00,0.748501769415418
2019-10-14 06:00:00,0.7669150574429224
2019-10-21 06:00:00,0.7581417147353547
2019-10-28 06:00:00,0.8003425647774067
2019-11-04 06:00:00,0.732619176977864
2019-11-11 06:00:00,0.8140669759181918
2019-11-18 06:00:00,0.7549870059167605
2019-11-25 06:00:00,0.8512928367400875
2019-12-02 06:00:00,0.7651839060480088
2019-12-09 06:00:00,0.7809398819572078
2019-12-16 06:00:00,0.6685317591628519
2019-12-23 06:00:00,0.6980579264332014
2019-12-30 06:00:00,0.8709509161030983
2020-01-06 06:00:00,0.752113126236919
2020-01-13 06:00:00,0.737852543327153
2020-01-20 06:00:00,0.7763329092489047
2020-01-27 06:00:00,0.7178892423891672
2020-02-03 06:00:00,0.7109963871320387
2020-02-10 06:00:00,0.8233061073051882
2020-02-17 06:00:00,0.7784302521004324
2020-02-24 06:00:00,0.7683681520437546
2020-03-02 06:00:00,0.8784854197886001
2020-03-09 06:00:00,0.9024131942394739
2020-03-16 06:00:00,0.7981178070489386
2020-03-23 06:00:00,0.7917889090279783
2020-03-30 06:00:00,0.8035510960919812
2018-01-01 07:00:00,0.9446435384014245
2018-01-08 07:00:00,0.7689746520634534
2018-01-15 07:00:00,0.7466637220594594
2018-01-22 07:00:00,0.7249309515123683
2018-01-29 07:00:00,0.7965041861062847
2018-02-05 07:00:00,0.8230269456058336
2018-02-12 07:00:00,0.7935210636277997
2018-02-19 07:00:00,0.7038512393031922
2018-02-26 07:00:00,0.9034092363920173
2018-03-05 07:00:00,0.6751631658666305
2018-03-12 07:00:00,0.7102251375008
2018-03-19 07:00:00,0.76817804151671
2018-03-26 07:00:00,0.7628942603782719
2018-04-02 07:00:00,0.779298425592806
2018-04-16 07:00:00,0.7871996824353712
2018-04-23 07:00:00,0.7228087268706583
2018-04-30 07:00:00,0.8614484372916984
2018-05-07 07:00:00,0.7858540704209168
2018-05-14 07:00:00,0.791693134946604
2018-05-21 07:00:00,0.7712931952920752
2018-05-28 07:00:00,0.776293316399996
2018-06-04 07:00:00,0.755617482978823
2018-06-11 07:00:00,0.7781234636820571
2018-06-18 07:00:00,0.8306595404417568
2018-06-25 07:00:00,0.7527610062960902
2018-07-02 07:00:00,0.7197627273596443
2018-07-09 07:00:00,0.8169856826524418
2018-07-16 07:00:00,0.7266836437901972
2018-07-23 07:00:00,0.8458827068874298
2018-07-30 07:00:00,0.8132996086020998
2018-08-06 07:00:00,0.893110229489584
2018-08-13 07:00:00,0.7945606427346388
2018-08-20 07:00:00,0.7955394789711288
2018-08-27 07:00:00,0.7773725836326226
2018-09-03 07:00:00,0.7200702249564116
2018-09-10 07:00:00,0.810566907121148
2018-09-17 07:00:00,0.7162064613487514
2018-09-24 07:00:00,0.8571479761773049
2018-10-01 07:00:00,0.7672085394633605
2018-10-08 07:00:00,0.7820142660140172
2018-10-15 07:00:00,0.834126697991173
2018-10-22 07:00:00,0.8061581940538335
2018-10-29 07:00:00,0.7349249701462174
2018-11-05 07:00:00,0.7237237520175747
2018-11-12 07:00:00,0.8418703577113691
2018-11-19 07:00:00,0.7799388785244221
2018-11-26 07:00:00,0.7228314764462619
2018-12-03 07:00:00,0.793745800445794
2018-12-10 07:00:00,0.8493646639899531
2018-12-17 07:00:00,0.7850211154290692
2018-12-24 07:00:00,0.7701928620708905
2018-12-31 07:00:00,0.9782953888283414
2019-01-07 07:00:00,0.8266250914042391
2019-01-14 07:00:00,0.804533034031105
2019-01-21 07:00:00,0.7759219859724262
2019-01-28 07:00:00,0.8153617564346547
2019-02-04 07:00:00,0.8314316465027355
2019-02-11 07:00:00,0.810992799857172
2019-02-18 07:00:00,0.8345030569742169
2019-02-25 07:00:00,0.8096009512927455
2019-03-04 07:00:00,0.8427280283863016
2019-03-11 07:00:00,0.8177129366167584
2019-03-18 07:00:00,0.7396761207754565
2019-03-25 07:00:00,0.8794331832867557
2019-04-01 07:00:00,0.8707107679084023
2019-04-08 07:00:00,0.8706607641812283
2019-04-15 07:00:00,0.7941844572758812
2019-04-22 07:00:00,0.9526041995150198
2019-04-29 07:00:00,0.7971785741027767
2019-05-06 07:00:00,0.8532935532466371
2019-05-13 07:00:00,0.8237792881220449
2019-05-20 07:00:00,0.8129366072998998
2019-05-27 07:00:00,0.8252182018458443
2019-06-10 07:00:00,0.7258515789910674
2019-06-17 07:00:00,0.7709135112533494
2019-06-24 07:00:00,0.9057129212050453
2019-07-01 07:00:00,0.8558882925593002
2019-07-08 07:00:00,0.7993044619022669
2019-07-15 07:00:00,0.7689065742226748
2019-07-22 07:00:00,0.8488030116865173
2019-07-29 07:00:00,0.8406902405998034
2019-08-05 07:00:00,0.9154732150351248
2019-08-12 07:00:00,1.1304988804362823
2019-08-19 07:00:00,1.0243810764754662
2019-08-26 07:00:00,0.7044120541486852
2019-09-02 07:00:00,0.764855026240319
2019-09-09 07:00:00,0.780441638753666
2019-09-16 07:00:00,0.8231784782908406
2019-09-23 07:00:00,0.7818791361690189
2019-09-30 07:00:00,0.8459386525294096
2019-10-07 07:00:00,0.8317396230597676
2019-10-14 07:00:00,0.7499607032211594
2019-10-21 07:00:00,0.8756988610461556
2019-10-28 07:00:00,0.8987629156157465
2019-11-04 07:00:00,0.8396254399128272
2019-11-11 07:00:00,0.8484906686314821
2019-11-18 07:00:00,0.948195850342073
2019-11-25 07:00:00,0.7526389937568181
2019-12-02 07:00:00,0.8258209861129575
2019-12-09 07:00:00,0.8343570873755465
2019-12-16 07:00:00,0.7865606054830708
2019-12-23 07:00:00,0.7535750973578402
2019-12-30 07:00:00,0.8686630611063295
2020-01-06 07:00:00,0.9015243649263535
2020-01-13 07:00:00,0.8587384980849289
2020-01-20 07:00:00,1.0031598963940938
2020-01-27 07:00:00,0.7711904323587138
2020-02-03 07:00:00,0.841048055626854
2020-02-10 07:00:00,0.8711921912593875
2020-02-17 07:00:00,0.8052787830578767
2020-02-24 07:00:00,0.8003971299136765
2020-03-02 07:00:00,0.7503371161065865
2020-03-09 07:00:00,0.8791264877240421
2020-03-16 07:00:00,0.8758277864432235
2020-03-23 07:00:00,0.7538331374452911
2020-03-30 07:00:00,0.9462795985359687
2018-01-01 08:00:00,1.0150040791299946
2018-01-08 08:00:00,0.7807123887512041
2018-01-15 08:00:00,0.7936001370693098
2018-01-22 08:00:00,0.7397448524066526
2018-01-29 08:00:00,0.7744423351495615
2018-02-05 08:00:00,0.8755914530624345
2018-02-12 08:00:00,0.7339849675203124
2018-02-19 08:00:00,0.7728947246605684
2018-02-26 08:00:00,0.9108986779719139
2018-03-05 08:00:00,0.7982732565122437
2018-03-12 08:00:00,0.7693526185028935
2018-03-19 08:00:00,0.7527862186749639
2018-03-26 08:00:00,0.7689120206121783
2018-04-02 08:00:00,0.9444877422532881
2018-04-16 08:00:00,0.7836505276845861
2018-04-23 08:00:00,0.8106478809762396
2018-04-30 08:00:00,0.7712155034189841
2018-05-07 08:00:00,0.8052322167906859
2018-05-14 08:00:00,0.7667114564265624
2018-05-21 08:00:00,0.9475925333441756
2018-05-28 08:00:00,0.7563878578925489
2018-06-04 08:00:00,0.7680311929787287
2018-06-11 08:00:00,0.772449467670062
2018-06-18 08:00:00,0.824593769769936
2018-06-25 08:00:00,0.8129249417476573
2018-07-02 08:00:00,0.7658320039759736
2018-07-09 08:00:00,0.7912027577603192
2018-07-16 08:00:00,0.8965525700848206
2018-07-23 08:00:00,0.8243750643680559
2018-07-30 08:00:00,0.890174673792374
2018-08-06 08:00:00,0.8927918663722653
2018-08-13 08:00:00,0.7539677390694881
2018-08-20 08:00:00,0.8696157961966482
2018-08-27 08:00:00,0.8023532940609329
2018-09-03 08:00:00,0.8104297722928535
2018-09-10 08:00:00,0.7768998881081409
2018-09-17 08:00:00,0.8620052702561974
2018-09-24 08:00:00,0.8586135846957552
2018-10-01 08:00:00,0.8252476402011867
2018-10-08 08:00:00,0.8627521738505669
2018-10-15 08:00:00,0.8538466787842396
2018-10-22 08:00:00,0.8244457927958525
2018-10-29 08:00:00,0.8210872500701691
2018-11-05 08:00:00,0.7692392064860977
2018-11-12 08:00:00,0.7858403544078426
2018-11-19 08:00:00,0.8896680415227589
2018-11-26 08:00:00,0.7462357902539758
2018-12-03 08:00:00,0.8910702746042364
2018-12-10 08:00:00,0.7839397084738855
2018-12-17 08:00:00,0.7488477588531549
2018-12-24 08:00:00,0.7815264846995966
2018-12-31 08:00:00,0.9592788438306634
2019-01-07 08:00:00,0.8099782823417241
2019-01-14 08:00:00,0.8548338200051647
2019-01-21 08:00:00,0.7369110722390882
2019-01-28 08:00:00,0.7376783132336742
2019-02-04 08:00:00,0.7860407772228744
2019-02-11 08:00:00,0.7882438684124211
2019-02-18 08:00:00,0.7826025422724426
2019-02-25 08:00:00,0.8717836974048166
2019-03-04 08:00:00,0.8599525905987624
2019-03-11 08:00:00,0.8240496823757641
2019-03-18 08:00:00,0.8420508089412725
2019-03-25 08:00:00,0.8534384854205633
2019-04-01 08:00:00,0.8158747131247454
2019-04-08 08:00:00,0.8175045277347488
2019-04-15 08:00:00,0.7510344595618133
2019-04-22 08:00:00,1.1836668395187613
2019-04-29 08:00:00,0.776045595633329
2019-05-06 08:00:00,0.8510620704255256
2019-05-13 08:00:00,0.7834996147844343
2019-05-20 08:00:00,0.8730592284152328
2019-05-27 08:00:00,0.7768526318887743
2019-06-10 08:00:00,0.9606945404611713
2019-06-17 08:00:00,0.8136457405209848
2019-06-24 08:00:00,0.8045104864861266
2019-07-01 08:00:00,0.8282061663511658
2019-07-08 08:00:00,0.8392446703106322
2019-07-15 08:00:00,0.8123781167604835
2019-07-22 08:00:00,0.8007883461224616
2019-07-29 08:00:00,0.8445625904569684
2019-08-05 08:00:00,0.7201238777553953
2019-08-12 08:00:00,0.8483429809293089
2019-08-19 08:00:00,0.8149671803973202
2019-08-26 08:00:00,0.8069910575721997
2019-09-02 08:00:00,0.8862031040029333
2019-09-09 08:00:00,0.8927247988674548
2019-09-16 08:00:00,0.7821560630993338
2019-09-23 08:00:00,0.8123196906486676
2019-09-30 08:00:00,0.9889015321297392
2019-10-07 08:00:00,0.8087775223735445
2019-10-14 08:00:00,0.8432322113254204
2019-10-21 08:00:00,0.8304217781889303
2019-10-28 08:00:00,0.8307366249679731
2019-11-04 08:00:00,0.8073797071754042
2019-11-11 08:00:00,0.745409562214388
2019-11-18 08:00:00,0.7559999270883505
2019-11-25 08:00:00,0.8073921757122293
2019-12-02 08:00:00,0.8209627855214066
2019-12-09 08:00:00,0.8548313109240807
2019-12-16 08:00:00,0.7971190230159076
2019-12-23 08:00:00,0.8866713033094122
2019-12-30 08:00:00,0.8453666553256582
2020-01-06 08:00:00,0.8514334435463562
2020-01-13 08:00:00,0.7501575393191572
2020-01-20 08:00:00,0.8613230309658313
2020-01-27 08:00:00,0.8455800391222598
2020-02-03 08:00:00,0.9023318913681084
2020-02-10 08:00:00,0.820859072263077
2020-02-17 08:00:00,0.8351544531312265
2020-02-24 08:00:00,0.8967644413457067
2020-03-02 08:00:00,0.8892531637890793
2020-03-09 08:00:00,0.7627830733970544
2020-03-16 08:00:00,0.7742348781871421
2020-03-23 08:00:00,0.865676097115474
2020-03-30 08:00:00,0.7661174484725082
2018-01-01 09:00:00,0.8471088850442833
2018-01-08 09:00:00,0.8637046629150424
2018-01-15 09:00:00,0.9044681627609727
2018-01-22 09:00:00,0.871168632546783
2018-01-29 09:00:00,0.7898905949225118
2018-02-05 09:00:00,0.882607427545345
2018-02-12 09:00:00,0.8299216754499058
2018-02-19 09:00:00,0.8401830092907183
2018-02-26 09:00:00,0.8048035795908404
2018-03-05 09:00:00,0.8766560273966792
2018-03-12 09:00:00,0.809177898838627
2018-03-19 09:00:00,0.8040987291160581
2018-03-26 09:00:00,1.0573134950944125
2018-04-02 09:00:00,1.0868055002686163
2018-04-16 09:00:00,0.8865007289303481
2018-04-23 09:00:00,1.0221153572524861
2018-04-30 09:00:00,0.956238878000245
2018-05-07 09:00:00,0.817770697307731
2018-05-14 09:00:00,0.7846334289033072
2018-05-21 09:00:00,0.9605579476318901
2018-05-28 09:00:00,0.9235368430437529
2018-06-04 09:00:00,0.8250199362140964
2018-06-11 09:00:00,0.8084657932750084
2018-06-18 09:00:00,0.9331737377707053
2018-06-25 09:00:00,0.821054069610399
2018-07-02 09:00:00,0.8287655259228746
2018-07-09 09:00:00,0.884303475891215
2018-07-16 09:00:00,0.9561274580486754
2018-07-23 09:00:00,0.8974088605318062
2018-07-30 09:00:00,0.8517904628675337
2018-08-06 09:00:00,0.8187423430311714
2018-08-13 09:00:00,0.7779754249443693
2018-08-20 09:00:00,0.8555679207677676
2018-08-27 09:00:00,0.9360805502790934
2018-09-03 09:00:00,0.8665962999792469
2018-09-10 09:00:00,0.9530665410645107
2018-09-17 09:00:00,0.847104494780338
2018-09-24 09:00:00,0.8608290526145449
2018-10-01 09:00:00,0.8784769369123631
2018-10-08 09:00:00,0.9319390617154266
2018-10-15 09:00:00,1.0248730281703322
2018-10-22 09:00:00,0.8590301313201691
2018-10-29 09:00:00,0.8568930835982586
2018-11-05 09:00:00,0.8723333286883863
2018-11-12 09:00:00,0.8052778890209704
2018-11-19 09:00:00,0.8217438572129329
2018-11-26 09:00:00,0.8265929536274962
2018-12-03 09:00:00,0.8082334229340719
2018-12-10 09:00:00,0.900384757149049
2018-12-17 09:00:00,0.8056045886100571
2018-12-24 09:00:00,0.9275440375782698
2018-12-31 09:00:00,0.9539307679292554
2019-01-07 09:00:00,0.8854939819517751
2019-01-14 09:00:00,0.8435190093015996
2019-01-21 09:00:00,0.9241475258715195
2019-01-28 09:00:00,0.8241508430523523
2019-02-04 09:00:00,0.8586833776665228
2019-02-11 09:00:00,0.9359185688061711
2019-02-18 09:00:00,0.7918525584604678
2019-02-25 09:00:00,0.7662391347296984
2019-03-04 09:00:00,0.8218677029187973
2019-03-18 09:00:00,0.9052553460783805
2019-03-25 09:00:00,0.8451880032869914
2019-04-01 09:00:00,0.8370306897527366
2019-04-08 09:00:00,0.8404308550497401
2019-04-15 09:00:00,1.0310890105634094
2019-04-22 09:00:00,0.8603547937648502
2019-04-29 09:00:00,0.8128532603049308
2019-05-06 09:00:00,0.9956840873848198
2019-05-13 09:00:00,0.9045150832409101
2019-05-20 09:00:00,0.8795720509197005
2019-05-27 09:00:00,0.9414320582523745
2019-06-10 09:00:00,0.7977598569867812
2019-06-17 09:00:00,0.9715925634727793
2019-06-24 09:00:00,0.8315269459722299
2019-07-01 09:00:00,0.8441244458140014
2019-07-08 09:00:00,0.8254419281023188
2019-07-15 09:00:00,0.9227672035039146
2019-07-22 09:00:00,0.8240945815120772
2019-07-29 09:00:00,0.7775584370587503
2019-08-05 09:00:00,0.798170011078705
2019-08-12 09:00:00,0.8900489803042959
2019-08-19 09:00:00,0.795434712159865
2019-08-26 09:00:00,0.8936938695445713
2019-09-02 09:00:00,0.8918215999402584
2019-09-09 09:00:00,0.7634606366101644
2019-09-16 09:00:00,0.910571768646282
2019-09-23 09:00:00,0.8019032413032174
2019-09-30 09:00:00,0.9607075941238216
2019-10-07 09:00:00,0.8123203285155169
2019-10-14 09:00:00,1.1421256152496684
2019-10-21 09:00:00,0.8465403763610878
2019-10-28 09:00:00,0.7977685876219294
2019-11-04 09:00:00,0.9240959866633753
2019-11-11 09:00:00,0.8479726411993275
2019-11-18 09:00:00,0.7634250054810992
2019-11-25 09:00:00,0.8607328850979676
2019-12-02 09:00:00,0.8551370831166576
2019-12-09 09:00:00,0.8460960513285817
2019-12-16 09:00:00,0.856671521410949
2019-12-23 09:00:00,0.91727995821199
2019-12-30 09:00:00,0.8559309503100662
2020-01-06 09:00:00,0.8901713520673215
2020-01-13 09:00:00,0.8709953512835856
2020-01-20 09:00:00,0.9517157365733415
2020-01-27 09:00:00,0.8699751521735214
2020-02-03 09:00:00,0.8951088342784669
2020-02-10 09:00:00,0.908078344772061
2020-02-17 09:00:00,0.9529778786823566
2020-02-24 09:00:00,0.932071620137302
2020-03-02 09:00:00,0.8584545151136478
2020-03-09 09:00:00,0.8739313989541199
2020-03-16 09:00:00,0.8334496614463692
2020-03-23 09:00:00,0.8699424559276577
2020-03-30 09:00:00,0.9430393346333341
2018-01-01 10:00:00,1.1230650466429581
2018-01-08 10:00:00,0.9498493417488895
2018-01-15 10:00:00,0.8162413749155473
2018-01-22 10:00:00,0.8859349922063526
2018-01-29 10:00:00,0.8425394760507556
2018-02-05 10:00:00,0.9123589717936048
2018-02-12 10:00:00,0.9203115919116418
2018-02-19 10:00:00,0.930455785934971
2018-02-26 10:00:00,0.8727920670173578
2018-03-05 10:00:00,0.8859679845486531
2018-03-12 10:00:00,0.8655327491817624
2018-03-19 10:00:00,0.8180637153853498
2018-03-26 10:00:00,0.9553860597439805
2018-04-02 10:00:00,0.957048088137
2018-04-09 10:00:00,0.873382755838431
2018-04-16 10:00:00,0.8943566525960067
2018-04-23 10:00:00,0.8401672324766147
2018-04-30 10:00:00,0.8103878882436523
2018-05-14 10:00:00,0.8801837553306124
2018-05-21 10:00:00,0.932372364415406
2018-05-28 10:00:00,0.8325281760369847
2018-06-04 10:00:00,0.8462225301935511
2018-06-11 10:00:00,0.8030749725351982
2018-06-18 10:00:00,0.9307413337654108
2018-06-25 10:00:00,0.8754667920515705
2018-07-02 10:00:00,0.7782254213417029
2018-07-09 10:00:00,0.7841900515454296
2018-07-16 10:00:00,0.8077895146425523
2018-07-23 10:00:00,0.8556669542453021
2018-07-30 10:00:00,0.9623634556052314
2018-08-06 10:00:00,0.7879500703729987
2018-08-13 10:00:00,0.7735247669587156
2018-08-20 10:00:00,0.9600889614747914
2018-08-27 10:00:00,0.8102826153526195
2018-09-03 10:00:00,0.8702667575128711
2018-09-10 10:00:00,0.80474222281392
2018-09-17 10:00:00,0.7852168726331695
2018-09-24 10:00:00,0.8028979747675681
2018-10-01 10:00:00,0.8428589556741587
2018-10-08 10:00:00,0.7895965515244506
2018-10-15 10:00:00,0.8991466203539422
2018-10-22 10:00:00,0.8078669896667459
2018-10-29 10:00:00,0.7952888192831586
2018-11-05 10:00:00,0.8031406763341054
2018-11-12 10:00:00,0.8271977744184791
2018-11-19 10:00:00,0.8064335469615684
2018-11-26 10:00:00,0.799915483592025
2018-12-03 10:00:00,0.9539123396411321
2018-12-10 10:00:00,0.9449116387980989
2018-12-17 10:00:00,0.7929535373869379
2018-12-24 10:00:00,0.8083069925592017
2018-12-31 10:00:00,0.8654650641139733
2019-01-07 10:00:00,0.88325131794384
2019-01-14 10:00:00,0.7615960878389918
2019-01-21 10:00:00,0.8849630895817209
2019-01-28 10:00:00,0.7725137975902084
2019-02-04 10:00:00,0.8104504018367481
2019-02-11 10:00:00,0.8602933409688509
2019-02-18 10:00:00,0.7766563176720364
2019-02-25 10:00:00,0.7911017991166358
2019-03-04 10:00:00,0.7643595965080578
2019-03-18 10:00:00,0.8311317825700072
2019-03-25 10:00:00,0.8502715119857668
2019-04-01 10:00:00,0.7238549684948858
2019-04-08 10:00:00,0.795951527167101
2019-04-15 10:00:00,0.8543088595174971
2019-04-22 10:00:00,0.9102064966573102
2019-04-29 10:00:00,0.8582161051007053
2019-05-06 10:00:00,0.8657840269147506
2019-05-13 10:00:00,0.8015612212940667
2019-05-20 10:00:00,0.812110903029266
2019-05-27 10:00:00,0.8029768517791503
2019-06-10 10:00:00,0.8471886826014021
2019-06-17 10:00:00,0.8905804122148467
2019-06-24 10:00:00,0.7657582116016214
2019-07-01 10:00:00,0.7657099024678532
2019-07-08 10:00:00,0.8314323714667752
2019-07-15 10:00:00,0.7720062954330602
2019-07-22 10:00:00,0.7597521748882312
2019-07-29 10:00:00,0.7845515496621349
2019-08-05 10:00:00,0.7996200857381244
2019-08-12 10:00:00,0.8261861070875338
2019-08-19 10:00:00,0.7641613576389966
2019-08-26 10:00:00,0.8848530727207027
2019-09-02 10:00:00,0.8146932550302296
2019-09-09 10:00:00,0.7846076211036271
2019-09-16 10:00:00,0.902161657140233
2019-09-23 10:00:00,0.7956219815332348
2019-09-30 10:00:00,0.837093591130707
2019-10-07 10:00:00,0.7984885587889025
2019-10-14 10:00:00,0.8069382758497857
2019-10-21 10:00:00,0.878024506477768
2019-10-28 10:00:00,0.841453558407109
2019-11-04 10:00:00,0.8593029314700296
2019-11-11 10:00:00,0.8287752360609872
2019-11-18 10:00:00,0.8075390368254578
2019-11-25 10:00:00,0.8195293717447966
2019-12-02 10:00:00,0.8791803626389352
2019-12-09 10:00:00,0.8244349361612823
2019-12-16 10:00:00,0.7906314228322103
2019-12-23 10:00:00,0.7627102019406112
2019-12-30 10:00:00,0.8623936280524142
2020-01-06 10:00:00,0.8235846584703709
2020-01-13 10:00:00,0.8376852922351464
2020-01-20 10:00:00,0.8276946020719046
2020-01-27 10:00:00,0.8562322538090414
2020-02-03 10:00:00,0.8524394995333507
2020-02-10 10:00:00,0.8259565095392015
2020-02-17 10:00:00,0.7738957109781013
2020-02-24 10:00:00,0.7961093609386899
2020-03-02 10:00:00,0.9202205944585774
2020-03-09 10:00:00,0.9568634177362993
2020-03-16 10:00:00,0.7521732074480195
2020-03-23 10:00:00,0.8697577080579607
2020-03-30 10:00:00,0.8626210678725822
2018-01-01 11:00:00,1.09902885257216
2018-01-08 11:00:00,0.9327007257499337
2018-01-15 11:00:00,0.8657633409840336
2018-01-22 11:00:00,0.75539139889607
2018-01-29 11:00:00,0.784707062286687
2018-02-05 11:00:00,0.761265887919898
2018-02-12 11:00:00,0.7930731465610988
2018-02-19 11:00:00,0.849143203643663
2018-02-26 11:00:00,0.8246195076909137
2018-03-05 11:00:00,0.9190939692105028
2018-03-12 11:00:00,0.8193421335246096
2018-03-19 11:00:00,0.8587487993096555
2018-03-26 11:00:00,0.7982485177560658
2018-04-02 11:00:00,0.8037286388544795
2018-04-09 11:00:00,0.8731923406982158
2018-04-16 11:00:00,0.8371488199690245
2018-04-23 11:00:00,0.8424009746327964
2018-04-30 11:00:00,0.7349019285465093
2018-05-07 11:00:00,0.8359590222042437
2018-05-14 11:00:00,0.8949324337901517
2018-05-21 11:00:00,0.8197032743872001
2018-05-28 11:00:00,0.7843398252025605
2018-06-04 11:00:00,0.8208063477285157
2018-06-11 11:00:00,0.8991792578538969
2018-06-18 11:00:00,1.0519237134748516
2018-06-25 11:00:00,0.8387619764081491
2018-07-02 11:00:00,0.8235261205278629
2018-07-09 11:00:00,0.789705516068037
2018-07-16 11:00:00,0.8187831356756811
2018-07-23 11:00:00,0.8886142727278055
2018-07-30 11:00:00,0.8556922932957196
2018-08-06 11:00:00,0.914494716216733
2018-08-13 11:00:00,0.895556322829571
2018-08-20 11:00:00,0.9187969421423801
2018-08-27 11:00:00,0.771808340494127
2018-09-03 11:00:00,0.9293443238653977
2018-09-10 11:00:00,0.8448889390747999
2018-09-17 11:00:00,1.02429399157455
2018-09-24 11:00:00,0.8358924362915218
2018-10-01 11:00:00,0.7260222223126686
2018-10-08 11:00:00,0.8972923037797467
2018-10-15 11:00:00,0.8088107995606755
2018-10-22 11:00:00,0.779425178904944
2018-10-29 11:00:00,0.7253032213341809
2018-11-05 11:00:00,0.839044935339707
2018-11-12 11:00:00,0.796712782793569
2018-11-19 11:00:00,0.7944655011593061
2018-12-03 11:00:00,0.855685874033802
2018-12-10 11:00:00,0.9198729424421364
2018-12-17 11:00:00,0.8441171006393527
2018-12-24 11:00:00,0.7692767145805327
2018-12-31 11:00:00,0.7721516865598144
2019-01-07 11:00:00,0.8811555238209307
2019-01-14 11:00:00,0.8337006045536998
2019-01-21 11:00:00,0.8445387523788451
2019-01-28 11:00:00,0.8262429479428068
2019-02-04 11:00:00,0.9374890740008581
2019-02-11 11:00:00,0.8422618448653311
2019-02-18 11:00:00,0.9943349859515692
2019-02-25 11:00:00,0.7884433775989695
2019-03-18 11:00:00,0.7608726547577782
2019-03-25 11:00:00,0.8536584783329173
2019-04-01 11:00:00,0.7221755561745645
2019-04-08 11:00:00,0.7899523917988281
2019-04-15 11:00:00,0.8375493783208582
2019-04-22 11:00:00,0.9004344966945147
2019-04-29 11:00:00,0.7726626358367862
2019-05-06 11:00:00,0.9069940646378347
2019-05-13 11:00:00,0.7638402137987667
2019-05-20 11:00:00,0.8271456328673387
2019-05-27 11:00:00,0.8375750494849908
2019-06-10 11:00:00,0.8715652723124654
2019-06-17 11:00:00,0.8518920514611844
2019-06-24 11:00:00,0.8765846252080214
2019-07-01 11:00:00,0.8380953399542932
2019-07-08 11:00:00,0.8515203985430024
2019-07-15 11:00:00,0.9273176241035399
2019-07-22 11:00:00,0.7260219463891904
2019-07-29 11:00:00,0.8302717769276189
2019-08-05 11:00:00,0.7864565972952002
2019-08-12 11:00:00,0.8982942844288012
2019-08-19 11:00:00,0.7785449801733513
2019-08-26 11:00:00,1.0047338878813679
2019-09-02 11:00:00,0.8506167979570345
2019-09-09 11:00:00,0.8063873060318378
2019-09-16 11:00:00,0.8468271453768588
2019-09-23 11:00:00,0.9056343022519956
2019-09-30 11:00:00,0.8486019680309295
2019-10-07 11:00:00,0.7850168441643596
2019-10-14 11:00:00,0.859762436020817
2019-10-21 11:00:00,0.8736900884341156
2019-10-28 11:00:00,0.8782426172355713
2019-11-04 11:00:00,0.8388261124591428
2019-11-11 11:00:00,0.8320626376985975
2019-11-18 11:00:00,0.8920075414992442
2019-11-25 11:00:00,0.881971736789291
2019-12-02 11:00:00,0.8216267753607867
2019-12-09 11:00:00,0.7954209592498039
2019-12-16 11:00:00,0.8523859310337916
2019-12-23 11:00:00,0.8388921383690121
2019-12-30 11:00:00,0.864719295274603
2020-01-06 11:00:00,0.9011246057922597
2020-01-13 11:00:00,0.8676602867913893
2020-01-20 11:00:00,0.8250458124133229
2020-01-27 11:00:00,0.910520789517732
2020-02-03 11:00:00,0.9121470165798354
2020-02-10 11:00:00,0.7997158937900325
2020-02-17 11:00:00,0.8007866346814796
2020-02-24 11:00:00,0.811040221437772
2020-03-02 11:00:00,0.9399138740695818
2020-03-09 11:00:00,0.8149346327314241
2020-03-16 11:00:00,0.7725973925047023
2020-03-23 11:00:00,0.8690760269675069
2020-03-30 11:00:00,0.7943745576045101
2018-01-01 12:00:00,0.8813307111340061
2018-01-08 12:00:00,0.8282607811339262
2018-01-15 12:00:00,0.9192450000113398
2018-01-22 12:00:00,0.8031780183309883
2018-01-29 12:00:00,0.765082013678285
2018-02-05 12:00:00,0.7879115481597194
2018-02-12 12:00:00,0.8079159384373709
2018-02-19 12:00:00,0.9418918371558352
2018-02-26 12:00:00,0.8068322712073086
2018-03-05 12:00:00,0.8187480306217241
2018-03-12 12:00:00,0.7908388786454355
2018-03-19 12:00:00,0.7915025744506158
2018-03-26 12:00:00,0.8559707419345651
2018-04-02 12:00:00,0.868022264790286
2018-04-09 12:00:00,0.8513892596074191
2018-04-16 12:00:00,0.887479419172789
2018-04-23 12:00:00,0.9027522905783872
2018-04-30 12:00:00,0.7786415771870344
2018-05-07 12:00:00,0.8774423179056728
2018-05-14 12:00:00,0.9078213522642268
2018-05-21 12:00:00,0.7789552485079237
2018-05-28 12:00:00,0.8145492338600203
2018-06-04 12:00:00,0.8678746441271514
2018-06-11 12:00:00,0.8342110090225217
2018-06-18 12:00:00,0.7630649174612382
2018-06-25 12:00:00,0.9595741016735833
2018-07-02 12:00:00,0.8975594208552471
2018-07-09 12:00:00,0.8862610441438392
2018-07-16 12:00:00,0.8802507730956424
2018-07-23 12:00:00,0.8710380073731515
2018-07-30 12:00:00,0.8300349205696377
2018-08-06 12:00:00,1.042961238709955
2018-08-13 12:00:00,0.8142517795357175
2018-08-20 12:00:00,0.7763561126910191
2018-08-27 12:00:00,0.899851089700453
2018-09-03 12:00:00,0.8472090780034626
2018-09-10 12:00:00,0.8800344352339948
2018-09-17 12:00:00,0.7568690372003131
2018-09-24 12:00:00,0.903725929264914
2018-10-01 12:00:00,0.9376401793107352
2018-10-08 12:00:00,0.9120182592383643
2018-10-15 12:00:00,0.8697678858107445
2018-10-22 12:00:00,0.797391749203687
2018-10-29 12:00:00,0.8963704992989336
2018-11-05 12:00:00,0.8513023565953781
2018-11-12 12:00:00,0.8790592728599378
2018-11-19 12:00:00,0.9648397151340405
2018-11-26 12:00:00,0.8082143881676757
2018-12-03 12:00:00,0.8688171253112731
2018-12-10 12:00:00,0.9285838906472348
2018-12-17 12:00:00,0.7919268600784176
2018-12-24 12:00:00,0.9556002686455257
2018-12-31 12:00:00,0.9778565429714282
2019-01-07 12:00:00,0.9111261809965144
2019-01-14 12:00:00,0.8618543404765522
2019-01-21 12:00:00,0.8713049709612782
2019-01-28 12:00:00,0.9465482164582428
2019-02-04 12:00:00,1.058223646463098
2019-02-11 12:00:00,0.8753431177936499
2019-02-18 12:00:00,0.8218244104691407
2019-02-25 12:00:00,0.8512874714377798
2019-03-04 12:00:00,0.8253838686524793
2019-03-11 12:00:00,0.9188727351394717
2019-03-18 12:00:00,0.8130209064943807
2019-03-25 12:00:00,0.8004492710293273
2019-04-01 12:00:00,0.7786034344248088
2019-04-08 12:00:00,0.8016330857811177
2019-04-15 12:00:00,1.0889420390398508
2019-04-22 12:00:00,0.7819104385322586
2019-04-29 12:00:00,0.8300350283910517
2019-05-06 12:00:00,0.7340236739027038
2019-05-13 12:00:00,0.8616429979186996
2019-05-20 12:00:00,0.7933811452133654
2019-05-27 12:00:00,0.798204715623542
2019-06-10 12:00:00,0.8328807466704526
2019-06-17 12:00:00,0.9947850794811146
2019-06-24 12:00:00,0.8461317488158887
2019-07-01 12:00:00,0.8673381242848988
2019-07-08 12:00:00,0.834503256174237
2019-07-15 12:00:00,0.7163895455847672
2019-07-22 12:00:00,1.0250418387322884
2019-07-29 12:00:00,0.9096569863797342
2019-08-05 12:00:00,0.8225245013705097
2019-08-12 12:00:00,0.9604670267290474
2019-08-19 12:00:00,1.0119121113546186
2019-08-26 12:00:00,0.8485565651586208
2019-09-02 12:00:00,0.8780636292322892
2019-09-09 12:00:00,0.9419367170217908
2019-09-16 12:00:00,0.8292936636714466
2019-09-23 12:00:00,0.9350698469915575
2019-09-30 12:00:00,0.9133155187358286
2019-10-07 12:00:00,1.0529165640825815
2019-10-14 12:00:00,0.7958909466990286
2019-10-21 12:00:00,0.8230050551902264
2019-10-28 12:00:00,0.8365050843181794
2019-11-04 12:00:00,0.9096892871323166
2019-11-11 12:00:00,0.8562488646061889
2019-11-18 12:00:00,0.7630108615042634
2019-11-25 12:00:00,0.8061455777693384
2019-12-02 12:00:00,1.0119095482789089
2019-12-09 12:00:00,0.8326317841994733
2019-12-16 12:00:00,0.8652458529021488
2019-12-23 12:00:00,0.8339059835536369
2019-12-30 12:00:00,0.7906928367806342
2020-01-06 12:00:00,0.8567393235636911
2020-01-13 12:00:00,1.04133042479933
2020-01-20 12:00:00,0.8831429539803157
2020-01-27 12:00:00,0.9635554301305338
2020-02-03 12:00:00,0.7792083290510132
2020-02-10 12:00:00,0.9214843457380146
2020-02-17 12:00:00,0.858604100673854
2020-02-24 12:00:00,0.889994436048565
2020-03-02 12:00:00,0.8778765688714381
2020-03-09 12:00:00,0.7755348023116372
2020-03-16 12:00:00,0.8380448957112588
2020-03-23 12:00:00,0.7917811867398972
2020-03-30 12:00:00,0.9167026321823013
2018-01-01 13:00:00,0.9965556032790546
2018-01-08 13:00:00,0.8238347342122355
2018-01-15 13:00:00,0.8638465234865088
2018-01-22 13:00:00,0.762072388872943
2018-01-29 13:00:00,0.9186082973510554
2018-02-05 13:00:00,0.8362629380727487
2018-02-12 13:00:00,0.8836683590273018
2018-02-19 13:00:00,0.8059824229608508
2018-02-26 13:00:00,0.8473820336689024
2018-03-05 13:00:00,0.8725461238113894
2018-03-12 13:00:00,0.8193036120282373
2018-03-19 13:00:00,0.8407309581945824
2018-03-26 13:00:00,0.8405634013612651
2018-04-02 13:00:00,0.8166828833970433
2018-04-09 13:00:00,0.8083122589159627
2018-04-16 13:00:00,0.8645678286991062
2018-04-23 13:00:00,0.9920760841946202
2018-04-30 13:00:00,0.9390419731172778
2018-05-07 13:00:00,0.9370084567416195
2018-05-14 13:00:00,0.8788308666121186
2018-05-21 13:00:00,0.8931653140644278
2018-05-28 13:00:00,1.022309423019897
2018-06-04 13:00:00,0.8612969521488447
2018-06-11 13:00:00,0.8725711594851328
2018-06-18 13:00:00,0.8065189667230637
2018-06-25 13:00:00,0.904361642846154
2018-07-02 13:00:00,0.788171447133728
2018-07-09 13:00:00,0.8957432432466541
2018-07-16 13:00:00,0.7810774829139777
2018-07-23 13:00:00,0.7047710701703077
2018-07-30 13:00:00,0.885395897464207
2018-08-06 13:00:00,0.8222902591506528
2018-08-13 13:00:00,0.8364066002307744
2018-08-20 13:00:00,0.781006076240506
2018-08-27 13:00:00,0.8046618649283408
2018-09-03 13:00:00,0.9035988304037817
2018-09-10 13:00:00,0.9922502993864234
2018-09-17 13:00:00,0.7986032241211208
2018-09-24 13:00:00,0.8361580703419202
2018-10-01 13:00:00,0.8676485063510592
2018-10-08 13:00:00,0.7559608326204846
2018-10-15 13:00:00,0.8273743733341079
2018-10-22 13:00:00,0.9075762005736802
2018-10-29 13:00:00,0.8662473253285125
2018-11-05 13:00:00,0.801159747012644
2018-11-12 13:00:00,0.8337675237404353
2018-11-19 13:00:00,0.9027721912232469
2018-11-26 13:00:00,0.9970731162124732
2018-12-03 13:00:00,0.9222548217266511
2018-12-10 13:00:00,0.7444986827121522
2018-12-17 13:00:00,0.8265610077417732
2018-12-24 13:00:00,0.8251804524959951
2018-12-31 13:00:00,0.7129566107697792
2019-01-07 13:00:00,0.8109172957293274
2019-01-14 13:00:00,0.866330845436914
2019-01-21 13:00:00,0.7993274655277215
2019-01-28 13:00:00,0.9130755922104626
2019-02-04 13:00:00,0.7531870663377106
2019-02-11 13:00:00,0.9077221000685681
2019-02-18 13:00:00,0.9597500900543469
2019-02-25 13:00:00,0.8409033784098147
2019-03-04 13:00:00,0.8801379821633476
2019-03-11 13:00:00,0.9211981821401451
2019-03-18 13:00:00,0.8871379942410618
2019-03-25 13:00:00,0.8758795727750941
2019-04-01 13:00:00,0.7709423592346505
2019-04-08 13:00:00,0.8749501255251112
2019-04-15 13:00:00,0.7789928744492229
2019-04-22 13:00:00,0.8153840554054246
2019-04-29 13:00:00,0.9254391480620455
2019-05-06 13:00:00,0.7948244988900591
2019-05-13 13:00:00,0.8195735003365439
2019-05-20 13:00:00,0.8563408306033942
2019-05-27 13:00:00,0.8117233787058076
2019-06-10 13:00:00,0.9139315893381702
2019-06-17 13:00:00,0.826359989406622
2019-06-24 13:00:00,1.0169926433863787
2019-07-01 13:00:00,0.9195399364934638
2019-07-08 13:00:00,0.8626577069044167
2019-07-15 13:00:00,0.8925038348838126
2019-07-22 13:00:00,0.8106316378798442
2019-07-29 13:00:00,0.8041913756952509
2019-08-05 13:00:00,0.8618448938568485
2019-08-12 13:00:00,1.059709832281308
2019-08-19 13:00:00,0.8424775288018246
2019-08-26 13:00:00,0.8889684390758734
2019-09-02 13:00:00,0.8801920909867862
2019-09-09 13:00:00,0.7085577602991846
2019-09-16 13:00:00,0.8232486067969783
2019-09-23 13:00:00,1.0554991586664697
2019-09-30 13:00:00,1.0057181112862181
2019-10-07 13:00:00,0.8282005543212662
2019-10-14 13:00:00,0.8179619678664253
2019-10-21 13:00:00,0.836943766029725
2019-10-28 13:00:00,1.1918977930679764
2019-11-04 13:00:00,0.8107903484922465
2019-11-11 13:00:00,0.7561723818945324
2019-11-18 13:00:00,0.8584625520124322
2019-11-25 13:00:00,0.8754035669766589
2019-12-02 13:00:00,0.8393380564448567
2019-12-09 13:00:00,0.8082790787142964
2019-12-16 13:00:00,0.7536758537766431
2019-12-23 13:00:00,0.9206255321763166
2019-12-30 13:00:00,0.8436094527015079
2020-01-06 13:00:00,0.7289482966427125
2020-01-20 13:00:00,0.8205893310664293
2020-01-27 13:00:00,0.771255019385999
2020-02-03 13:00:00,1.0703368072672694
2020-02-10 13:00:00,0.8984615015849828
2020-02-17 13:00:00,0.8144263123848348
2020-02-24 13:00:00,0.7687528869718834
2020-03-02 13:00:00,0.7472191615553544
2020-03-09 13:00:00,0.9452336453855449
2020-03-16 13:00:00,0.8747769303822974
2020-03-23 13:00:00,0.8242709386110794
2020-03-30 13:00:00,1.1679439369167959
2018-01-01 14:00:00,0.7646411113846197
2018-01-08 14:00:00,0.7899225744055333
2018-01-15 14:00:00,0.7579598589712522
2018-01-22 14:00:00,0.9310174884593416
2018-01-29 14:00:00,0.955141985852063
2018-02-05 14:00:00,0.7872002435469797
2018-02-12 14:00:00,0.8468559172987472
2018-02-19 14:00:00,0.8066747498859478
2018-02-26 14:00:00,0.8500572277716029
2018-03-05 14:00:00,0.8962888257927168
2018-03-12 14:00:00,0.8578189260265762
2018-03-19 14:00:00,0.8801006184981113
2018-03-26 14:00:00,0.9687741475401326
2018-04-02 14:00:00,0.8753267245557287
2018-04-09 14:00:00,1.111190293915689
2018-04-16 14:00:00,0.8157357550072034
2018-04-23 14:00:00,0.8085649793876243
2018-04-30 14:00:00,0.7466484551214038
2018-05-07 14:00:00,0.9906684983656932
2018-05-14 14:00:00,0.8548270514717249
2018-05-21 14:00:00,0.8435876842502754
2018-05-28 14:00:00,0.8191340730656076
2018-06-04 14:00:00,0.738612162865068
2018-06-11 14:00:00,0.8525136136447476
2018-06-18 14:00:00,0.8611723654464885
2018-06-25 14:00:00,0.8008065569666604
2018-07-02 14:00:00,0.9436869950462062
2018-07-09 14:00:00,0.9232220548307417
2018-07-16 14:00:00,0.8033569282723899
2018-07-23 14:00:00,0.7952691023568574
2018-07-30 14:00:00,0.9009606460338251
2018-08-06 14:00:00,0.7504064651199023
2018-08-13 14:00:00,0.8753117010641817
2018-08-20 14:00:00,0.8659868865860404
2018-08-27 14:00:00,0.8285639577550205
2018-09-03 14:00:00,1.0023865906414131
2018-09-10 14:00:00,1.1252553711195785
2018-09-17 14:00:00,1.1510295121143892
2018-09-24 14:00:00,0.8692388123434218
2018-10-01 14:00:00,0.7195751676583125
2018-10-08 14:00:00,1.0161717572709936
2018-10-15 14:00:00,1.0674810481626806
2018-10-22 14:00:00,0.9757483777701562
2018-10-29 14:00:00,0.7713929246839253
2018-11-05 14:00:00,0.9599249397122099
2018-11-12 14:00:00,0.7248105598494867
2018-11-19 14:00:00,1.1768358115802753
2018-11-26 14:00:00,0.8572117228111217
2018-12-03 14:00:00,0.8273403272084429
2018-12-10 14:00:00,0.8635232873218572
2018-12-17 14:00:00,0.9068015581157297
2018-12-24 14:00:00,1.2517015537492782
2018-12-31 14:00:00,0.9376889242062404
2019-01-07 14:00:00,0.827594163399894
2019-01-14 14:00:00,0.7906064803216581
2019-01-21 14:00:00,0.8425391547530822
2019-01-28 14:00:00,0.8345026991397265
2019-02-04 14:00:00,0.8822849504815989
2019-02-11 14:00:00,0.7647789614068341
2019-02-18 14:00:00,0.7818609965076124
2019-02-25 14:00:00,0.8226966541150631
2019-03-11 14:00:00,0.8143864076041138
2019-03-18 14:00:00,0.7935909230338597
2019-03-25 14:00:00,0.7503045536034341
2019-04-01 14:00:00,0.8651772800297793
2019-04-08 14:00:00,0.8319884188806012
2019-04-15 14:00:00,0.9648959352650116
2019-04-22 14:00:00,0.9764470933052865
2019-04-29 14:00:00,0.7805063827122077
2019-05-06 14:00:00,0.8236421857994467
2019-05-13 14:00:00,0.7816944208022721
2019-05-20 14:00:00,0.8909559458343446
2019-05-27 14:00:00,0.8381362388945519
2019-06-10 14:00:00,1.0651574942979616
2019-06-17 14:00:00,0.818587072943142
2019-06-24 14:00:00,0.9332097481897201
2019-07-01 14:00:00,0.7713777765819442
2019-07-08 14:00:00,0.8576109227622309
2019-07-15 14:00:00,0.7703710389716036
2019-07-22 14:00:00,0.7318347358083472
2019-07-29 14:00:00,1.0337965426754716
2019-08-05 14:00:00,0.8738435246293806
2019-08-12 14:00:00,1.0913833487412254
2019-08-19 14:00:00,0.8479929652986602
2019-08-26 14:00:00,0.8086840217148683
2019-09-02 14:00:00,0.8103623514715956
2019-09-09 14:00:00,1.1683260332972052
2019-09-16 14:00:00,0.8570242184021043
2019-09-23 14:00:00,0.8776827028594292
2019-09-30 14:00:00,1.1928768604416693
2019-10-07 14:00:00,0.8626076087069767
2019-10-14 14:00:00,0.7749071110766582
2019-10-21 14:00:00,0.778966085002182
2019-10-28 14:00:00,0.9036626029864492
2019-11-04 14:00:00,0.7841892468321329
2019-11-11 14:00:00,0.8846769977526052
2019-11-18 14:00:00,0.8087684263932461
2019-11-25 14:00:00,0.7744266272430849
2019-12-02 14:00:00,0.8098468494395891
2019-12-09 14:00:00,0.8205345695085768
2019-12-16 14:00:00,0.8423301432168824
2019-12-23 14:00:00,0.7571415604354456
2019-12-30 14:00:00,0.7645283933600044
2020-01-06 14:00:00,0.7343786792944073
2020-01-13 14:00:00,0.8878109364009982
2020-01-20 14:00:00,0.7719422121237117
2020-01-27 14:00:00,0.9509842301665132
2020-02-03 14:00:00,0.7315948968331367
2020-02-10 14:00:00,0.8827724788261372
2020-02-17 14:00:00,0.7568661337452414
2020-02-24 14:00:00,0.8764717524664201
2020-03-02 14:00:00,0.8918369929933871
2020-03-09 14:00:00,0.8339536206763125
2020-03-16 14:00:00,0.9808441034671238
2020-03-23 14:00:00,0.7509880722328375
2020-03-30 14:00:00,0.7894957913528581
2018-01-01 15:00:00,0.7736383731924248
2018-01-08 15:00:00,0.8309543743781507
2018-01-15 15:00:00,1.0465962266884286
2018-01-22 15:00:00,0.8056285174008061
2018-01-29 15:00:00,0.8462430974732947
2018-02-05 15:00:00,0.839298363414425
2018-02-12 15:00:00,0.8602318516298005
2018-02-19 15:00:00,0.7737441279203462
2018-02-26 15:00:00,0.7909791259041035
2018-03-05 15:00:00,0.8047831729033863
2018-03-12 15:00:00,0.9380496124375395
2018-03-19 15:00:00,0.9416773311531629
2018-03-26 15:00:00,0.8832165804260922
2018-04-02 15:00:00,0.7974929784070633
2018-04-09 15:00:00,0.8541581975126781
2018-04-16 15:00:00,0.8049615889130962
2018-04-23 15:00:00,0.8121107101410433
2018-04-30 15:00:00,0.7674886120837481
2018-05-07 15:00:00,0.7519701941284325
2018-05-14 15:00:00,0.852334114332862
2018-05-21 15:00:00,0.777085909144627
2018-05-28 15:00:00,0.9100690284590809
2018-06-04 15:00:00,0.7948646029589932
2018-06-11 15:00:00,0.6893396399721345
2018-06-18 15:00:00,0.8351067566772385
2018-07-02 15:00:00,0.7958235912513221
2018-07-09 15:00:00,0.9635412602201063
2018-07-16 15:00:00,0.7969515498597262
2018-07-23 15:00:00,0.7423655401922119
2018-07-30 15:00:00,0.9432983262795047
2018-08-06 15:00:00,0.9205048396072372
2018-08-13 15:00:00,0.8885365227719864
2018-08-20 15:00:00,0.821337537920428
2018-08-27 15:00:00,0.8463369667884553
2018-09-03 15:00:00,1.002051350254366
2018-09-10 15:00:00,0.8350120632886069
2018-09-17 15:00:00,0.810466563992473
2018-09-24 15:00:00,0.9584429822137697
2018-10-01 15:00:00,0.8643677473056095
2018-10-08 15:00:00,0.8490085542280535
2018-10-15 15:00:00,0.8069900868069256
2018-10-22 15:00:00,0.8184694435919994
2018-10-29 15:00:00,0.8703351351636871
2018-11-05 15:00:00,0.8645904369931572
2018-11-12 15:00:00,0.8199141891304476
2018-11-19 15:00:00,0.8235833753240521
2018-11-26 15:00:00,0.7308807283737078
2018-12-03 15:00:00,1.1137769223131457
2018-12-10 15:00:00,0.7621890300577969
2018-12-17 15:00:00,1.0108545598636247
2018-12-24 15:00:00,0.7611817875895501
2018-12-31 15:00:00,0.7536016631105387
2019-01-07 15:00:00,0.8356701732320603
2019-01-14 15:00:00,0.9701834286859707
2019-01-21 15:00:00,0.801020667074409
2019-01-28 15:00:00,1.0833653286283071
2019-02-04 15:00:00,0.747218652956288
2019-02-11 15:00:00,0.7307925690147927
2019-02-18 15:00:00,0.7999798272767951
2019-02-25 15:00:00,0.7784329794241538
2019-03-04 15:00:00,0.8750740479550698
2019-03-11 15:00:00,0.8782927630778005
2019-03-18 15:00:00,0.8415529253672791
2019-03-25 15:00:00,0.8685923158940365
2019-04-01 15:00:00,0.8652752155266917
2019-04-08 15:00:00,0.8521609636827445
2019-04-15 15:00:00,1.0140287566854818
2019-04-22 15:00:00,0.9644725954146269
2019-04-29 15:00:00,0.8305810837259546
2019-05-06 15:00:00,0.9802003288470842
2019-05-13 15:00:00,0.8129855925934328
2019-05-20 15:00:00,1.0623165772254435
2019-06-10 15:00:00,0.9042312617035396
2019-06-24 15:00:00,0.8758132022741246
2019-07-01 15:00:00,0.9053148434037244
2019-07-08 15:00:00,0.7632723977401573
2019-07-15 15:00:00,0.8485946553515681
2019-07-22 15:00:00,0.7861420691890789
2019-07-29 15:00:00,0.7652303384425864
2019-08-05 15:00:00,0.9160542811394199
2019-08-12 15:00:00,0.7962086333417607
2019-08-19 15:00:00,0.7621009482663413
2019-08-26 15:00:00,0.9156479058942834
2019-09-02 15:00:00,0.861618580120431
2019-09-09 15:00:00,0.8431234939214431
2019-09-16 15:00:00,0.855247376378302
2019-09-23 15:00:00,0.8633168238057397
2019-09-30 15:00:00,0.7580054125756771
2019-10-07 15:00:00,0.8720922204511455
2019-10-14 15:00:00,1.025950538655701
2019-10-21 15:00:00,0.7648168460505907
2019-10-28 15:00:00,1.1039404296097783
2019-11-04 15:00:00,0.7545191186569639
2019-11-11 15:00:00,0.8454306191484752
2019-11-18 15:00:00,0.8610426504540578
2019-11-25 15:00:00,0.7493691239480843
2019-12-02 15:00:00,0.7917385665430988
2019-12-09 15:00:00,0.8953123820195853
2019-12-16 15:00:00,0.8212363018042899
2019-12-23 15:00:00,0.8365604202747824
2019-12-30 15:00:00,0.7856376078077697
2020-01-06 15:00:00,0.7225936392542677
2020-01-13 15:00:00,1.1201054080963126
2020-01-20 15:00:00,0.9303922394794959
2020-01-27 15:00:00,0.7226986962463992
2020-02-03 15:00:00,0.7677802603766974
2020-02-10 15:00:00,0.8005777269629192
2020-02-17 15:00:00,1.153985964427525
2020-02-24 15:00:00,1.0482152178233803
2020-03-02 15:00:00,0.8392583342761039
2020-03-09 15:00:00,0.7876420823473025
2020-03-16 15:00:00,0.8749302054288852
2020-03-23 15:00:00,1.0273166141297714
2020-03-30 15:00:00,0.8966680187440595
2018-01-01 16:00:00,0.8501629336898691
2018-01-08 16:00:00,0.8448630429836568
2018-01-15 16:00:00,1.011541093281198
2018-01-22 16:00:00,0.8304901846451421
2018-01-29 16:00:00,0.749566654572808
2018-02-12 16:00:00,0.7803735021312851
2018-02-19 16:00:00,1.0228707856099086
2018-02-26 16:00:00,1.0574208321265004
2018-03-05 16:00:00,0.8969470793436453
2018-03-12 16:00:00,0.8503568138526474
2018-03-19 16:00:00,0.8055882757347912
2018-03-26 16:00:00,0.8200841218147539
2018-04-02 16:00:00,0.8896394520834136
2018-04-09 16:00:00,0.8605847977662723
2018-04-16 16:00:00,1.1910056227776338
2018-04-23 16:00:00,0.7571538832364036
2018-04-30 16:00:00,0.7227049342221965
2018-05-07 16:00:00,0.7835406278607706
2018-05-21 16:00:00,0.8991724949160167
2018-05-28 16:00:00,0.7726540875931359
2018-06-04 16:00:00,0.7625300508234885
2018-06-11 16:00:00,0.9878980865502052
2018-06-18 16:00:00,0.841230677425903
2018-06-25 16:00:00,1.0448662133187505
2018-07-02 16:00:00,0.8121347726774477
2018-07-09 16:00:00,0.8247905791914887
2018-07-16 16:00:00,0.7948253990540072
2018-07-23 16:00:00,1.1104616034712846
2018-07-30 16:00:00,1.0519897447291813
2018-08-06 16:00:00,0.9759540711155666
2018-08-13 16:00:00,0.8113989760195618
2018-08-20 16:00:00,0.9927464154267382
2018-08-27 16:00:00,0.8117593946640907
2018-09-03 16:00:00,0.7936635583229584
2018-09-10 16:00:00,0.9691570470085117
2018-09-17 16:00:00,0.7839897992300932
2018-09-24 16:00:00,0.9743410276582575
2018-10-01 16:00:00,0.8041404931101144
2018-10-08 16:00:00,0.9216589830702864
2018-10-15 16:00:00,0.7269326516965025
2018-10-22 16:00:00,0.8202590532137842
2018-10-29 16:00:00,0.7222609632070286
2018-11-05 16:00:00,0.8001801327011145
2018-11-12 16:00:00,0.7231141021920583
2018-11-19 16:00:00,1.4197343897119288
2018-11-26 16:00:00,0.944875155609772
2018-12-03 16:00:00,1.0387262705564264
2018-12-10 16:00:00,0.882401369818256
2018-12-17 16:00:00,0.9190496945341999
2018-12-24 16:00:00,0.9570022758757492
2018-12-31 16:00:00,0.8444248076126936
2019-01-07 16:00:00,0.9680968808497241
2019-01-14 16:00:00,0.7918938108689636
2019-01-21 16:00:00,0.859364951230436
2019-01-28 16:00:00,0.9308749400697354
2019-02-04 16:00:00,0.8088501777016088
2019-02-11 16:00:00,0.8377302524172275
2019-02-18 16:00:00,0.8013423159009261
2019-02-25 16:00:00,0.8238869136286197
2019-03-04 16:00:00,0.8397856858266289
2019-03-11 16:00:00,0.8307964245901927
2019-03-18 16:00:00,0.7930522369687387
2019-03-25 16:00:00,1.0428240180041224
2019-04-01 16:00:00,0.8134311132635293
2019-04-08 16:00:00,0.980659435535647
2019-04-15 16:00:00,0.869161612825816
2019-04-22 16:00:00,1.0882560542433246
2019-04-29 16:00:00,0.9169154669715455
2019-05-06 16:00:00,0.8581870495029785
2019-05-13 16:00:00,0.80004011188251
2019-05-20 16:00:00,0.951753094982355
2019-05-27 16:00:00,0.8428978671416186
2019-06-10 16:00:00,1.069401873922424
2019-06-17 16:00:00,0.8673343961347476
2019-06-24 16:00:00,0.9222060672853168
2019-07-01 16:00:00,0.8061882351670541
2019-07-08 16:00:00,0.9963105043271937
2019-07-15 16:00:00,0.7783319761821603
2019-07-22 16:00:00,0.9377545584168397
2019-07-29 16:00:00,0.8402344608042167
2019-08-05 16:00:00,0.7864124147891477
2019-08-12 16:00:00,0.9900253352748185
2019-08-19 16:00:00,1.024740042270874
2019-08-26 16:00:00,1.1706803207699306
2019-09-02 16:00:00,1.0228187887031643
2019-09-09 16:00:00,0.8257360858054831
2019-09-16 16:00:00,0.8857056138671404
2019-09-23 16:00:00,0.8772328909220454
2019-09-30 16:00:00,0.9268114590943075
2019-10-07 16:00:00,0.9547148281709361
2019-10-14 16:00:00,0.8755650468636879
2019-10-21 16:00:00,0.8284499693426006
2019-10-28 16:00:00,0.8708945599641801
2019-11-04 16:00:00,1.052613593548449
2019-11-11 16:00:00,1.1436576114067003
2019-11-18 16:00:00,0.7889056499603018
2019-11-25 16:00:00,0.8181469737897973
2019-12-02 16:00:00,0.8447951053197882
2019-12-09 16:00:00,0.9084017929478966
2019-12-16 16:00:00,0.9054951724005094
2019-12-23 16:00:00,1.112374183545095
2019-12-30 16:00:00,0.974014982103679
2020-01-06 16:00:00,0.758412272888331
2020-01-13 16:00:00,0.9274832332727055
2020-01-20 16:00:00,0.9248598902786632
2020-01-27 16:00:00,0.7812003310990476
2020-02-03 16:00:00,0.8101877659909164
2020-02-10 16:00:00,1.3393817992753765
2020-02-17 16:00:00,0.8900927998789927
2020-02-24 16:00:00,0.9007249297883805
2020-03-02 16:00:00,0.9702475308925552
2020-03-09 16:00:00,0.8263397354369116
2020-03-16 16:00:00,1.0856460222316657
2020-03-23 16:00:00,0.8469122429031933
2020-03-30 16:00:00,0.9766967830447513
2018-01-01 17:00:00,0.8495207600935067
2018-01-08 17:00:00,0.9072713673272725
2018-01-15 17:00:00,0.8088701228804909
2018-01-22 17:00:00,0.8284934107213252
2018-01-29 17:00:00,0.8073770435371527
2018-02-05 17:00:00,0.9285219343624439
2018-02-12 17:00:00,0.7950462595833078
2018-02-19 17:00:00,1.0200292262327928
2018-02-26 17:00:00,0.841815750042333
2018-03-05 17:00:00,1.0372739781188163
2018-03-12 17:00:00,1.0198849044409573
2018-03-19 17:00:00,0.9434618121094541
2018-03-26 17:00:00,0.7972500223830975
2018-04-02 17:00:00,0.7890049804278929
2018-04-09 17:00:00,0.885736904239084
2018-04-16 17:00:00,0.9405622504439529
2018-04-23 17:00:00,0.9278436910663961
2018-04-30 17:00:00,0.9355760962122949
2018-05-07 17:00:00,1.018382103967147
2018-05-14 17:00:00,0.8804460042966948
2018-05-21 17:00:00,0.7439059361060602
2018-05-28 17:00:00,0.8698373181497989
2018-06-04 17:00:00,0.8691913670118343
2018-06-11 17:00:00,0.8180072976721726
2018-06-18 17:00:00,0.8473874208408071
2018-06-25 17:00:00,0.8063436510277833
2018-07-02 17:00:00,1.1320042414554334
2018-07-09 17:00:00,0.8259458169492171
2018-07-16 17:00:00,0.749850386222376
2018-07-23 17:00:00,0.891512467484305
2018-07-30 17:00:00,1.2632477623384069
2018-08-06 17:00:00,0.8677912201383531
2018-08-13 17:00:00,0.8610663758957485
2018-08-20 17:00:00,0.7848366968048764
2018-08-27 17:00:00,0.920167748760824
2018-09-03 17:00:00,0.9499246774567349
2018-09-10 17:00:00,1.0700504632076238
2018-09-17 17:00:00,0.9561539860181026
2018-09-24 17:00:00,0.8712872126259713
2018-10-01 17:00:00,0.6890009815253147
2018-10-08 17:00:00,0.7667250994681224
2018-10-15 17:00:00,0.7846033385505536
2018-10-22 17:00:00,0.9110483150305551
2018-10-29 17:00:00,0.8458506029035758
2018-11-05 17:00:00,0.9157348413942196
2018-11-12 17:00:00,0.9903184380111448
2018-11-19 17:00:00,0.9857885451735414
2018-11-26 17:00:00,0.9934343237870397
2018-12-03 17:00:00,1.1053014408454884
2018-12-10 17:00:00,0.7444196570665003
2018-12-17 17:00:00,1.2962838267815078
2018-12-24 17:00:00,0.7687047544680591
2018-12-31 17:00:00,0.973457478162002
2019-01-07 17:00:00,0.7410506209262082
2019-01-14 17:00:00,0.8107255965324136
2019-01-21 17:00:00,0.8040598138515438
2019-01-28 17:00:00,0.8891786812180817
2019-02-04 17:00:00,0.7208431649842971
2019-02-11 17:00:00,0.9584828213084399
2019-02-18 17:00:00,0.8167411132676248
2019-02-25 17:00:00,0.8788369187507846
2019-03-04 17:00:00,0.8743276393282259
2019-03-11 17:00:00,0.8178472342741139
2019-03-18 17:00:00,0.7477691739041947
2019-03-25 17:00:00,0.9265844101160882
2019-04-01 17:00:00,1.0295613217912043
2019-04-08 17:00:00,0.8101962874395835
2019-04-15 17:00:00,0.7562772020552351
2019-04-22 17:00:00,0.863705079607666
2019-04-29 17:00:00,0.8213511933902794
2019-05-06 17:00:00,0.8810910138088411
2019-05-13 17:00:00,0.7387936642926746
2019-05-20 17:00:00,0.9730578334466577
2019-05-27 17:00:00,0.9534278265821224
2019-06-10 17:00:00,0.7625037675361988
2019-06-17 17:00:00,1.0356623276061532
2019-06-24 17:00:00,0.8678114248778153
2019-07-01 17:00:00,0.7294619171368262
2019-07-08 17:00:00,0.9846453681747496
2019-07-15 17:00:00,0.9283962649492201
2019-07-22 17:00:00,0.9668684928700634
2019-07-29 17:00:00,0.8712290778884446
2019-08-05 17:00:00,1.1794855433309779
2019-08-12 17:00:00,0.7841200402975476
2019-08-19 17:00:00,0.7488655951461325
2019-08-26 17:00:00,0.8266285038895543
2019-09-02 17:00:00,0.9693406258167198
2019-09-09 17:00:00,1.004188363772119
2019-09-16 17:00:00,0.902821836750094
2019-09-23 17:00:00,0.9981956694059175
2019-09-30 17:00:00,0.7031863657716853
2019-10-07 17:00:00,1.498857309700836
2019-10-14 17:00:00,0.9079491231276724
2019-10-21 17:00:00,0.9337537262955733
2019-10-28 17:00:00,1.0685355165458224
2019-11-04 17:00:00,0.8032257591595713
2019-11-11 17:00:00,0.7100135628427012
2019-11-18 17:00:00,0.7356095822902083
2019-11-25 17:00:00,0.8987470944588415
2019-12-02 17:00:00,0.8060636835772337
2019-12-09 17:00:00,0.8645670069017358
2019-12-16 17:00:00,0.7578778218339552
2019-12-23 17:00:00,1.6196565213831449
2019-12-30 17:00:00,1.0119477719560375
2020-01-06 17:00:00,0.8592602818422361
2020-01-13 17:00:00,0.8869643915928621
2020-01-20 17:00:00,1.156549898330802
2020-01-27 17:00:00,0.7628926731741529
2020-02-03 17:00:00,0.9667559828451272
2020-02-10 17:00:00,0.8241245360890794
2020-02-17 17:00:00,1.0259124638382326
2020-02-24 17:00:00,0.8875472353427304
2020-03-02 17:00:00,0.918511077089773
2020-03-09 17:00:00,0.8566042265127509
2020-03-16 17:00:00,1.049663703465474
2020-03-23 17:00:00,0.8257363011408734
2020-03-30 17:00:00,0.7101945101949766
2018-01-01 18:00:00,0.9375609411742328
2018-01-08 18:00:00,0.868121337376738
2018-01-15 18:00:00,0.8407415192995107
2018-01-22 18:00:00,0.8060323139694899
2018-01-29 18:00:00,1.0611963993673186
2018-02-05 18:00:00,0.8805289900783573
2018-02-12 18:00:00,0.8945041940788098
2018-02-19 18:00:00,0.8556988957953676
2018-02-26 18:00:00,1.0220853990995702
2018-03-05 18:00:00,0.919586558797495
2018-03-12 18:00:00,0.9440425480993412
2018-03-19 18:00:00,0.8454533448792434
2018-03-26 18:00:00,0.9555453770336297
2018-04-02 18:00:00,1.0510450948934298
2018-04-09 18:00:00,0.8546316571086414
2018-04-16 18:00:00,0.7767420204311086
2018-04-23 18:00:00,0.8641012940551753
2018-04-30 18:00:00,0.7334254588063848
2018-05-07 18:00:00,0.8697464738666799
2018-05-14 18:00:00,0.9789217888159233
2018-05-21 18:00:00,0.9114938254179006
2018-05-28 18:00:00,1.2081264809550232
2018-06-04 18:00:00,0.8115340540012693
2018-06-11 18:00:00,0.9719830157043106
2018-06-18 18:00:00,0.8727244061495151
2018-06-25 18:00:00,0.7993983727698132
2018-07-02 18:00:00,0.781076551474452
2018-07-09 18:00:00,1.2168284131345994
2018-07-16 18:00:00,0.7249580594114896
2018-07-23 18:00:00,0.8148795460210091
2018-07-30 18:00:00,1.0277218796953562
2018-08-06 18:00:00,0.9602430104043019
2018-08-13 18:00:00,1.0950811006785104
2018-08-20 18:00:00,0.9064005056126692
2018-08-27 18:00:00,0.9757530558649419
2018-09-03 18:00:00,0.829563563326857
2018-09-10 18:00:00,1.1380894473296983
2018-09-17 18:00:00,1.0158892020967143
2018-09-24 18:00:00,0.8239641337309624
2018-10-01 18:00:00,0.884256472686039
2018-10-08 18:00:00,0.7713052741583399
2018-10-15 18:00:00,0.8250870379372114
2018-10-22 18:00:00,0.911507745665883
2018-10-29 18:00:00,0.9885491335058654
2018-11-05 18:00:00,0.8946112135757573
2018-11-12 18:00:00,0.8178395999651366
2018-11-19 18:00:00,0.8672299400695337
2018-11-26 18:00:00,0.9341703142782727
2018-12-03 18:00:00,1.1389661329253302
2018-12-10 18:00:00,0.9430528377741598
2018-12-17 18:00:00,0.8311702925588909
2018-12-24 18:00:00,0.9837841439494223
2018-12-31 18:00:00,0.998320397567818
2019-01-07 18:00:00,0.8181780390269152
2019-01-14 18:00:00,1.2824834814711419
2019-01-21 18:00:00,0.9240478121759694
2019-01-28 18:00:00,0.9882991345198545
2019-02-04 18:00:00,0.7363387072456185
2019-02-11 18:00:00,0.7502030668953715
2019-02-18 18:00:00,0.9327199500957742
2019-02-25 18:00:00,1.0351152811233757
2019-03-04 18:00:00,0.9704596778236914
2019-03-11 18:00:00,0.8411539742272194
2019-03-18 18:00:00,0.9559912471380898
2019-03-25 18:00:00,0.8297928745329646
2019-04-01 18:00:00,1.0131406042785394
2019-04-08 18:00:00,0.8103345143765412
2019-04-15 18:00:00,0.7796923173711745
2019-04-22 18:00:00,0.8695480068752888
2019-04-29 18:00:00,0.9836176977070306
2019-05-06 18:00:00,0.8204007939393584
2019-05-13 18:00:00,0.7620599015826781
2019-05-20 18:00:00,0.754802708910311
2019-05-27 18:00:00,1.0115574038118849
2019-06-10 18:00:00,0.7840158398838966
2019-06-17 18:00:00,0.899980283876286
2019-06-24 18:00:00,0.7739513765805054
2019-07-01 18:00:00,0.7327233424029779
2019-07-08 18:00:00,1.0398050055824246
2019-07-15 18:00:00,0.874173881717599
2019-07-22 18:00:00,0.8712750254917425
2019-07-29 18:00:00,0.7732197515423002
2019-08-05 18:00:00,0.7171559145513638
2019-08-12 18:00:00,0.9127002257440341
2019-08-19 18:00:00,0.7439343332396136
2019-08-26 18:00:00,1.0284470351836679
2019-09-02 18:00:00,0.8563024212418202
2019-09-09 18:00:00,1.2384924332533143
2019-09-16 18:00:00,1.4401463402795587
2019-09-23 18:00:00,0.8244685909765144
2019-09-30 18:00:00,0.9885340208610645
2019-10-07 18:00:00,2.1775840186710247
2019-10-14 18:00:00,0.8288075363330825
2019-10-21 18:00:00,1.081555513828285
2019-10-28 18:00:00,0.827773990146584
2019-11-04 18:00:00,1.0814520361129611
2019-11-11 18:00:00,0.966007751108579
2019-11-18 18:00:00,0.9455272471510121
2019-11-25 18:00:00,0.7405797290143782
2019-12-02 18:00:00,0.6945939618026449
2019-12-09 18:00:00,1.1531484318497927
2019-12-16 18:00:00,0.8230268074241383
2019-12-23 18:00:00,0.8256313697669853
2019-12-30 18:00:00,0.9184725973123683
2020-01-06 18:00:00,0.7978524152818391
2020-01-13 18:00:00,0.8012801029074846
2020-01-20 18:00:00,0.9877211942106308
2020-01-27 18:00:00,1.07760182794091
2020-02-03 18:00:00,0.8829141019790893
2020-02-10 18:00:00,0.9228245908035623
2020-02-17 18:00:00,1.3918571286771662
2020-02-24 18:00:00,1.1989781701699012
2020-03-02 18:00:00,0.7116337322849964
2020-03-09 18:00:00,0.8366243732448428
2020-03-16 18:00:00,1.072022403782435
2020-03-23 18:00:00,1.297116652785785
2020-03-30 18:00:00,0.9948684123127086
2018-01-01 19:00:00,0.7754494418875152
2018-01-08 19:00:00,0.8351936084598449
2018-01-15 19:00:00,0.7458373488430647
2018-01-22 19:00:00,0.6950628053121533
2018-01-29 19:00:00,0.843165367685648
2018-02-05 19:00:00,1.0186756508878225
2018-02-12 19:00:00,0.975674376579243
2018-02-19 19:00:00,0.9091891362755241
2018-02-26 19:00:00,0.9203913272078459
2018-03-05 19:00:00,0.7312906546477476
2018-03-12 19:00:00,0.8621084821272443
2018-03-19 19:00:00,1.0783985165229382
2018-03-26 19:00:00,0.8154968200549985
2018-04-02 19:00:00,1.1074865621443786
2018-04-16 19:00:00,0.7785180120135535
2018-04-23 19:00:00,0.9708679723566298
2018-04-30 19:00:00,0.7156635954029863
2018-05-07 19:00:00,0.8027596112368122
2018-05-14 19:00:00,1.046926493906526
2018-05-21 19:00:00,0.843803082885604
2018-05-28 19:00:00,1.0378242714522545
2018-06-04 19:00:00,0.9100524853948926
2018-06-11 19:00:00,0.6696030170956694
2018-06-18 19:00:00,1.0922550528474884
2018-06-25 19:00:00,0.8999981547700043
2018-07-02 19:00:00,1.0523881565710846
2018-07-09 19:00:00,0.7780036625637181
2018-07-16 19:00:00,0.7702083547805059
2018-07-23 19:00:00,0.8541721125460536
2018-07-30 19:00:00,1.1339507578355572
2018-08-06 19:00:00,1.1054873844995141
2018-08-13 19:00:00,0.9569849466180133
2018-08-20 19:00:00,0.8969261901893086
2018-08-27 19:00:00,0.6922524437702711
2018-09-03 19:00:00,0.8004680507909396
2018-09-10 19:00:00,0.8621900708682321
2018-09-17 19:00:00,0.8426366500980369
2018-09-24 19:00:00,0.8920272110165147
2018-10-01 19:00:00,0.9868569887697233
2018-10-08 19:00:00,1.0385781423483733
2018-10-15 19:00:00,1.7930250732446071
2018-10-22 19:00:00,0.9428262659106313
2018-10-29 19:00:00,1.1246721937121904
2018-11-05 19:00:00,0.8513772059565512
2018-11-12 19:00:00,0.9509519467250718
2018-11-19 19:00:00,0.901861833238423
2018-11-26 19:00:00,0.9131837974230239
2018-12-03 19:00:00,1.0451551265097994
2018-12-10 19:00:00,0.8279265543280188
2018-12-17 19:00:00,0.815003674019339
2018-12-24 19:00:00,0.816335482085909
2018-12-31 19:00:00,0.782151534147188
2019-01-07 19:00:00,0.8118304219154282
2019-01-14 19:00:00,0.9873847585256927
2019-01-21 19:00:00,0.8283310845343254
2019-01-28 19:00:00,0.9056717282963389
2019-02-04 19:00:00,0.8593139523380625
2019-02-11 19:00:00,0.856410942342409
2019-02-18 19:00:00,0.8623587996464627
2019-02-25 19:00:00,0.9476910481393722
2019-03-04 19:00:00,0.892688381427781
2019-03-11 19:00:00,0.8999548799698583
2019-03-18 19:00:00,0.7747576026278521
2019-03-25 19:00:00,0.9074664456020942
2019-04-01 19:00:00,1.0379155157095865
2019-04-08 19:00:00,0.903201670205317
2019-04-15 19:00:00,0.7133254120983763
2019-04-22 19:00:00,0.8575668812754307
2019-04-29 19:00:00,0.9310161353139019
2019-05-06 19:00:00,0.7242716834465854
2019-05-13 19:00:00,0.9250755206615247
2019-05-20 19:00:00,0.8654470999308171
2019-05-27 19:00:00,1.003577019878208
2019-06-10 19:00:00,1.250677345602978
2019-06-17 19:00:00,0.861149259395497
2019-06-24 19:00:00,0.793627493794104
2019-07-01 19:00:00,0.8624958608419369
2019-07-08 19:00:00,0.8955120801699075
2019-07-15 19:00:00,1.053083924102981
2019-07-22 19:00:00,0.9402212306719288
2019-07-29 19:00:00,1.0283432872816314
2019-08-05 19:00:00,0.7213968413883831
2019-08-12 19:00:00,1.001341915180198
2019-08-19 19:00:00,0.9246505489809267
2019-08-26 19:00:00,0.6972779494693565
2019-09-02 19:00:00,0.8614086246480864
2019-09-09 19:00:00,0.8146605739272464
2019-09-16 19:00:00,0.9043136473574435
2019-09-23 19:00:00,1.1217770514761083
2019-09-30 19:00:00,0.7808453825881861
2019-10-07 19:00:00,1.6207368284535633
2019-10-14 19:00:00,0.7912520908785861
2019-10-21 19:00:00,1.1564995643820206
2019-10-28 19:00:00,2.321256239653537
2019-11-04 19:00:00,0.8661498493949288
2019-11-11 19:00:00,0.8749320787228378
2019-11-18 19:00:00,0.8641623184755504
2019-11-25 19:00:00,0.91487688374767
2019-12-02 19:00:00,0.9880196956084225
2019-12-09 19:00:00,0.8964840716423371
2019-12-16 19:00:00,0.7252359648869022
2019-12-23 19:00:00,0.7379173051002368
2019-12-30 19:00:00,0.8924097497973481
2020-01-06 19:00:00,0.956428526544486
2020-01-13 19:00:00,0.7304525079823226
2020-01-20 19:00:00,0.7329671152464232
2020-01-27 19:00:00,1.2555324792967006
2020-02-03 19:00:00,0.7511177626644701
2020-02-10 19:00:00,1.0123863469904535
2020-02-17 19:00:00,0.8777808539064995
2020-02-24 19:00:00,0.9024261946450433
2020-03-02 19:00:00,1.0681473830799695
2020-03-09 19:00:00,0.9324888460328614
2020-03-16 19:00:00,0.8357735707020586
2020-03-23 19:00:00,1.0788925964313143
2020-03-30 19:00:00,0.772905780914216
2018-01-01 20:00:00,0.8992762809779733
2018-01-08 20:00:00,1.086444115665497
2018-01-15 20:00:00,0.8618323831648672
2018-01-22 20:00:00,0.921249965871818
2018-01-29 20:00:00,1.0035953632488068
2018-02-05 20:00:00,0.809562942747028
2018-02-12 20:00:00,0.801104447888372
2018-02-19 20:00:00,0.9873384099047673
2018-02-26 20:00:00,1.1333389704645158
2018-03-05 20:00:00,0.8880540246699996
2018-03-12 20:00:00,0.8515312347782941
2018-03-19 20:00:00,0.8639894759002829
2018-03-26 20:00:00,0.8687998164382335
2018-04-02 20:00:00,1.051634910304584
2018-04-09 20:00:00,0.9212866408455851
2018-04-16 20:00:00,1.1793211573883575
2018-04-23 20:00:00,1.1560451815080917
2018-04-30 20:00:00,0.8298841890296201
2018-05-07 20:00:00,0.8870917289651851
2018-05-14 20:00:00,0.7989486055701054
2018-05-21 20:00:00,1.0453195096852974
2018-05-28 20:00:00,0.8375356068280534
2018-06-04 20:00:00,1.0548382322018786
2018-06-11 20:00:00,1.00879957245345
2018-06-18 20:00:00,0.9114728687364023
2018-06-25 20:00:00,1.0857069850832706
2018-07-02 20:00:00,0.9013820070851944
2018-07-09 20:00:00,0.8401319687937442
2018-07-16 20:00:00,1.032639078187974
2018-07-23 20:00:00,0.8453335505814574
2018-07-30 20:00:00,1.2257860389506139
2018-08-06 20:00:00,0.9617174493333387
2018-08-13 20:00:00,0.9435941541024011
2018-08-20 20:00:00,0.942077074161406
2018-08-27 20:00:00,0.7782391441605327
2018-09-03 20:00:00,0.8950630091226505
2018-09-10 20:00:00,0.9785673270156907
2018-09-17 20:00:00,1.274200861129138
2018-09-24 20:00:00,0.969461716053695
2018-10-01 20:00:00,1.1926470458806377
2018-10-08 20:00:00,1.1455479933605075
2018-10-15 20:00:00,0.9956939172125485
2018-10-22 20:00:00,0.7161971177302615
2018-10-29 20:00:00,0.7822938187210883
2018-11-05 20:00:00,1.1546252678347355
2018-11-12 20:00:00,0.7597823802193294
2018-11-19 20:00:00,1.1604931597928752
2018-11-26 20:00:00,0.9554548091589079
2018-12-03 20:00:00,1.0619796596764612
2018-12-10 20:00:00,0.9056826043995528
2018-12-17 20:00:00,0.8763193675637845
2018-12-24 20:00:00,1.1353150763950313
2018-12-31 20:00:00,0.750540081507102
2019-01-07 20:00:00,1.0384891487186982
2019-01-14 20:00:00,0.7180495204907161
2019-01-21 20:00:00,0.9139986515625921
2019-01-28 20:00:00,0.8591691357790466
2019-02-04 20:00:00,1.2619108604267357
2019-02-11 20:00:00,0.7685181480334753
2019-02-18 20:00:00,1.0402131947240882
2019-02-25 20:00:00,1.1919224797983166
2019-03-04 20:00:00,0.8197604019265528
2019-03-11 20:00:00,0.8851853007324071
2019-03-18 20:00:00,0.9812246469217188
2019-03-25 20:00:00,0.6776453089214461
2019-04-01 20:00:00,1.057658263610609
2019-04-08 20:00:00,0.7824315841054714
2019-04-15 20:00:00,0.9491964166198511
2019-04-22 20:00:00,1.168823315586301
2019-04-29 20:00:00,0.7684744395811884
2019-05-06 20:00:00,0.9970028385168683
2019-05-13 20:00:00,1.5848429900007233
2019-05-20 20:00:00,1.2903629635960223
2019-05-27 20:00:00,0.7014345550561297
2019-06-10 20:00:00,1.0024599547334452
2019-06-17 20:00:00,0.8376219452295312
2019-06-24 20:00:00,0.8292217035186369
2019-07-01 20:00:00,1.0070889931950242
2019-07-08 20:00:00,0.935121497087127
2019-07-15 20:00:00,0.8338560625258984
2019-07-22 20:00:00,0.8932740124076681
2019-07-29 20:00:00,1.1391850992838872
2019-08-05 20:00:00,0.9688759460102173
2019-08-12 20:00:00,1.0329962008139764
2019-08-19 20:00:00,0.92140410504888
2019-08-26 20:00:00,1.5838110850890241
2019-09-02 20:00:00,0.8263921856843294
2019-09-09 20:00:00,0.8112186977324577
2019-09-16 20:00:00,0.7049011792345828
2019-09-23 20:00:00,0.8107534302136093
2019-09-30 20:00:00,0.7852349955187978
2019-10-07 20:00:00,1.4289918937670352
2019-10-14 20:00:00,0.7885312144913034
2019-10-21 20:00:00,1.1949326993717044
2019-10-28 20:00:00,0.8479349226924623
2019-11-04 20:00:00,1.0883799503976015
2019-11-11 20:00:00,2.0210672609603355
2019-11-18 20:00:00,1.0442869694111887
2019-11-25 20:00:00,0.8825334933352331
2019-12-02 20:00:00,0.8847053288031277
2019-12-09 20:00:00,1.1020304483369172
2019-12-16 20:00:00,0.9437211147601523
2019-12-23 20:00:00,0.845274045349489
2019-12-30 20:00:00,0.8700703041298834
2020-01-06 20:00:00,1.255481650053816
2020-01-13 20:00:00,0.743320328250171
2020-01-20 20:00:00,0.9528494882979631
2020-01-27 20:00:00,1.250279028938807
2020-02-03 20:00:00,1.099928170559614
2020-02-10 20:00:00,1.062244991217111
2020-02-17 20:00:00,0.8714242642348846
2020-02-24 20:00:00,1.3338129939342958
2020-03-02 20:00:00,0.9967078235686193
2020-03-09 20:00:00,0.9087881128912447
2020-03-16 20:00:00,0.8810770864707171
2020-03-23 20:00:00,1.1328957398970299
2020-03-30 20:00:00,0.6679220436497968
2018-01-01 21:00:00,1.085646535972728
2018-01-08 21:00:00,1.235400954946201
2018-01-15 21:00:00,0.9235250218238242
2018-01-22 21:00:00,0.8342910973737718
2018-01-29 21:00:00,0.9390410135447766
2018-02-05 21:00:00,1.2935204707312948
2018-02-12 21:00:00,1.0359991644407336
2018-02-19 21:00:00,0.8544116988268605
2018-02-26 21:00:00,0.8731030276669329
2018-03-05 21:00:00,1.143570915476239
2018-03-12 21:00:00,0.8424771818611617
2018-03-19 21:00:00,1.03905825169431
2018-03-26 21:00:00,0.9719217050537716
2018-04-02 21:00:00,0.7729977736599747
2018-04-09 21:00:00,0.948518396343248
2018-04-16 21:00:00,1.0387894648085003
2018-04-23 21:00:00,1.311562564512749
2018-04-30 21:00:00,0.9294137852189002
2018-05-07 21:00:00,0.7104607221147639
2018-05-14 21:00:00,0.738327305098443
2018-05-21 21:00:00,1.1650424127496553
2018-05-28 21:00:00,0.94075117244554
2018-06-04 21:00:00,1.1993215611906212
2018-06-11 21:00:00,1.172905129208111
2018-06-18 21:00:00,1.3835939760434102
2018-06-25 21:00:00,0.7057643142514187
2018-07-02 21:00:00,0.9197975019178468
2018-07-09 21:00:00,0.6990932132929252
2018-07-16 21:00:00,0.8445238363931564
2018-07-23 21:00:00,1.1849887771484189
2018-07-30 21:00:00,0.884335384240528
2018-08-06 21:00:00,0.8373818003349093
2018-08-13 21:00:00,0.8848434557761602
2018-08-20 21:00:00,0.8136905512716016
2018-08-27 21:00:00,0.7166090583796642
2018-09-03 21:00:00,1.008921450351163
2018-09-10 21:00:00,0.7730432110241091
2018-09-17 21:00:00,1.4151175447981876
2018-09-24 21:00:00,0.6903893962618721
2018-10-01 21:00:00,1.4460793146978705
2018-10-08 21:00:00,1.2930475987557712
2018-10-15 21:00:00,0.830589908797679
2018-10-22 21:00:00,0.7505018756412357
2018-10-29 21:00:00,1.05199107572727
2018-11-05 21:00:00,0.9030374549304165
2018-11-12 21:00:00,1.1401210923412977
2018-11-19 21:00:00,1.138936960996794
2018-11-26 21:00:00,1.269392511545618
2018-12-03 21:00:00,0.8249351129486473
2018-12-10 21:00:00,0.9932127091826334
2018-12-17 21:00:00,0.9859304338610031
2018-12-24 21:00:00,1.0648977573961464
2018-12-31 21:00:00,1.034028684302432
2019-01-07 21:00:00,0.6682801261037008
2019-01-14 21:00:00,0.9039535917184411
2019-01-21 21:00:00,0.7511924071542732
2019-01-28 21:00:00,0.7700937737121201
2019-02-04 21:00:00,1.096533306941556
2019-02-11 21:00:00,0.7901463040907191
2019-02-18 21:00:00,0.8647051323864919
2019-02-25 21:00:00,0.8240983831317911
2019-03-04 21:00:00,0.7241444726824812
2019-03-11 21:00:00,0.7606142462382979
2019-03-18 21:00:00,0.7026162576730001
2019-03-25 21:00:00,0.7178608763922556
2019-04-01 21:00:00,0.8761994568146307
2019-04-08 21:00:00,0.8262818104176262
2019-04-15 21:00:00,1.0609206986575332
2019-04-22 21:00:00,0.7277913603155646
2019-04-29 21:00:00,0.8198942853205636
2019-05-06 21:00:00,1.2549733203293445
2019-05-13 21:00:00,1.3079855032943715
2019-05-20 21:00:00,1.1289860881311167
2019-05-27 21:00:00,1.1168554168983855
2019-06-10 21:00:00,0.7811275138011172
2019-06-17 21:00:00,0.7233376716673353
2019-06-24 21:00:00,0.6632440246299205
2019-07-01 21:00:00,0.6633053520717909
2019-07-08 21:00:00,0.7192603344659964
2019-07-15 21:00:00,1.5318180123461038
2019-07-22 21:00:00,0.7520692295998651
2019-07-29 21:00:00,1.1365677042805065
2019-08-05 21:00:00,1.37349675416618
2019-08-12 21:00:00,0.726840470338398
2019-08-19 21:00:00,1.1181846545600946
2019-08-26 21:00:00,1.163447578558115
2019-09-02 21:00:00,1.339718871040611
2019-09-09 21:00:00,0.7104381129682498
2019-09-16 21:00:00,1.0917457313075791
2019-09-23 21:00:00,0.7402583405517192
2019-09-30 21:00:00,1.101782865000449
2019-10-07 21:00:00,0.7551682600421834
2019-10-14 21:00:00,0.8645269434713619
2019-10-21 21:00:00,1.1471380612267372
2019-10-28 21:00:00,1.1938143372328442
2019-11-04 21:00:00,0.732644472190345
2019-11-11 21:00:00,1.184256978765116
2019-11-18 21:00:00,0.7113756067191319
2019-11-25 21:00:00,1.1866943135673649
2019-12-02 21:00:00,0.7179431122894011
2019-12-09 21:00:00,1.2535058230162655
2019-12-16 21:00:00,0.7928794667318413
2019-12-23 21:00:00,0.8299944459421384
2019-12-30 21:00:00,0.8644727401308687
2020-01-06 21:00:00,0.867442812492515
2020-01-13 21:00:00,0.8339628538415177
2020-01-20 21:00:00,0.8921341251030155
2020-01-27 21:00:00,0.8090606933046324
2020-02-03 21:00:00,0.7988498937915338
2020-02-10 21:00:00,1.110908537540088
2020-02-17 21:00:00,0.8176209633177088
2020-02-24 21:00:00,1.0725639386565793
2020-03-02 21:00:00,0.95749615886765
2020-03-09 21:00:00,0.9320254690608933
2020-03-16 21:00:00,1.0471239122346243
2020-03-23 21:00:00,1.404155541527082
2020-03-30 21:00:00,0.8104572983815512
2018-01-01 22:00:00,0.8124093908977299
2018-01-08 22:00:00,1.070520795782804
2018-01-15 22:00:00,1.0288200620655705
2018-01-22 22:00:00,1.2293420234007872
2018-01-29 22:00:00,1.0011264386719017
2018-02-05 22:00:00,0.7303919259606078
2018-02-12 22:00:00,0.5900987886944605
2018-02-19 22:00:00,0.7913587556303714
2018-02-26 22:00:00,0.9210498253498155
2018-03-05 22:00:00,0.9057950170455666
2018-03-12 22:00:00,1.0158093793558065
2018-03-19 22:00:00,0.7662059649070343
2018-03-26 22:00:00,0.6845808677811921
2018-04-02 22:00:00,0.6963305326571706
2018-04-09 22:00:00,0.8122934879302819
2018-04-16 22:00:00,1.2734165858655988
2018-04-23 22:00:00,0.828366341130647
2018-04-30 22:00:00,0.7438352786680379
2018-05-07 22:00:00,0.8199041271890775
2018-05-14 22:00:00,0.9484049411598696
2018-05-21 22:00:00,0.8017234639276778
2018-05-28 22:00:00,0.8441597943066687
2018-06-04 22:00:00,1.0865987214071158
2018-06-11 22:00:00,0.6465650383732159
2018-06-18 22:00:00,0.9543915491562002
2018-06-25 22:00:00,0.8762832539378882
2018-07-02 22:00:00,1.2933751379895269
2018-07-09 22:00:00,0.5739349995095555
2018-07-16 22:00:00,0.9654162551293571
2018-07-23 22:00:00,0.9944836466302218
2018-07-30 22:00:00,0.6335148957916161
2018-08-06 22:00:00,0.68097659182503
2018-08-13 22:00:00,0.9988380902602992
2018-08-20 22:00:00,0.8615251839077528
2018-08-27 22:00:00,1.0431903404685552
2018-09-03 22:00:00,1.046133316879455
2018-09-10 22:00:00,0.9638632644105241
2018-09-17 22:00:00,1.0598764944524406
2018-09-24 22:00:00,0.8121134016367658
2018-10-01 22:00:00,0.7382339177476867
2018-10-08 22:00:00,1.037265592802703
2018-10-15 22:00:00,0.6478482909057699
2018-10-22 22:00:00,0.7350147296240179
2018-10-29 22:00:00,1.1386352205376136
2018-11-05 22:00:00,1.098588376008756
2018-11-12 22:00:00,0.8298541156357289
2018-11-19 22:00:00,0.7451034304541657
2018-11-26 22:00:00,0.8442436004649753
2018-12-03 22:00:00,0.7917111277802668
2018-12-10 22:00:00,1.2600756615038469
2018-12-17 22:00:00,0.8800734658253152
2018-12-24 22:00:00,0.7767511200092305
2018-12-31 22:00:00,0.7534001930249002
2019-01-07 22:00:00,1.647607305158608
2019-01-14 22:00:00,1.293537571382354
2019-01-21 22:00:00,0.9645342217175806
2019-01-28 22:00:00,1.1057686417048793
2019-02-04 22:00:00,1.0475137996994952
2019-02-11 22:00:00,0.8696787588017776
2019-02-18 22:00:00,1.4669159061146524
2019-02-25 22:00:00,0.9937424509008753
2019-03-04 22:00:00,1.0276648030781321
2019-03-11 22:00:00,0.889958454579255
2019-03-18 22:00:00,1.7527505581496525
2019-03-25 22:00:00,1.031468672692089
2019-04-01 22:00:00,0.9724677590482241
2019-04-08 22:00:00,0.8146591854328369
2019-04-15 22:00:00,1.197783658394594
2019-04-22 22:00:00,1.1442783383590616
2019-04-29 22:00:00,1.3075024262567925
2019-05-06 22:00:00,0.9307890475887294
2019-05-13 22:00:00,1.0789935327899625
2019-05-20 22:00:00,0.6342112667220026
2019-05-27 22:00:00,0.7797142154935772
2019-06-10 22:00:00,0.8487402914889183
2019-06-17 22:00:00,0.9801031272165891
2019-06-24 22:00:00,0.8235645643724281
2019-07-01 22:00:00,0.7920278126646317
2019-07-08 22:00:00,0.7176283841621683
2019-07-15 22:00:00,0.6996977667537183
2019-07-22 22:00:00,0.9119071666162182
2019-07-29 22:00:00,0.7181703256370933
2019-08-05 22:00:00,1.0595170094240451
2019-08-12 22:00:00,0.9520326871861833
2019-08-19 22:00:00,1.4212524065844367
2019-08-26 22:00:00,1.007971132429082
2019-09-02 22:00:00,1.1151293063010221
2019-09-09 22:00:00,0.7060302399729578
2019-09-16 22:00:00,1.0742962134551726
2019-09-23 22:00:00,1.266942451056773
2019-09-30 22:00:00,1.2019629138379377
2019-10-07 22:00:00,0.8914740087744611
2019-10-14 22:00:00,0.8100687573856339
2019-10-21 22:00:00,1.657928947281477
2019-10-28 22:00:00,1.1036498243549921
2019-11-04 22:00:00,0.7764600412731258
2019-11-11 22:00:00,1.4167746705258568
2019-11-18 22:00:00,0.7380952003495923
2019-11-25 22:00:00,1.0418725160517852
2019-12-02 22:00:00,0.9544107904490311
2019-12-09 22:00:00,1.0403917944634449
2019-12-16 22:00:00,0.9037893826532859
2019-12-23 22:00:00,0.7706456031321642
2019-12-30 22:00:00,0.8067953051453811
2020-01-06 22:00:00,1.006215322578524
2020-01-13 22:00:00,1.2612701364292875
2020-01-20 22:00:00,1.2994743490589422
2020-01-27 22:00:00,0.9557913797315151
2020-02-03 22:00:00,1.3080676099515591
2020-02-10 22:00:00,0.9163499629378085
2020-02-17 22:00:00,0.9462653893226894
2020-02-24 22:00:00,1.0956031051996933
2020-03-02 22:00:00,1.2622149940032557
2020-03-09 22:00:00,1.019760543314455
2020-03-16 22:00:00,1.1023529127586045
2020-03-23 22:00:00,0.9820166507337705
2020-03-30 22:00:00,1.0084228777726898
2018-01-01 23:00:00,1.0320636683059514
2018-01-08 23:00:00,1.1927575580735705
2018-01-15 23:00:00,1.0502028574591533
2018-01-22 23:00:00,1.290118259306401
2018-01-29 23:00:00,0.8468121948405388
2018-02-05 23:00:00,1.6141257458834624
2018-02-12 23:00:00,0.8281732204756648
2018-02-19 23:00:00,1.45419296656234
2018-02-26 23:00:00,2.0533995580094184
2018-03-05 23:00:00,1.015068011379674
2018-03-12 23:00:00,1.7628867630728422
2018-03-19 23:00:00,0.9775266297552636
2018-03-26 23:00:00,0.8912646919272835
2018-04-02 23:00:00,1.4749311608346791
2018-04-09 23:00:00,1.9326220763761666
2018-04-16 23:00:00,1.1230591697931855
2018-04-23 23:00:00,1.456041145051421
2018-04-30 23:00:00,2.4244134565977307
2018-05-07 23:00:00,0.5824416449925102
2018-05-14 23:00:00,0.6800247331300514
2018-05-21 23:00:00,1.1550362332033783
2018-05-28 23:00:00,0.6797134920214516
2018-06-04 23:00:00,1.0498307419757276
2018-06-11 23:00:00,0.8098295144502246
2018-06-18 23:00:00,1.3019064908274376
2018-06-25 23:00:00,0.844389632057433
2018-07-02 23:00:00,1.003864194774607
2018-07-09 23:00:00,1.1489626829706858
2018-07-16 23:00:00,1.1750363586558903
2018-07-23 23:00:00,1.3685030862733274
2018-07-30 23:00:00,0.9543151877269204
2018-08-06 23:00:00,1.287768446332239
2018-08-13 23:00:00,1.1495431397595115
2018-08-20 23:00:00,1.2614933231742362
2018-08-27 23:00:00,1.1639104118094563
2018-09-03 23:00:00,1.512972475017878
2018-09-10 23:00:00,0.9712789430015933
2018-09-17 23:00:00,0.7443404016878132
2018-09-24 23:00:00,1.2106307427631637
2018-10-01 23:00:00,1.0480130576952131
2018-10-08 23:00:00,1.1492758871352968
2018-10-15 23:00:00,1.2233644851739842
2018-10-22 23:00:00,1.8848813646697105
2018-10-29 23:00:00,0.6985574261264084
2018-11-05 23:00:00,1.5919933403958257
2018-11-12 23:00:00,1.58612878091588
2018-11-19 23:00:00,0.8801489829908327
2018-11-26 23:00:00,1.1932271289498277
2018-12-03 23:00:00,0.729192494661687
2018-12-10 23:00:00,1.028262871174042
2018-12-17 23:00:00,0.9456770624862001
2018-12-24 23:00:00,1.610342727319634
2018-12-31 23:00:00,0.6066100911062822
2019-01-07 23:00:00,1.1628914441115552
2019-01-14 23:00:00,1.528087802095663
2019-01-21 23:00:00,1.1610620143988741
2019-01-28 23:00:00,1.1477554111192485
2019-02-04 23:00:00,2.1759704426093887
2019-02-11 23:00:00,1.427896235874219
2019-02-18 23:00:00,1.0437928353633616
2019-02-25 23:00:00,1.186971764961946
2019-03-04 23:00:00,2.1683913057581585
2019-03-11 23:00:00,1.3226544324195864
2019-03-18 23:00:00,1.4768060497923792
2019-03-25 23:00:00,1.178497891052566
2019-04-01 23:00:00,1.1345134756367212
2019-04-08 23:00:00,1.7880817191243095
2019-04-15 23:00:00,1.2247061129117947
2019-04-22 23:00:00,0.7903346453680794
2019-04-29 23:00:00,1.5241854276484832
2019-05-06 23:00:00,0.9849650743958063
2019-05-20 23:00:00,0.744388165669177
2019-05-27 23:00:00,1.3837781459709604
2019-06-10 23:00:00,1.0604216401358062
2019-06-17 23:00:00,0.8936850171412349
2019-06-24 23:00:00,1.1672542243411652
2019-07-01 23:00:00,0.7015796818577583
2019-07-08 23:00:00,0.8766332442864224
2019-07-15 23:00:00,0.5980608306538248
2019-07-22 23:00:00,0.9071156544330384
2019-07-29 23:00:00,0.86810639161458
2019-08-05 23:00:00,1.8314760518363509
2019-08-12 23:00:00,1.3316441906474712
2019-08-19 23:00:00,0.8801336836377106
2019-08-26 23:00:00,0.9663246176031299
2019-09-02 23:00:00,1.1248195574983448
2019-09-09 23:00:00,1.1940306474518012
2019-09-16 23:00:00,1.4131136617719249
2019-09-23 23:00:00,2.0899230015255776
2019-09-30 23:00:00,0.9029307037036851
2019-10-07 23:00:00,1.5439788030742745
2019-10-14 23:00:00,1.332071349959556
2019-10-21 23:00:00,0.9785696371413607
2019-10-28 23:00:00,1.6987076701670052
2019-11-04 23:00:00,1.4347502285060902
2019-11-11 23:00:00,1.041810834913685
2019-11-18 23:00:00,1.143453680608364
2019-11-25 23:00:00,0.9461138404709115
2019-12-02 23:00:00,0.7843357163821759
2019-12-09 23:00:00,1.1419546370654166
2019-12-16 23:00:00,0.928247490675156
2019-12-23 23:00:00,1.7941701956138945
2019-12-30 23:00:00,0.9414909901749768
2020-01-06 23:00:00,1.5309717978898467
2020-01-13 23:00:00,1.7046382735683216
2020-01-20 23:00:00,0.8041441616124039
2020-01-27 23:00:00,0.4986040154567822
2020-02-03 23:00:00,1.0339048051890671
2020-02-10 23:00:00,1.344593152559163
2020-02-17 23:00:00,1.866943477228069
2020-02-24 23:00:00,0.9407266735395782
2020-03-02 23:00:00,0.9228954235767243
2020-03-09 23:00:00,0.8707085260170859
2020-03-16 23:00:00,0.8136262672207074
2020-03-23 23:00:00,1.4707726848875535
2020-03-30 23:00:00,0.7450705233439424
2018-01-02 00:00:00,1.5613146517336878
2018-01-09 00:00:00,1.2004721983749094
2018-01-16 00:00:00,2.5611183192431874
2018-01-23 00:00:00,1.414553456881133
2018-01-30 00:00:00,1.313827043150533
2018-02-06 00:00:00,1.3186253912670403
2018-02-13 00:00:00,1.5239566009867618
2018-02-20 00:00:00,0.7293567817468761
2018-02-27 00:00:00,1.472602987317883
2018-03-06 00:00:00,1.034764887401965
2018-03-13 00:00:00,1.1118386009964878
2018-03-20 00:00:00,1.8037781101915524
2018-04-03 00:00:00,2.3514609169294363
2018-04-10 00:00:00,2.060750287159755
2018-04-17 00:00:00,0.9107750984361915
2018-04-24 00:00:00,1.600870282980505
2018-05-01 00:00:00,1.3258043945678626
2018-05-08 00:00:00,0.816335930614066
2018-05-15 00:00:00,1.0402566308109766
2018-05-22 00:00:00,0.7295634179608701
2018-05-29 00:00:00,0.6893317729636728
2018-06-05 00:00:00,0.6794724142115759
2018-06-12 00:00:00,1.116239674809206
2018-06-19 00:00:00,1.6833951581508453
2018-06-26 00:00:00,0.9932458137412946
2018-07-03 00:00:00,0.7759251598498087
2018-07-10 00:00:00,0.8089468486756413
2018-07-17 00:00:00,1.3212665206670573
2018-07-24 00:00:00,1.0561045722579403
2018-07-31 00:00:00,1.0691546685602618
2018-08-07 00:00:00,0.9650179279048803
2018-08-14 00:00:00,1.608392223173588
2018-08-21 00:00:00,0.6205054400230982
2018-08-28 00:00:00,2.611361084568705
2018-09-04 00:00:00,0.9378338474589958
2018-09-11 00:00:00,1.850251808623737
2018-09-18 00:00:00,1.6409695888448663
2018-09-25 00:00:00,1.2285386480763816
2018-10-02 00:00:00,1.2779078154915988
2018-10-09 00:00:00,1.0812250999273245
2018-10-16 00:00:00,1.4055212346034907
2018-10-23 00:00:00,0.8521145482151232
2018-10-30 00:00:00,3.111417964721746
2018-11-06 00:00:00,1.2146704060776419
2018-11-13 00:00:00,2.070616023068133
2018-11-20 00:00:00,1.6279929402259863
2018-11-27 00:00:00,1.4840221039506076
2018-12-04 00:00:00,1.0371898419087864
2018-12-11 00:00:00,0.6690936565616485
2018-12-18 00:00:00,1.6351165993960177
2018-12-25 00:00:00,0.8904138278426392
2019-01-01 00:00:00,1.1560041773334062
2019-01-08 00:00:00,1.2169356108965335
2019-01-15 00:00:00,0.7767149007114826
2019-01-22 00:00:00,0.9428349912589115
2019-01-29 00:00:00,1.0921280594944474
2019-02-05 00:00:00,1.7927661403557535
2019-02-12 00:00:00,1.4535568835921433
2019-02-19 00:00:00,1.4095864435539154
2019-02-26 00:00:00,1.1003690702518132
2019-03-05 00:00:00,2.1003074522540452
2019-03-12 00:00:00,1.747649711950462
2019-03-19 00:00:00,1.3968744210397261
2019-03-26 00:00:00,0.8061076862052146
2019-04-02 00:00:00,1.0119081388694913
2019-04-09 00:00:00,1.303117240669087
2019-04-16 00:00:00,1.292331347359639
2019-04-23 00:00:00,1.1817597206053732
2019-04-30 00:00:00,0.7894508570194425
2019-05-07 00:00:00,1.019252747645339
2019-05-14 00:00:00,0.5500976668450036
2019-05-21 00:00:00,0.6378964766856625
2019-05-28 00:00:00,0.62513312598076
2019-06-11 00:00:00,1.3137306273649278
2019-06-18 00:00:00,1.550747418059486
2019-06-25 00:00:00,0.5433114129049729
2019-07-02 00:00:00,0.6651230474343031
2019-07-09 00:00:00,0.8332716024460747
2019-07-16 00:00:00,0.9774443972948079
2019-07-23 00:00:00,1.097409560982643
2019-07-30 00:00:00,0.9005732184930749
2019-08-06 00:00:00,1.2626027550815055
2019-08-13 00:00:00,1.2344309512379463
2019-08-20 00:00:00,1.2270964101264452
2019-08-27 00:00:00,1.2943982613806415
2019-09-03 00:00:00,1.2032455552657633
2019-09-10 00:00:00,1.7696281922489836
2019-09-17 00:00:00,1.3210783882810475
2019-09-24 00:00:00,0.7670133971034135
2019-10-01 00:00:00,1.1502481961376196
2019-10-08 00:00:00,0.9200925000323673
2019-10-15 00:00:00,1.135892414218498
2019-10-22 00:00:00,0.7193759633357603
2019-10-29 00:00:00,1.5205017591495498
2019-11-05 00:00:00,1.1046470890026792
2019-11-12 00:00:00,0.8856156102519047
2019-11-19 00:00:00,1.1762197164510915
2019-11-26 00:00:00,0.8823175226468695
2019-12-03 00:00:00,1.319374281884743
2019-12-10 00:00:00,0.982935666452343
2019-12-17 00:00:00,1.5529685958463644
2019-12-24 00:00:00,1.3022276554191279
2019-12-31 00:00:00,0.48232412402769703
2020-01-07 00:00:00,1.033759219463464
2020-01-14 00:00:00,1.4701100522590447
2020-01-21 00:00:00,1.2052729154665405
2020-01-28 00:00:00,0.964055876262401
2020-02-04 00:00:00,0.8646101510619134
2020-02-11 00:00:00,1.331505185526305
2020-02-18 00:00:00,1.61735558168873
2020-02-25 00:00:00,1.2166846170846268
2020-03-03 00:00:00,1.027858911170951
2020-03-10 00:00:00,1.0415574170266038
2020-03-17 00:00:00,2.3635776270205446
2020-03-24 00:00:00,1.4028199692006387
2020-03-31 00:00:00,1.577354154045429
2018-01-02 01:00:00,0.8463116209269541
2018-01-09 01:00:00,1.5455379293178497
2018-01-16 01:00:00,1.2269293473787568
2018-01-23 01:00:00,1.0698172162061335
2018-01-30 01:00:00,1.2491140653681603
2018-02-06 01:00:00,1.3158686749861652
2018-02-13 01:00:00,0.9539301740431507
2018-02-20 01:00:00,0.6704646756203625
2018-02-27 01:00:00,1.7526070447770823
2018-03-06 01:00:00,1.4798257162804656
2018-03-13 01:00:00,1.0316775759191
2018-03-20 01:00:00,1.037654752073861
2018-03-27 01:00:00,0.9291527941069633
2018-04-03 01:00:00,1.1984861335871704
2018-04-10 01:00:00,1.5387594281743924
2018-04-17 01:00:00,1.0224459269142154
2018-04-24 01:00:00,1.2444011124595704
2018-05-01 01:00:00,0.8205943870422007
2018-05-08 01:00:00,0.8896627203719102
2018-05-15 01:00:00,2.256578847163592
2018-05-22 01:00:00,0.9656573995146177
2018-05-29 01:00:00,0.9691741752706615
2018-06-05 01:00:00,0.7606386467899784
2018-06-12 01:00:00,0.8725480031409066
2018-06-19 01:00:00,1.4241812121871014
2018-06-26 01:00:00,0.811977845757395
2018-07-03 01:00:00,1.1693346736571273
2018-07-10 01:00:00,0.8996343537619053
2018-07-17 01:00:00,1.1873304512948184
2018-07-24 01:00:00,1.3708978753432954
2018-07-31 01:00:00,0.8401951966557906
2018-08-07 01:00:00,0.8718409726909007
2018-08-14 01:00:00,0.9197882314430346
2018-08-21 01:00:00,0.9994960404874138
2018-08-28 01:00:00,0.9706137732939963
2018-09-04 01:00:00,1.655943368903356
2018-09-11 01:00:00,1.3746775312237052
2018-09-18 01:00:00,1.5131530096376078
2018-09-25 01:00:00,1.7278636798907634
2018-10-02 01:00:00,0.8877383014819161
2018-10-09 01:00:00,1.8847871102443252
2018-10-16 01:00:00,1.2297344556263488
2018-10-23 01:00:00,1.2973559848224392
2018-10-30 01:00:00,1.0208871012363847
2018-11-06 01:00:00,2.2627181415739575
2018-11-13 01:00:00,1.916320808643002
2018-11-20 01:00:00,1.1611056615030821
2018-11-27 01:00:00,1.2142514972717913
2018-12-04 01:00:00,1.1788657100785984
2018-12-11 01:00:00,1.116286656281998
2018-12-18 01:00:00,1.58131388237995
2018-12-25 01:00:00,0.7283815881436566
2019-01-01 01:00:00,0.5116675080083134
2019-01-08 01:00:00,1.1921472526333432
2019-01-15 01:00:00,0.5294267802553208
2019-01-22 01:00:00,2.3902834488379687
2019-01-29 01:00:00,2.419211935959474
2019-02-05 01:00:00,1.3187467619982685
2019-02-12 01:00:00,2.303303103856125
2019-02-19 01:00:00,1.160343527020232
2019-02-26 01:00:00,1.5030444879969038
2019-03-05 01:00:00,1.1954942338821717
2019-03-12 01:00:00,1.3902199999190288
2019-03-19 01:00:00,0.6232651954127304
2019-03-26 01:00:00,1.333305016328317
2019-04-02 01:00:00,1.2054560070851437
2019-04-09 01:00:00,0.9064183554442695
2019-04-16 01:00:00,1.1124506052265157
2019-04-23 01:00:00,1.3404773662853409
2019-04-30 01:00:00,1.4356631050809974
2019-05-07 01:00:00,1.2515701868800426
2019-05-14 01:00:00,1.5400126979064728
2019-05-21 01:00:00,0.8951141573590612
2019-05-28 01:00:00,1.481988251543259
2019-06-11 01:00:00,0.6834248401752339
2019-06-18 01:00:00,0.4058639046187075
2019-06-25 01:00:00,1.9256877650175919
2019-07-02 01:00:00,0.7424571689784542
2019-07-09 01:00:00,1.2287902232772405
2019-07-16 01:00:00,0.6140750174430887
2019-07-23 01:00:00,0.6403879916409748
2019-07-30 01:00:00,1.073982566253625
2019-08-06 01:00:00,0.5925638611407534
2019-08-13 01:00:00,0.9839959052987758
2019-08-20 01:00:00,0.9113393687312996
2019-08-27 01:00:00,0.8761600646863537
2019-09-03 01:00:00,0.6626382849512173
2019-09-10 01:00:00,1.7370127042347092
2019-09-17 01:00:00,1.476625892458215
2019-09-24 01:00:00,1.3073698229863808
2019-10-01 01:00:00,0.9671977313497726
2019-10-08 01:00:00,1.608173618898957
2019-10-15 01:00:00,1.2335807532452212
2019-10-22 01:00:00,2.106498613474906
2019-10-29 01:00:00,1.7672570042722409
2019-11-05 01:00:00,1.4844258197917701
2019-11-12 01:00:00,1.5946789217913804
2019-11-19 01:00:00,1.4033048438807414
2019-11-26 01:00:00,1.3499523758197172
2019-12-03 01:00:00,1.1159053128002894
2019-12-10 01:00:00,1.7233799627257467
2019-12-17 01:00:00,1.1223866321384772
2019-12-24 01:00:00,1.208454938299245
2019-12-31 01:00:00,0.5910888602029604
2020-01-07 01:00:00,1.148685350515935
2020-01-14 01:00:00,1.371063457873455
2020-01-21 01:00:00,1.1277503386181473
2020-01-28 01:00:00,1.1349691650052196
2020-02-04 01:00:00,0.7868649151385497
2020-02-11 01:00:00,2.340303440315775
2020-02-18 01:00:00,1.4945527331397517
2020-02-25 01:00:00,1.3183012192408794
2020-03-03 01:00:00,0.7028112582709332
2020-03-10 01:00:00,0.8983695556587546
2020-03-17 01:00:00,1.2212541550200169
2020-03-24 01:00:00,1.3789696167294678
2020-03-31 01:00:00,0.8171370484199084
2018-01-02 02:00:00,1.322026364349312
2018-01-09 02:00:00,2.297536921176165
2018-01-16 02:00:00,1.6262953086589642
2018-01-23 02:00:00,1.8433990251619323
2018-01-30 02:00:00,1.2834169722760835
2018-02-06 02:00:00,1.1869600049590439
2018-02-13 02:00:00,1.141728137024031
2018-02-20 02:00:00,1.610753250322154
2018-02-27 02:00:00,1.2185337432349241
2018-03-06 02:00:00,1.3284269248645924
2018-03-13 02:00:00,1.2743848479811597
2018-03-20 02:00:00,1.907724148527049
2018-03-27 02:00:00,1.0570884528467297
2018-04-03 02:00:00,1.265590272762799
2018-04-10 02:00:00,1.907470579371118
2018-04-24 02:00:00,1.931034896203638
2018-05-01 02:00:00,1.9392376459689664
2018-05-08 02:00:00,1.1281407295684076
2018-05-15 02:00:00,1.1595872678658614
2018-05-22 02:00:00,1.7482815054735434
2018-05-29 02:00:00,1.1057590230371972
2018-06-05 02:00:00,0.7752658934345191
2018-06-12 02:00:00,1.2426482579139986
2018-06-19 02:00:00,1.7228395236665863
2018-06-26 02:00:00,1.336893451721255
2018-07-03 02:00:00,2.5318331482368768
2018-07-10 02:00:00,1.4475755691459897
2018-07-17 02:00:00,2.774188485470148
2018-07-24 02:00:00,1.2326592253590747
2018-07-31 02:00:00,1.3142713418972336
2018-08-07 02:00:00,1.056813902890479
2018-08-14 02:00:00,2.36768476130575
2018-08-21 02:00:00,1.92010160813274
2018-08-28 02:00:00,3.514657996931034
2018-09-04 02:00:00,1.0685905313619535
2018-09-11 02:00:00,1.093465648887943
2018-09-18 02:00:00,1.1244172285227587
2018-09-25 02:00:00,0.7776793191696321
2018-10-02 02:00:00,1.6996785348119745
2018-10-16 02:00:00,1.44804015572311
2018-10-23 02:00:00,2.0757308417632028
2018-10-30 02:00:00,2.105860462529301
2018-11-06 02:00:00,2.5821054733843423
2018-11-13 02:00:00,1.9651061917791137
2018-11-20 02:00:00,1.4723864409992764
2018-11-27 02:00:00,1.3501767644833529
2018-12-04 02:00:00,1.474038679708148
2018-12-11 02:00:00,0.8019852286823682
2018-12-18 02:00:00,0.6232710399110557
2018-12-25 02:00:00,0.6691312224441541
2019-01-01 02:00:00,0.2766629814403301
2019-01-08 02:00:00,1.1878371656535525
2019-01-15 02:00:00,0.9868394567677087
2019-01-22 02:00:00,1.0016737192873562
2019-01-29 02:00:00,1.1626318409113503
2019-02-05 02:00:00,1.7548571317504402
2019-02-12 02:00:00,2.156461381909387
2019-02-19 02:00:00,0.6916704439705117
2019-02-26 02:00:00,0.8931843074793353
2019-03-05 02:00:00,1.9032795381451377
2019-03-12 02:00:00,1.4645284773171041
2019-03-19 02:00:00,2.010271605453338
2019-03-26 02:00:00,1.7632686566217024
2019-04-02 02:00:00,1.0676740396289264
2019-04-09 02:00:00,2.076480005758264
2019-04-23 02:00:00,1.9315316612100943
2019-04-30 02:00:00,0.7125608656450718
2019-05-07 02:00:00,0.8238899713877805
2019-05-14 02:00:00,1.4221513479788814
2019-05-21 02:00:00,0.9940426554669212
2019-05-28 02:00:00,1.2548127816282162
2019-06-11 02:00:00,1.756698076680226
2019-06-18 02:00:00,1.9233338535947242
2019-06-25 02:00:00,1.1204787945084098
2019-07-02 02:00:00,1.948151173519041
2019-07-09 02:00:00,1.4474291106009245
2019-07-16 02:00:00,1.3490504439412252
2019-07-23 02:00:00,0.8206471660547948
2019-07-30 02:00:00,1.2106728729163538
2019-08-06 02:00:00,1.0758576701133156
2019-08-13 02:00:00,0.9522795452169764
2019-08-20 02:00:00,1.1996250699773172
2019-08-27 02:00:00,1.273230178369044
2019-09-03 02:00:00,0.9132151683629031
2019-09-10 02:00:00,0.9181330985064664
2019-09-17 02:00:00,0.7579135398021314
2019-09-24 02:00:00,1.893506226022265
2019-10-01 02:00:00,0.9251555796034888
2019-10-08 02:00:00,1.2141720071338278
2019-10-15 02:00:00,1.3216968359573256
2019-10-22 02:00:00,1.9731651698354469
2019-10-29 02:00:00,1.2156158758572069
2019-11-05 02:00:00,0.9068258656114493
2019-11-12 02:00:00,0.8747669501043135
2019-11-19 02:00:00,0.9492784351233047
2019-11-26 02:00:00,2.100171673188962
2019-12-03 02:00:00,2.0515011152729756
2019-12-10 02:00:00,0.9724653763443731
2019-12-17 02:00:00,1.0946605185187228
2019-12-24 02:00:00,1.4177270082194158
2019-12-31 02:00:00,1.0992109554423888
2020-01-07 02:00:00,1.9486300309470703
2020-01-14 02:00:00,0.7329849390338229
2020-01-21 02:00:00,1.5424307622184779
2020-01-28 02:00:00,1.215994302934871
2020-02-04 02:00:00,2.030477535955334
2020-02-11 02:00:00,1.2182257040347628
2020-02-18 02:00:00,1.3903069734119042
2020-02-25 02:00:00,1.7922404457457548
2020-03-03 02:00:00,0.9370435107704873
2020-03-10 02:00:00,1.466941416233639
2020-03-17 02:00:00,3.052377210907234
2020-03-24 02:00:00,1.0886749649420553
2020-03-31 02:00:00,2.1524339643446786
2018-01-02 03:00:00,0.9775571334054763
2018-01-09 03:00:00,2.131906844588902
2018-01-16 03:00:00,1.6151677238879871
2018-01-23 03:00:00,0.8839721244223563
2018-01-30 03:00:00,0.8090641204179407
2018-02-06 03:00:00,1.7335385041505809
2018-02-13 03:00:00,1.0177595162830302
2018-02-20 03:00:00,1.5224842135531935
2018-02-27 03:00:00,0.9497213291596635
2018-03-13 03:00:00,0.6460115190720759
2018-03-20 03:00:00,1.7072219351608169
2018-03-27 03:00:00,0.9462021550838582
2018-04-03 03:00:00,1.2424935853602557
2018-04-10 03:00:00,0.8187910801916609
2018-04-24 03:00:00,1.0378970539331829
2018-05-01 03:00:00,0.9727283509977894
2018-05-08 03:00:00,1.5373050887516586
2018-05-15 03:00:00,2.1460719129772694
2018-05-22 03:00:00,1.195338683247727
2018-05-29 03:00:00,1.3469760254775458
2018-06-05 03:00:00,1.073445957580947
2018-06-12 03:00:00,1.398324226699586
2018-06-19 03:00:00,1.537334865884694
2018-06-26 03:00:00,1.1608486759070522
2018-07-03 03:00:00,0.6337289402642676
2018-07-10 03:00:00,1.4773930987697208
2018-07-17 03:00:00,1.5106071020492908
2018-07-24 03:00:00,2.0934508077051968
2018-07-31 03:00:00,1.5196138674267663
2018-08-07 03:00:00,1.24527767451314
2018-08-14 03:00:00,2.459850822891188
2018-08-21 03:00:00,1.0301567110381789
2018-08-28 03:00:00,1.3953642159075048
2018-09-04 03:00:00,1.5470575285722552
2018-09-11 03:00:00,0.5701284511586509
2018-09-18 03:00:00,1.5052805894041292
2018-09-25 03:00:00,1.5410367189395833
2018-10-09 03:00:00,1.9557856988618731
2018-10-16 03:00:00,0.9278966759791037
2018-10-23 03:00:00,1.1600840179191116
2018-10-30 03:00:00,1.084670450524643
2018-11-06 03:00:00,1.3398342043962752
2018-11-13 03:00:00,1.8225053284252966
2018-11-20 03:00:00,0.9823457796565749
2018-11-27 03:00:00,1.1096897476560081
2018-12-04 03:00:00,1.0265871924670997
2018-12-11 03:00:00,1.0505637502395724
2018-12-18 03:00:00,0.874603153163708
2018-12-25 03:00:00,0.7660737583878826
2019-01-01 03:00:00,0.4271822145828882
2019-01-08 03:00:00,1.8086431950240291
2019-01-15 03:00:00,1.6852231432129576
2019-01-22 03:00:00,0.8527637907476423
2019-01-29 03:00:00,2.0966631734747194
2019-02-05 03:00:00,0.8939116057485142
2019-02-12 03:00:00,1.621245413846518
2019-02-19 03:00:00,1.2556049562931397
2019-02-26 03:00:00,1.4340097484804724
2019-03-05 03:00:00,1.3761414700429242
2019-03-12 03:00:00,1.0042105797921899
2019-03-26 03:00:00,1.7488563152321563
2019-04-02 03:00:00,1.832322759606098
2019-04-09 03:00:00,0.7880607334346096
2019-04-16 03:00:00,0.7876818046925407
2019-04-23 03:00:00,0.5293508939984646
2019-04-30 03:00:00,0.8867287582903104
2019-05-07 03:00:00,1.0039468469193948
2019-05-14 03:00:00,1.2949117671754378
2019-05-21 03:00:00,0.7030641006167111
2019-05-28 03:00:00,0.7600428493631063
2019-06-11 03:00:00,0.5224767706447008
2019-06-18 03:00:00,1.1555065228527581
2019-06-25 03:00:00,1.1042676090345005
2019-07-02 03:00:00,1.2453423815254867
2019-07-09 03:00:00,1.152755390186062
2019-07-16 03:00:00,1.9460957801342582
2019-07-23 03:00:00,1.1933052774287962
2019-07-30 03:00:00,1.5668783305745464
2019-08-06 03:00:00,1.750836665330245
2019-08-13 03:00:00,1.1105819699860522
2019-08-20 03:00:00,0.9819913454813392
2019-09-03 03:00:00,1.9730737004789787
2019-09-10 03:00:00,0.8069080390134231
2019-09-17 03:00:00,0.8997953807864776
2019-09-24 03:00:00,1.3274136948382023
2019-10-01 03:00:00,1.21127293705698
2019-10-15 03:00:00,0.8158340966365238
2019-10-22 03:00:00,1.2941084412133146
2019-10-29 03:00:00,1.0464220314791455
2019-11-05 03:00:00,2.3612938960241934
2019-11-12 03:00:00,0.6777355328769834
2019-11-19 03:00:00,2.8588092540318533
2019-12-03 03:00:00,1.053306379041662
2019-12-17 03:00:00,1.160893205339891
2019-12-24 03:00:00,0.8665305813731315
2019-12-31 03:00:00,0.9622427225560146
2020-01-14 03:00:00,0.8819951611856408
2020-01-21 03:00:00,0.9323331404327222
2020-01-28 03:00:00,1.2143642495072349
2020-02-04 03:00:00,0.8176932946123342
2020-02-18 03:00:00,2.320907861714138
2020-02-25 03:00:00,1.4187976866675327
2020-03-10 03:00:00,2.544501035851807
2020-03-24 03:00:00,2.06326383518994
2020-03-31 03:00:00,1.1603487480842456
2018-01-09 04:00:00,0.5227810266960058
2018-01-16 04:00:00,0.9161926147158932
2018-01-23 04:00:00,1.1340155193792343
2018-01-30 04:00:00,0.6115438431537925
2018-02-06 04:00:00,0.7878522962101112
2018-02-13 04:00:00,0.884382721430457
2018-02-20 04:00:00,0.6479588027756936
2018-02-27 04:00:00,0.8753400783893093
2018-03-06 04:00:00,0.7447932961090747
2018-03-13 04:00:00,0.5576984707578372
2018-03-27 04:00:00,0.8661276645731879
2018-04-03 04:00:00,0.7034096679754627
2018-04-10 04:00:00,0.7926105287677687
2018-04-17 04:00:00,0.9969154802833576
2018-04-24 04:00:00,0.953718651771858
2018-05-01 04:00:00,0.8808701525935453
2018-05-08 04:00:00,0.9424469454862666
2018-05-15 04:00:00,1.1496159385772076
2018-05-22 04:00:00,0.4720209457639839
2018-05-29 04:00:00,0.9363948400549418
2018-06-05 04:00:00,1.1107548230970627
2018-06-12 04:00:00,0.47477639432924723
2018-06-19 04:00:00,0.5979672304157617
2018-06-26 04:00:00,1.0828798135293773
2018-07-03 04:00:00,1.374455868040373
2018-07-10 04:00:00,0.8199096156880701
2018-07-17 04:00:00,0.5873278856160637
2018-07-24 04:00:00,0.5707096689790849
2018-07-31 04:00:00,0.6101591840003907
2018-08-07 04:00:00,0.8435714317438391
2018-08-14 04:00:00,0.6901481422772423
2018-08-21 04:00:00,0.8079253714424948
2018-08-28 04:00:00,1.734725518397096
2018-09-04 04:00:00,0.6360121273146444
2018-09-11 04:00:00,0.6542414271825978
2018-09-18 04:00:00,0.7554702934283124
2018-09-25 04:00:00,0.9966340483594051
2018-10-02 04:00:00,1.037409380387259
2018-10-09 04:00:00,1.0239918888676591
2018-10-16 04:00:00,0.8006824714365851
2018-10-23 04:00:00,0.4542483249202229
2018-10-30 04:00:00,0.8662914735485926
2018-11-06 04:00:00,0.8366776857350677
2018-11-13 04:00:00,0.7401340829909927
2018-11-20 04:00:00,1.4766635192000215
2018-11-27 04:00:00,1.1809512312274035
2018-12-04 04:00:00,0.9735566034127926
2018-12-11 04:00:00,0.33969940744935423
2018-12-18 04:00:00,0.6178906029783423
2018-12-25 04:00:00,0.9313431524275294
2019-01-01 04:00:00,0.36378295295019203
2019-01-08 04:00:00,1.0054995691978854
2019-01-15 04:00:00,1.20226705865744
2019-01-22 04:00:00,0.5526863815052473
2019-01-29 04:00:00,0.4762106158977448
2019-02-05 04:00:00,0.6440620943566641
2019-02-12 04:00:00,0.9588332165347045
2019-02-19 04:00:00,0.5596890747096886
2019-02-26 04:00:00,0.6301687939713481
2019-03-12 04:00:00,1.3154325091900703
2019-03-19 04:00:00,1.0439887960505443
2019-03-26 04:00:00,0.5597308905576504
2019-04-02 04:00:00,0.9332309021992716
2019-04-09 04:00:00,0.5808987752086626
2019-04-16 04:00:00,0.8828677607491575
2019-04-23 04:00:00,0.6598315162818433
2019-04-30 04:00:00,0.5006589899648687
2019-05-07 04:00:00,0.9794547222660761
2019-05-14 04:00:00,0.8288099793457134
2019-05-21 04:00:00,1.058741669540242
2019-05-28 04:00:00,0.5210945244287364
2019-06-11 04:00:00,0.5222419447310479
2019-06-18 04:00:00,0.5369907379441077
2019-06-25 04:00:00,0.7851183437161424
2019-07-02 04:00:00,1.2166567134366575
2019-07-09 04:00:00,0.8982935077644524
2019-07-16 04:00:00,0.6586333966499744
2019-07-23 04:00:00,0.6911473487975344
2019-07-30 04:00:00,0.6547992410487388
2019-08-06 04:00:00,0.9196286964851413
2019-08-13 04:00:00,0.5641680857661217
2019-08-20 04:00:00,0.5855656019404623
2019-08-27 04:00:00,1.5186173136261403
2019-09-03 04:00:00,0.9216441551032384
2019-09-10 04:00:00,0.6690810335591045
2019-09-17 04:00:00,1.1673767750753954
2019-09-24 04:00:00,0.8119960796398431
2019-10-01 04:00:00,0.8416190142488363
2019-10-15 04:00:00,0.7590445641889404
2019-10-22 04:00:00,0.4245619938092018
2019-10-29 04:00:00,0.8676007450720398
2019-11-05 04:00:00,0.7475903674291571
2019-11-12 04:00:00,1.215262667363488
2019-11-19 04:00:00,0.44611116833713504
2019-11-26 04:00:00,0.6480760181644423
2019-12-03 04:00:00,0.41510551647893756
2019-12-10 04:00:00,0.46064210178208076
2019-12-17 04:00:00,1.0618413300171181
2019-12-24 04:00:00,0.6317766401003624
2019-12-31 04:00:00,0.7053827595034596
2020-01-07 04:00:00,1.1067775442759173
2020-01-14 04:00:00,0.8475335336872285
2020-01-21 04:00:00,0.6120820761513974
2020-01-28 04:00:00,0.8872304542386368
2020-02-04 04:00:00,1.3685287150035224
2020-02-11 04:00:00,0.8969751542019114
2020-02-18 04:00:00,1.0791273907870669
2020-02-25 04:00:00,0.7781500443717518
2020-03-03 04:00:00,1.5107217410353373
2020-03-17 04:00:00,1.764791461699475
2020-03-31 04:00:00,0.7915459887140323
2018-01-02 05:00:00,0.5710206961789094
2018-01-09 05:00:00,0.635241298095434
2018-01-16 05:00:00,0.6300116207662289
2018-01-23 05:00:00,0.6948815804155402
2018-01-30 05:00:00,0.5255617387129674
2018-02-06 05:00:00,0.6828025859596277
2018-02-13 05:00:00,0.9688007383175066
2018-02-20 05:00:00,0.6871254509264724
2018-02-27 05:00:00,0.8823642645409648
2018-03-06 05:00:00,0.47381286491117564
2018-03-13 05:00:00,0.5434662693693192
2018-03-20 05:00:00,0.5306111319801464
2018-03-27 05:00:00,0.4147037056355738
2018-04-03 05:00:00,0.5247537148625525
2018-04-10 05:00:00,0.4164796462848986
2018-04-17 05:00:00,0.4648351608224735
2018-04-24 05:00:00,0.37143842784799425
2018-05-01 05:00:00,0.9149898460785325
2018-05-08 05:00:00,0.3278144193079019
2018-05-15 05:00:00,0.3430199286327091
2018-05-22 05:00:00,0.4203120436500492
2018-05-29 05:00:00,0.5382077093483107
2018-06-05 05:00:00,0.3439146660601947
2018-06-12 05:00:00,0.48651063044888976
2018-06-19 05:00:00,0.3534390122444527
2018-06-26 05:00:00,0.6330905749496689
2018-07-03 05:00:00,0.4958213661651141
2018-07-10 05:00:00,0.7010149242022795
2018-07-17 05:00:00,0.4235398426806647
2018-07-24 05:00:00,0.3933974978792533
2018-07-31 05:00:00,0.3763532586796995
2018-08-07 05:00:00,0.5166705817183288
2018-08-14 05:00:00,0.5377500823021972
2018-08-21 05:00:00,0.33946492481913837
2018-08-28 05:00:00,0.6504003279015715
2018-09-04 05:00:00,0.6340690155279992
2018-09-11 05:00:00,0.7189325875835763
2018-09-18 05:00:00,0.707067575547964
2018-09-25 05:00:00,0.5023602724781608
2018-10-02 05:00:00,0.3013923317249777
2018-10-09 05:00:00,0.4273087776249507
2018-10-16 05:00:00,0.42617561993517167
2018-10-23 05:00:00,0.45542226047175915
2018-10-30 05:00:00,0.5385144208893298
2018-11-06 05:00:00,0.5777380560091235
2018-11-13 05:00:00,0.6401923461529819
2018-11-20 05:00:00,0.6247310378763145
2018-11-27 05:00:00,0.547422997349957
2018-12-04 05:00:00,0.5198317279567128
2018-12-11 05:00:00,0.31112064546459606
2018-12-18 05:00:00,0.6581651752345379
2018-12-25 05:00:00,0.6899362020358808
2019-01-01 05:00:00,0.5203872382636009
2019-01-08 05:00:00,0.6650002057602648
2019-01-15 05:00:00,0.7960993606550518
2019-01-22 05:00:00,0.45317053983049804
2019-01-29 05:00:00,0.563821847894432
2019-02-05 05:00:00,0.6501929538420437
2019-02-12 05:00:00,0.45064950516635494
2019-02-19 05:00:00,0.33204105066235645
2019-02-26 05:00:00,0.4578704169666785
2019-03-05 05:00:00,0.6977795052126402
2019-03-12 05:00:00,0.7771834336707611
2019-03-19 05:00:00,0.4223702190031342
2019-03-26 05:00:00,0.49857736698933114
2019-04-02 05:00:00,0.40922333555747215
2019-04-09 05:00:00,0.5341832511425975
2019-04-16 05:00:00,0.5794389299646052
2019-04-23 05:00:00,0.43284997738320125
2019-04-30 05:00:00,0.6148404389648171
2019-05-07 05:00:00,0.4891316849335218
2019-05-14 05:00:00,0.46915151538147576
2019-05-21 05:00:00,0.4493454332751597
2019-05-28 05:00:00,0.4525441137898121
2019-06-11 05:00:00,0.4649455524485337
2019-06-18 05:00:00,0.45869798751529284
2019-06-25 05:00:00,0.4468393800830854
2019-07-02 05:00:00,0.6307679394056751
2019-07-09 05:00:00,0.3533704694537915
2019-07-16 05:00:00,0.6737469416472363
2019-07-23 05:00:00,0.40352973819489457
2019-07-30 05:00:00,0.7928558521977079
2019-08-06 05:00:00,0.6820804386737761
2019-08-13 05:00:00,0.6249197749159283
2019-08-20 05:00:00,0.806923409803743
2019-08-27 05:00:00,0.6869866771649006
2019-09-03 05:00:00,0.4491033124275267
2019-09-10 05:00:00,0.5221814752202901
2019-09-17 05:00:00,0.5098760440223457
2019-09-24 05:00:00,0.4926582185928913
2019-10-01 05:00:00,0.6663152125562224
2019-10-08 05:00:00,0.4377802997187925
2019-10-15 05:00:00,0.41390505110696424
2019-10-22 05:00:00,0.6157509660366396
2019-10-29 05:00:00,0.47760629141655386
2019-11-05 05:00:00,0.6881683316555103
2019-11-12 05:00:00,0.46485097756088023
2019-11-19 05:00:00,0.4317077213261536
2019-11-26 05:00:00,0.3753444623197691
2019-12-03 05:00:00,0.5759629006457715
2019-12-10 05:00:00,0.8187897366233099
2019-12-17 05:00:00,0.7172050850657393
2019-12-24 05:00:00,0.7587136412781321
2019-12-31 05:00:00,0.6006851273487847
2020-01-07 05:00:00,0.660572863533265
2020-01-14 05:00:00,0.6927717821126403
2020-01-21 05:00:00,0.7488898667200666
2020-01-28 05:00:00,0.5704796367838261
2020-02-04 05:00:00,0.6296438968356273
2020-02-11 05:00:00,0.5520530663515917
2020-02-18 05:00:00,0.5715652359561647
2020-02-25 05:00:00,0.8380972962727418
2020-03-03 05:00:00,0.6038409310355736
2020-03-10 05:00:00,1.0439413598912686
2020-03-17 05:00:00,0.84242582482302
2020-03-24 05:00:00,0.61801257947449
2020-03-31 05:00:00,0.8402199406090881
2018-01-02 06:00:00,0.5433623433859653
2018-01-09 06:00:00,0.5317018440042397
2018-01-16 06:00:00,0.5322150997085037
2018-01-23 06:00:00,0.5077692271574951
2018-01-30 06:00:00,0.44341826869109696
2018-02-13 06:00:00,0.463883079684923
2018-02-20 06:00:00,0.49058705768700944
2018-02-27 06:00:00,0.520928011699336
2018-03-06 06:00:00,0.43250655054713016
2018-03-13 06:00:00,0.7054582753958634
2018-03-20 06:00:00,0.47168996540100894
2018-03-27 06:00:00,0.4571746823361484
2018-04-03 06:00:00,0.5745349057369703
2018-04-10 06:00:00,0.36957934306639356
2018-04-17 06:00:00,0.3991173992059172
2018-04-24 06:00:00,0.4436176844423172
2018-05-01 06:00:00,0.4274761478802806
2018-05-08 06:00:00,0.7759247809662624
2018-05-15 06:00:00,0.4472683345736669
2018-05-22 06:00:00,0.520908184463326
2018-05-29 06:00:00,0.39258022313672947
2018-06-05 06:00:00,0.4704163401887487
2018-06-12 06:00:00,0.49594386939463947
2018-06-19 06:00:00,0.42549616707801186
2018-06-26 06:00:00,0.5467074283362484
2018-07-03 06:00:00,0.544401708385819
2018-07-10 06:00:00,0.5014788611961388
2018-07-17 06:00:00,0.5479933667511735
2018-07-24 06:00:00,0.3882090039791082
2018-07-31 06:00:00,0.43136674926008856
2018-08-07 06:00:00,0.4532445574919895
2018-08-14 06:00:00,0.6247670572988319
2018-08-21 06:00:00,0.4427305175578366
2018-08-28 06:00:00,0.4108755545474716
2018-09-04 06:00:00,0.5336670922323719
2018-09-11 06:00:00,0.6190727920456481
2018-09-18 06:00:00,0.34784676179687546
2018-09-25 06:00:00,0.3961421925751109
2018-10-02 06:00:00,0.46219782647448465
2018-10-09 06:00:00,0.45051462494262623
2018-10-16 06:00:00,0.40633018110924296
2018-10-23 06:00:00,0.5075511707242497
2018-10-30 06:00:00,0.4503933294349105
2018-11-06 06:00:00,0.5542071609626875
2018-11-13 06:00:00,0.8546684945860406
2018-11-20 06:00:00,0.45212491245796493
2018-11-27 06:00:00,0.805940514601879
2018-12-04 06:00:00,0.4773038704921988
2018-12-11 06:00:00,0.42022599832750696
2018-12-18 06:00:00,0.5646280235218213
2018-12-25 06:00:00,1.0596263574312728
2019-01-01 06:00:00,0.5930725178919836
2019-01-08 06:00:00,0.5636526436098453
2019-01-22 06:00:00,0.5103827701044195
2019-01-29 06:00:00,0.7656046876479218
2019-02-05 06:00:00,0.4916113714416728
2019-02-12 06:00:00,0.516220143369791
2019-02-19 06:00:00,0.45338397872864955
2019-02-26 06:00:00,0.33260235396302357
2019-03-05 06:00:00,0.6772980791820864
2019-03-12 06:00:00,0.471400471462665
2019-03-19 06:00:00,0.6011897812387795
2019-03-26 06:00:00,0.8188177105036447
2019-04-02 06:00:00,0.7409900054957269
2019-04-09 06:00:00,0.44480430677948823
2019-04-16 06:00:00,0.5484316252254515
2019-04-23 06:00:00,0.8003309641855336
2019-04-30 06:00:00,0.4705953256521943
2019-05-07 06:00:00,0.5839979718221006
2019-05-14 06:00:00,0.40380935280777747
2019-05-21 06:00:00,0.4360475473996004
2019-05-28 06:00:00,0.4563008819280027
2019-06-11 06:00:00,0.7055025747488904
2019-06-18 06:00:00,0.4668129461077444
2019-06-25 06:00:00,0.5248580473976855
2019-07-02 06:00:00,0.5296029739457472
2019-07-09 06:00:00,0.7471867254019764
2019-07-16 06:00:00,0.5135995583460665
2019-07-23 06:00:00,0.6300250035291731
2019-07-30 06:00:00,0.7274096649466292
2019-08-06 06:00:00,0.851361292234174
2019-08-13 06:00:00,1.2454364497889796
2019-08-20 06:00:00,0.8464252536089727
2019-08-27 06:00:00,0.7824076310891348
2019-09-03 06:00:00,0.5726420619305005
2019-09-10 06:00:00,0.5928971303493438
2019-09-17 06:00:00,0.6915002071015376
2019-09-24 06:00:00,0.540302300731153
2019-10-01 06:00:00,0.6916536695594772
2019-10-08 06:00:00,0.5179088103975095
2019-10-15 06:00:00,0.4900022326664021
2019-10-22 06:00:00,0.45917891553531337
2019-10-29 06:00:00,0.581829308753921
2019-11-05 06:00:00,0.6464708750236546
2019-11-12 06:00:00,0.7452020627898845
2019-11-19 06:00:00,0.5589271126719622
2019-11-26 06:00:00,0.6002740959983072
2019-12-03 06:00:00,0.5902747649961176
2019-12-10 06:00:00,0.8329858181788797
2019-12-17 06:00:00,0.4350103405007585
2019-12-24 06:00:00,0.8136517596470596
2019-12-31 06:00:00,0.7057661509546254
2020-01-07 06:00:00,0.6337891724823006
2020-01-14 06:00:00,0.5300833135340369
2020-01-21 06:00:00,0.795865707204724
2020-01-28 06:00:00,0.4699160503043215
2020-02-04 06:00:00,0.733238499335994
2020-02-11 06:00:00,0.8146422740090996
2020-02-18 06:00:00,0.7020550421671492
2020-02-25 06:00:00,0.636584652552199
2020-03-03 06:00:00,0.505154320663541
2020-03-10 06:00:00,0.6729358333802518
2020-03-17 06:00:00,0.9246633108720552
2020-03-24 06:00:00,0.4888419632874356
2020-03-31 06:00:00,0.4961093039940148
2018-01-02 07:00:00,0.5202057378496264
2018-01-09 07:00:00,0.5185795816163554
2018-01-16 07:00:00,0.9565396685482329
2018-01-23 07:00:00,0.4404849966573048
2018-01-30 07:00:00,0.6306836519647914
2018-02-13 07:00:00,0.8301487090802625
2018-02-20 07:00:00,0.5001711009490732
2018-02-27 07:00:00,0.7797880912924492
2018-03-06 07:00:00,0.6872840169033035
2018-03-13 07:00:00,0.6798484844537868
2018-03-20 07:00:00,0.570514755578594
2018-03-27 07:00:00,0.6010986806484404
2018-04-03 07:00:00,0.7110611991031432
2018-04-10 07:00:00,0.6699672371215365
2018-04-17 07:00:00,0.6577171380859416
2018-04-24 07:00:00,0.5498922861800718
2018-05-01 07:00:00,0.48347697501679865
2018-05-08 07:00:00,0.5493648046900652
2018-05-15 07:00:00,0.5490293658067542
2018-05-22 07:00:00,0.46746626729849544
2018-05-29 07:00:00,0.9392747554475557
2018-06-05 07:00:00,0.6278871156334735
2018-06-12 07:00:00,0.6711011188849144
2018-06-19 07:00:00,0.8307743358730905
2018-06-26 07:00:00,0.6492028997836177
2018-07-03 07:00:00,0.766870970491483
2018-07-10 07:00:00,0.5677474862067059
2018-07-17 07:00:00,0.5645914762078539
2018-07-24 07:00:00,0.5597775776495306
2018-07-31 07:00:00,0.77987103263951
2018-08-07 07:00:00,0.6926189615611202
2018-08-14 07:00:00,0.5724946213313338
2018-08-21 07:00:00,0.7584554018534204
2018-08-28 07:00:00,0.7969601276621396
2018-09-04 07:00:00,0.8165617762428548
2018-09-11 07:00:00,0.6960690293090586
2018-09-18 07:00:00,0.8524690024245691
2018-09-25 07:00:00,0.7106493673342794
2018-10-02 07:00:00,0.8190992119469387
2018-10-09 07:00:00,0.9709019977148333
2018-10-16 07:00:00,0.7085245391180043
2018-10-23 07:00:00,0.5691833426146335
2018-10-30 07:00:00,0.6802494498011136
2018-11-06 07:00:00,0.5686569246379952
2018-11-13 07:00:00,0.9008014604564965
2018-11-20 07:00:00,0.6850796558511864
2018-11-27 07:00:00,0.5660574915167305
2018-12-04 07:00:00,0.6442059977237425
2018-12-11 07:00:00,0.8623321965396604
2018-12-18 07:00:00,0.9460526018273373
2018-12-25 07:00:00,1.8089212177591916
2019-01-01 07:00:00,1.167499086993575
2019-01-08 07:00:00,0.6861976665713829
2019-01-22 07:00:00,0.8271376971058617
2019-01-29 07:00:00,0.6726939483425035
2019-02-05 07:00:00,0.916250855436468
2019-02-12 07:00:00,0.7389152972784068
2019-02-19 07:00:00,0.6849359479011636
2019-02-26 07:00:00,1.0178186531078464
2019-03-05 07:00:00,0.6422935131130434
2019-03-12 07:00:00,0.8102887870531886
2019-03-19 07:00:00,0.575937159504039
2019-03-26 07:00:00,0.6050883943456583
2019-04-02 07:00:00,0.596311201501661
2019-04-09 07:00:00,0.9521726115404869
2019-04-16 07:00:00,0.6945894548287126
2019-04-23 07:00:00,0.6999186923735502
2019-04-30 07:00:00,0.6430983794277795
2019-05-07 07:00:00,0.6597401467778018
2019-05-14 07:00:00,0.5656625926009559
2019-05-21 07:00:00,0.9085646543426095
2019-05-28 07:00:00,0.6880255839146847
2019-06-11 07:00:00,0.6539184664126667
2019-06-18 07:00:00,0.7531812186668594
2019-06-25 07:00:00,0.8550933153705566
2019-07-02 07:00:00,0.8735051017343616
2019-07-09 07:00:00,0.6375865358136646
2019-07-16 07:00:00,0.5765116562865669
2019-07-23 07:00:00,0.8695972942228705
2019-07-30 07:00:00,0.7266894841153413
2019-08-06 07:00:00,0.712651326808842
2019-08-13 07:00:00,1.0307482543911237
2019-08-20 07:00:00,0.7921184399000689
2019-08-27 07:00:00,0.768741092924141
2019-09-03 07:00:00,0.8571708379517777
2019-09-10 07:00:00,0.7247949646126745
2019-09-17 07:00:00,0.6191613881661362
2019-09-24 07:00:00,0.7885687161217356
2019-10-01 07:00:00,0.6745086666128483
2019-10-08 07:00:00,0.6642111263688072
2019-10-15 07:00:00,0.6167696820062281
2019-10-22 07:00:00,0.8707451798508077
2019-10-29 07:00:00,0.8673313190400579
2019-11-05 07:00:00,0.9625378218514368
2019-11-12 07:00:00,0.72054322699566
2019-11-19 07:00:00,0.6378939228007229
2019-11-26 07:00:00,0.8473338467706892
2019-12-03 07:00:00,0.9700513159041967
2019-12-10 07:00:00,0.7808184165368416
2019-12-17 07:00:00,0.7449453852973853
2019-12-24 07:00:00,0.6881698519295829
2019-12-31 07:00:00,0.6529366212703204
2020-01-07 07:00:00,0.7554842921334028
2020-01-14 07:00:00,0.8924506491201083
2020-01-21 07:00:00,0.9948854086810214
2020-01-28 07:00:00,0.854494995122525
2020-02-04 07:00:00,0.5961512015080553
2020-02-11 07:00:00,0.816214421586559
2020-02-18 07:00:00,0.8666709243939927
2020-02-25 07:00:00,0.7034632775409614
2020-03-03 07:00:00,0.7283308909191162
2020-03-10 07:00:00,1.0569846073955873
2020-03-17 07:00:00,0.870409132508254
2020-03-24 07:00:00,0.8358744347829126
2020-03-31 07:00:00,0.7201040165589396
2018-01-02 08:00:00,0.7827379970842482
2018-01-09 08:00:00,0.651680385414972
2018-01-16 08:00:00,0.6497614596294284
2018-01-23 08:00:00,0.6092444768237903
2018-01-30 08:00:00,0.7224574645656754
2018-02-13 08:00:00,0.6387686350043096
2018-02-20 08:00:00,0.5371840966919056
2018-02-27 08:00:00,0.8011261228434285
2018-03-06 08:00:00,0.6230543466471634
2018-03-13 08:00:00,0.5134086131529716
2018-03-20 08:00:00,0.5213513324227191
2018-03-27 08:00:00,0.8832209071913797
2018-04-03 08:00:00,0.6866354764658475
2018-04-10 08:00:00,0.6276129505917591
2018-04-17 08:00:00,0.7392340159503573
2018-04-24 08:00:00,0.6880720144246493
2018-05-01 08:00:00,1.154067532841902
2018-05-08 08:00:00,0.5062494728249868
2018-05-15 08:00:00,1.2368360498098663
2018-05-22 08:00:00,0.5597282033220926
2018-05-29 08:00:00,0.8061962312454538
2018-06-05 08:00:00,0.6041251456561817
2018-06-12 08:00:00,0.8481711266767854
2018-06-19 08:00:00,0.5722567855204993
2018-06-26 08:00:00,0.6170415326186903
2018-07-03 08:00:00,0.7846483076382393
2018-07-10 08:00:00,0.72747580987662
2018-07-17 08:00:00,0.5931121837967464
2018-07-24 08:00:00,0.6804771399930485
2018-07-31 08:00:00,0.7883518237543411
2018-08-07 08:00:00,0.8049124708002923
2018-08-14 08:00:00,0.752074515283815
2018-08-21 08:00:00,1.017253015508627
2018-08-28 08:00:00,0.9298572800775997
2018-09-04 08:00:00,0.8323148678729235
2018-09-11 08:00:00,0.6500798010393329
2018-09-18 08:00:00,0.6165211180062296
2018-09-25 08:00:00,0.6990503253267978
2018-10-02 08:00:00,0.5463693742191706
2018-10-09 08:00:00,0.8115752539714188
2018-10-16 08:00:00,0.6654135271677983
2018-10-23 08:00:00,0.5297030574420114
2018-10-30 08:00:00,0.7736956907261765
2018-11-06 08:00:00,0.7700529567892949
2018-11-13 08:00:00,0.7039952249453704
2018-11-20 08:00:00,0.7077857155911115
2018-11-27 08:00:00,0.5468343299299724
2018-12-04 08:00:00,0.5586310616688548
2018-12-11 08:00:00,0.978582706873226
2018-12-18 08:00:00,0.7057141771556091
2018-12-25 08:00:00,1.5146835046098734
2019-01-01 08:00:00,1.3566470492439056
2019-01-08 08:00:00,0.7672517025005698
2019-01-22 08:00:00,0.7749210031381448
2019-01-29 08:00:00,0.6941402393897498
2019-02-05 08:00:00,0.6590086871074993
2019-02-12 08:00:00,0.5848632344448975
2019-02-19 08:00:00,0.7751433534609206
2019-02-26 08:00:00,0.8487036315356439
2019-03-05 08:00:00,0.8390232181133312
2019-03-12 08:00:00,0.7898737175737873
2019-03-19 08:00:00,0.7210734530875937
2019-03-26 08:00:00,0.5373672760418676
2019-04-02 08:00:00,0.8113061383563481
2019-04-09 08:00:00,0.8444498616828435
2019-04-16 08:00:00,0.626111548323267
2019-04-23 08:00:00,0.6797093755784045
2019-04-30 08:00:00,0.9955709096209696
2019-05-07 08:00:00,0.8744368616298712
2019-05-14 08:00:00,0.5878216710019198
2019-05-21 08:00:00,0.7476960660522393
2019-05-28 08:00:00,0.7314186554566466
2019-06-11 08:00:00,0.6817760159825494
2019-06-18 08:00:00,0.7152411133017906
2019-06-25 08:00:00,0.8493043245100944
2019-07-02 08:00:00,0.6032000236227079
2019-07-09 08:00:00,0.5882162360087659
2019-07-16 08:00:00,0.9186841287458886
2019-07-23 08:00:00,0.5836995741016047
2019-07-30 08:00:00,0.7986674823282639
2019-08-06 08:00:00,0.6855466684639356
2019-08-13 08:00:00,0.686028269594835
2019-08-20 08:00:00,0.6420432488068009
2019-08-27 08:00:00,1.1397922263859182
2019-09-03 08:00:00,0.8435160800456634
2019-09-10 08:00:00,0.8060665697426319
2019-09-17 08:00:00,0.8872055586900696
2019-09-24 08:00:00,0.6330856911428614
2019-10-01 08:00:00,0.758574848908275
2019-10-08 08:00:00,0.61115352395814
2019-10-15 08:00:00,0.6443019268261289
2019-10-22 08:00:00,0.8440690029152209
2019-10-29 08:00:00,0.6948680593842577
2019-11-05 08:00:00,0.8634431846134062
2019-11-12 08:00:00,0.5810632375271548
2019-11-19 08:00:00,0.7810233016495817
2019-11-26 08:00:00,0.9383075969814119
2019-12-03 08:00:00,0.6675705225104356
2019-12-10 08:00:00,0.7454611460085169
2019-12-17 08:00:00,0.8828164852171917
2019-12-24 08:00:00,0.7377742159074532
2019-12-31 08:00:00,0.6550473518290978
2020-01-07 08:00:00,0.9396879622927699
2020-01-14 08:00:00,0.7195794659255883
2020-01-21 08:00:00,0.9569618349129858
2020-01-28 08:00:00,0.9031202284423738
2020-02-04 08:00:00,0.6928060547956456
2020-02-11 08:00:00,1.2584531821325284
2020-02-18 08:00:00,0.6337070351611297
2020-02-25 08:00:00,0.6426667764908774
2020-03-03 08:00:00,0.8015791400915481
2020-03-10 08:00:00,0.937629591358638
2020-03-17 08:00:00,0.988816243065394
2020-03-24 08:00:00,0.8793276534831783
2020-03-31 08:00:00,1.0653083301803397
2018-01-02 09:00:00,0.7612320019696204
2018-01-09 09:00:00,0.7352655007328435
2018-01-16 09:00:00,0.8830577559288821
2018-01-23 09:00:00,1.0943534304743692
2018-01-30 09:00:00,0.7717194727181788
2018-02-13 09:00:00,0.9273320803492155
2018-02-20 09:00:00,0.9661468938220953
2018-02-27 09:00:00,0.6365031001090165
2018-03-06 09:00:00,1.2865399998619813
2018-03-13 09:00:00,0.910600208247109
2018-03-20 09:00:00,0.6805333683312716
2018-03-27 09:00:00,1.041112210183015
2018-04-03 09:00:00,0.7424107897506522
2018-04-10 09:00:00,0.9071558449718875
2018-04-17 09:00:00,0.9142394910935028
2018-04-24 09:00:00,0.7814456460734321
2018-05-01 09:00:00,0.6751342247654837
2018-05-08 09:00:00,0.7288628899248679
2018-05-15 09:00:00,0.8120946194702445
2018-05-22 09:00:00,0.8985194625445228
2018-05-29 09:00:00,0.7722106977357718
2018-06-05 09:00:00,0.8996593917041649
2018-06-12 09:00:00,0.9107620104241795
2018-06-19 09:00:00,1.0554262813467636
2018-06-26 09:00:00,1.0588802276746394
2018-07-03 09:00:00,0.9624616260920661
2018-07-10 09:00:00,0.8353554302433172
2018-07-17 09:00:00,0.7852106895924139
2018-07-24 09:00:00,0.9340713508313301
2018-07-31 09:00:00,0.5706658615771723
2018-08-07 09:00:00,0.9375991604008577
2018-08-14 09:00:00,0.6751775875996633
2018-08-21 09:00:00,0.9834784771602239
2018-08-28 09:00:00,0.859151041028033
2018-09-04 09:00:00,0.7785220052042539
2018-09-11 09:00:00,1.0979106019009681
2018-09-18 09:00:00,0.795091121561402
2018-09-25 09:00:00,0.8957582228613649
2018-10-02 09:00:00,0.919405033651292
2018-10-09 09:00:00,0.7649474494980699
2018-10-16 09:00:00,0.8897025063616221
2018-10-23 09:00:00,0.581651988002733
2018-10-30 09:00:00,1.1101968612063347
2018-11-06 09:00:00,0.7930263679177744
2018-11-13 09:00:00,0.8433028194536851
2018-11-20 09:00:00,1.040699860313858
2018-11-27 09:00:00,1.1916690662239837
2018-12-04 09:00:00,0.6651308536849291
2018-12-11 09:00:00,0.7556778754995641
2018-12-18 09:00:00,0.6647169306497573
2018-12-25 09:00:00,1.5405879471601278
2019-01-01 09:00:00,2.3675319938179795
2019-01-08 09:00:00,0.7094320962477464
2019-01-22 09:00:00,0.9151109552846844
2019-01-29 09:00:00,0.8258109296034583
2019-02-05 09:00:00,0.8594769317310564
2019-02-12 09:00:00,1.0973615210318786
2019-02-19 09:00:00,0.9450663370334774
2019-02-26 09:00:00,1.0304549650990726
2019-03-05 09:00:00,0.8812260707591961
2019-03-12 09:00:00,0.7916996468826758
2019-03-19 09:00:00,1.0337371440933727
2019-03-26 09:00:00,0.9491482014712691
2019-04-02 09:00:00,0.6960108650561573
2019-04-09 09:00:00,1.0574498370080914
2019-04-16 09:00:00,0.8553959009361802
2019-04-23 09:00:00,0.7767950833336748
2019-04-30 09:00:00,0.8113708154381717
2019-05-07 09:00:00,0.8424993662514028
2019-05-14 09:00:00,0.8981733218360184
2019-05-21 09:00:00,0.7728663633216001
2019-05-28 09:00:00,0.962042798217099
2019-06-11 09:00:00,0.942667161219092
2019-06-18 09:00:00,0.9079386910381082
2019-06-25 09:00:00,0.5922188783689427
2019-07-02 09:00:00,0.677017848648637
2019-07-09 09:00:00,0.8652386016918473
2019-07-16 09:00:00,0.6454798518471718
2019-07-23 09:00:00,0.8948688756178783
2019-07-30 09:00:00,0.8068593816493604
2019-08-06 09:00:00,0.8049119713935621
2019-08-13 09:00:00,1.283284741616316
2019-08-20 09:00:00,0.7300885292832697
2019-08-27 09:00:00,0.8734993820882895
2019-09-03 09:00:00,0.7361668237144804
2019-09-10 09:00:00,0.9514397612361842
2019-09-17 09:00:00,1.0887321860428798
2019-09-24 09:00:00,0.7032521915290764
2019-10-01 09:00:00,0.7550466448599243
2019-10-08 09:00:00,1.2105694531090685
2019-10-15 09:00:00,0.8754693001805997
2019-10-22 09:00:00,0.9710385956100462
2019-10-29 09:00:00,0.728079447356375
2019-11-05 09:00:00,0.8190827922325945
2019-11-12 09:00:00,0.8804596008422384
2019-11-19 09:00:00,0.8182370419431579
2019-11-26 09:00:00,0.9447139259880639
2019-12-03 09:00:00,0.9855907521712602
2019-12-10 09:00:00,1.3157506599824338
2019-12-17 09:00:00,0.779094327596874
2019-12-24 09:00:00,0.8148921799162353
2019-12-31 09:00:00,0.7412440019052331
2020-01-07 09:00:00,1.0454999229958624
2020-01-14 09:00:00,0.9830922023787783
2020-01-21 09:00:00,0.7960315266996085
2020-01-28 09:00:00,1.3408472607665403
2020-02-04 09:00:00,0.9193890541168267
2020-02-11 09:00:00,0.9027463004458842
2020-02-18 09:00:00,0.8786542649895154
2020-02-25 09:00:00,1.2882624675949068
2020-03-03 09:00:00,0.9255316360567857
2020-03-10 09:00:00,1.0816601902682654
2020-03-17 09:00:00,0.9688665656237604
2020-03-24 09:00:00,1.151026140642506
2020-03-31 09:00:00,1.6059954129696652
2018-01-02 10:00:00,1.043163785464149
2018-01-09 10:00:00,1.1666692647560208
2018-01-16 10:00:00,0.8516215109755569
2018-01-23 10:00:00,0.8461504590460559
2018-01-30 10:00:00,0.7954343648295175
2018-02-13 10:00:00,0.7338813063502131
2018-02-20 10:00:00,0.7718938427797754
2018-02-27 10:00:00,1.25498021815737
2018-03-06 10:00:00,0.7017264419655477
2018-03-13 10:00:00,0.7038129527473
2018-03-20 10:00:00,0.823297542878075
2018-03-27 10:00:00,0.8531660453061445
2018-04-03 10:00:00,0.6710240511501128
2018-04-10 10:00:00,1.0631991150818871
2018-04-17 10:00:00,0.6105976421999859
2018-04-24 10:00:00,0.6874897774221739
2018-05-01 10:00:00,1.068308135573519
2018-05-08 10:00:00,0.6253515968486565
2018-05-15 10:00:00,0.7727464237258861
2018-05-22 10:00:00,0.77132749951838
2018-05-29 10:00:00,0.8505270919741497
2018-06-05 10:00:00,1.1038373862087547
2018-06-12 10:00:00,0.9925154852436034
2018-06-19 10:00:00,0.7549070854040753
2018-06-26 10:00:00,1.0618615039212658
2018-07-03 10:00:00,0.5392282397483524
2018-07-10 10:00:00,0.8419043200182964
2018-07-17 10:00:00,0.8973028127916816
2018-07-24 10:00:00,0.8793541833024278
2018-07-31 10:00:00,1.0588104076882272
2018-08-07 10:00:00,0.9389182623355564
2018-08-14 10:00:00,0.9444778914696541
2018-08-21 10:00:00,0.7377359146433792
2018-08-28 10:00:00,0.8145256218474939
2018-09-04 10:00:00,1.0481653870251721
2018-09-11 10:00:00,0.8183107431761917
2018-09-18 10:00:00,0.8513150670595615
2018-09-25 10:00:00,1.013971751436888
2018-10-02 10:00:00,0.6106914323765853
2018-10-09 10:00:00,0.7982837654826014
2018-10-16 10:00:00,0.8933425957764183
2018-10-23 10:00:00,0.6457280822111511
2018-10-30 10:00:00,1.157191423149026
2018-11-06 10:00:00,0.7706873956845497
2018-11-13 10:00:00,1.015963268757634
2018-11-20 10:00:00,0.8334077019494747
2018-11-27 10:00:00,0.716299372733394
2018-12-04 10:00:00,0.6214282346741432
2018-12-11 10:00:00,0.787766100646295
2018-12-18 10:00:00,0.9011036946729989
2018-12-25 10:00:00,0.8452982964760305
2019-01-01 10:00:00,1.1083720230827148
2019-01-08 10:00:00,1.1000503856098325
2019-01-22 10:00:00,0.7197141646961442
2019-01-29 10:00:00,0.7559426251507996
2019-02-05 10:00:00,0.6588985682574984
2019-02-12 10:00:00,1.2114579646837416
2019-02-19 10:00:00,0.92408478751766
2019-03-05 10:00:00,0.9892286954374095
2019-03-12 10:00:00,0.7504638069662015
2019-03-19 10:00:00,0.8736407203465151
2019-03-26 10:00:00,0.7135354028121101
2019-04-02 10:00:00,0.6996583192356738
2019-04-09 10:00:00,0.8562188622540386
2019-04-16 10:00:00,0.7367865740519728
2019-04-23 10:00:00,0.9659909889738107
2019-04-30 10:00:00,1.0913927039451565
2019-05-07 10:00:00,0.8563989195679105
2019-05-14 10:00:00,0.8282253793850609
2019-05-21 10:00:00,1.1645468783394135
2019-05-28 10:00:00,0.7121412924873172
2019-06-11 10:00:00,0.6315751353476586
2019-06-18 10:00:00,0.9813072180742708
2019-06-25 10:00:00,0.7636367397093643
2019-07-02 10:00:00,0.7399407927669083
2019-07-09 10:00:00,0.6858991067306983
2019-07-16 10:00:00,0.8773710263567097
2019-07-23 10:00:00,0.652251131189482
2019-07-30 10:00:00,0.9151853433879753
2019-08-06 10:00:00,0.4765070039364768
2019-08-13 10:00:00,0.9530150462116314
2019-08-20 10:00:00,0.7441847718701022
2019-08-27 10:00:00,0.7893631763392895
2019-09-03 10:00:00,0.5836738643701311
2019-09-10 10:00:00,0.7739286628468178
2019-09-17 10:00:00,1.0929357669466668
2019-09-24 10:00:00,0.5961312178892864
2019-10-01 10:00:00,0.8830690956086692
2019-10-08 10:00:00,0.7327078231187276
2019-10-15 10:00:00,0.9115510422034995
2019-10-22 10:00:00,0.6942388227411438
2019-10-29 10:00:00,0.8878549644062559
2019-11-05 10:00:00,0.893606252065661
2019-11-12 10:00:00,1.0343390016460627
2019-11-19 10:00:00,0.8691339800918086
2019-11-26 10:00:00,0.9354602664564716
2019-12-03 10:00:00,0.8929297534422195
2019-12-10 10:00:00,1.2575958521497848
2019-12-17 10:00:00,0.8995738817570181
2019-12-24 10:00:00,0.8018343783926192
2019-12-31 10:00:00,0.867794193829473
2020-01-07 10:00:00,0.7816267148462499
2020-01-14 10:00:00,0.8250852002006868
2020-01-21 10:00:00,0.8592764097251088
2020-01-28 10:00:00,0.8226577286463554
2020-02-04 10:00:00,1.048321619720204
2020-02-11 10:00:00,0.75894948958949
2020-02-18 10:00:00,0.8277612336920154
2020-02-25 10:00:00,1.108927416689808
2020-03-03 10:00:00,0.9500079979559148
2020-03-10 10:00:00,1.284908026516207
2020-03-17 10:00:00,0.6763174654145975
2020-03-24 10:00:00,0.888066803170318
2020-03-31 10:00:00,1.1835672533024666
2018-01-02 11:00:00,0.757761499579515
2018-01-09 11:00:00,0.6721740147380237
2018-01-16 11:00:00,1.0589294904753863
2018-01-23 11:00:00,0.6539170200354328
2018-01-30 11:00:00,0.7575047284475798
2018-02-13 11:00:00,0.8549301751038312
2018-02-20 11:00:00,0.7073522838861156
2018-02-27 11:00:00,0.5815339877270764
2018-03-06 11:00:00,0.7129196673673787
2018-03-13 11:00:00,0.9077524110469704
2018-03-20 11:00:00,1.0359069605997344
2018-03-27 11:00:00,0.8047644993351372
2018-04-03 11:00:00,0.9635460998676464
2018-04-10 11:00:00,1.0876109680441053
2018-04-17 11:00:00,0.9360382220463348
2018-04-24 11:00:00,0.9263576092197577
2018-05-01 11:00:00,0.8790702515365887
2018-05-08 11:00:00,0.5859789135205056
2018-05-15 11:00:00,0.8981525666893917
2018-05-22 11:00:00,0.9389789233717564
2018-05-29 11:00:00,1.0061448585680004
2018-06-05 11:00:00,1.1084350820092357
2018-06-12 11:00:00,0.8044155470289717
2018-06-19 11:00:00,0.9612780687896978
2018-06-26 11:00:00,0.6074238347289861
2018-07-03 11:00:00,0.8088794969925643
2018-07-10 11:00:00,1.5956443856669418
2018-07-17 11:00:00,0.870228570622355
2018-07-24 11:00:00,1.1115096312459631
2018-07-31 11:00:00,0.8080892661140385
2018-08-07 11:00:00,1.0275489524770745
2018-08-14 11:00:00,0.7718416423054024
2018-08-21 11:00:00,0.6688434448190682
2018-08-28 11:00:00,1.1957646434637583
2018-09-04 11:00:00,1.1137896670346177
2018-09-11 11:00:00,0.6578144256077246
2018-09-18 11:00:00,0.7881907370330782
2018-09-25 11:00:00,0.8065478572405095
2018-10-02 11:00:00,0.6543091812781108
2018-10-09 11:00:00,0.6370463772210622
2018-10-16 11:00:00,0.8900545940739096
2018-10-23 11:00:00,0.9061361583285598
2018-10-30 11:00:00,0.946886374718522
2018-11-06 11:00:00,1.403975961409947
2018-11-13 11:00:00,0.9634950828265242
2018-11-20 11:00:00,0.7282548596220352
2018-11-27 11:00:00,0.9405277630211828
2018-12-04 11:00:00,0.8213616555848506
2018-12-11 11:00:00,0.8043997642991972
2018-12-18 11:00:00,0.9137219367676332
2018-12-25 11:00:00,0.9943857961742125
2019-01-01 11:00:00,1.6836359379966186
2019-01-08 11:00:00,0.6640277940535992
2019-01-22 11:00:00,0.4888560877789778
2019-01-29 11:00:00,0.6976131670555925
2019-02-05 11:00:00,1.0908039164977932
2019-02-12 11:00:00,0.6087879684828459
2019-02-19 11:00:00,0.653846184146757
2019-02-26 11:00:00,0.7366825388160302
2019-03-05 11:00:00,0.5890463924599536
2019-03-12 11:00:00,0.6266356391857657
2019-03-19 11:00:00,0.7529209107874646
2019-03-26 11:00:00,0.7796559660039262
2019-04-02 11:00:00,0.7177457351092101
2019-04-09 11:00:00,0.6033886038156779
2019-04-16 11:00:00,0.6428402259740635
2019-04-23 11:00:00,1.224091292203231
2019-04-30 11:00:00,0.6899880768727755
2019-05-07 11:00:00,1.0519630722567639
2019-05-14 11:00:00,1.2921616347040366
2019-05-21 11:00:00,0.6060286912578048
2019-05-28 11:00:00,0.9237955316925734
2019-06-11 11:00:00,0.8739743730489151
2019-06-18 11:00:00,0.8160951518049628
2019-06-25 11:00:00,1.8791579719738034
2019-07-02 11:00:00,0.666490660670444
2019-07-09 11:00:00,0.9333900031716336
2019-07-16 11:00:00,0.7654111604227767
2019-07-23 11:00:00,0.8422113574284537
2019-07-30 11:00:00,0.6780430885844865
2019-08-06 11:00:00,0.8201872726664116
2019-08-13 11:00:00,1.1565415506018952
2019-08-20 11:00:00,0.7742685769108056
2019-08-27 11:00:00,0.9454564787926197
2019-09-03 11:00:00,0.754739977121791
2019-09-10 11:00:00,0.8412390618103828
2019-09-17 11:00:00,0.6581866846559027
2019-09-24 11:00:00,0.6845071070078353
2019-10-01 11:00:00,0.5859192643004308
2019-10-08 11:00:00,0.7848965418885392
2019-10-15 11:00:00,0.7621231681295905
2019-10-22 11:00:00,0.8525214997826618
2019-10-29 11:00:00,1.2269671036606853
2019-11-05 11:00:00,0.7696240197515046
2019-11-12 11:00:00,0.6649225385082376
2019-11-19 11:00:00,0.7862156565214239
2019-11-26 11:00:00,0.9861543212136833
2019-12-03 11:00:00,0.6729350493652175
2019-12-10 11:00:00,1.1307367211055435
2019-12-17 11:00:00,0.8760220187496917
2019-12-24 11:00:00,0.6585799270284948
2019-12-31 11:00:00,1.320489344691394
2020-01-07 11:00:00,0.8842475248868495
2020-01-14 11:00:00,1.1684342618304933
2020-01-21 11:00:00,0.7686224944873832
2020-01-28 11:00:00,0.8318202328593454
2020-02-04 11:00:00,0.9720221971016755
2020-02-11 11:00:00,0.6814402028492169
2020-02-18 11:00:00,1.0084528447556438
2020-02-25 11:00:00,0.8348877584303209
2020-03-03 11:00:00,0.6607910193938841
2020-03-10 11:00:00,0.930115341480431
2020-03-17 11:00:00,0.9527891540104655
2020-03-24 11:00:00,1.371061884842265
2020-03-31 11:00:00,0.6711373340890835
2018-01-02 12:00:00,0.6871414380396045
2018-01-09 12:00:00,0.9147252844793639
2018-01-16 12:00:00,1.2986702953581444
2018-01-23 12:00:00,0.651429419771849
2018-01-30 12:00:00,1.00485225591838
2018-02-13 12:00:00,0.8777607629259356
2018-02-20 12:00:00,0.7899641472908927
2018-02-27 12:00:00,1.3909025979977947
2018-03-06 12:00:00,0.6424279487204698
2018-03-13 12:00:00,0.8149708795665911
2018-03-20 12:00:00,0.7591895761904803
2018-03-27 12:00:00,1.0289166196522073
2018-04-03 12:00:00,0.7567713390838755
2018-04-10 12:00:00,0.8559018238661935
2018-04-17 12:00:00,0.8171910366800325
2018-04-24 12:00:00,0.9253447112278284
2018-05-01 12:00:00,0.6483080579158522
2018-05-08 12:00:00,0.7007633442964644
2018-05-15 12:00:00,0.7308123180782218
2018-05-22 12:00:00,1.1034581041796951
2018-05-29 12:00:00,1.1932790192891702
2018-06-05 12:00:00,1.0984898810714265
2018-06-12 12:00:00,0.817893763497635
2018-06-19 12:00:00,0.7233832901912961
2018-06-26 12:00:00,0.7156800459951932
2018-07-03 12:00:00,0.8591541143924339
2018-07-10 12:00:00,0.9009692981656398
2018-07-17 12:00:00,0.5712880947662323
2018-07-24 12:00:00,1.0594185884833207
2018-07-31 12:00:00,0.7105146755176809
2018-08-07 12:00:00,0.7284353594015038
2018-08-14 12:00:00,0.7655484606215579
2018-08-21 12:00:00,0.7941807701470178
2018-08-28 12:00:00,0.9076297289917868
2018-09-04 12:00:00,0.717266266705041
2018-09-11 12:00:00,0.7083007023712711
2018-09-18 12:00:00,1.0562974511154541
2018-09-25 12:00:00,0.7075990655143899
2018-10-02 12:00:00,0.9678733874278735
2018-10-09 12:00:00,0.6358791550079353
2018-10-16 12:00:00,0.725672420543601
2018-10-23 12:00:00,1.2981767478897699
2018-10-30 12:00:00,1.0376234912214437
2018-11-06 12:00:00,1.1079328821962378
2018-11-13 12:00:00,0.9685004331645704
2018-11-20 12:00:00,0.9210550651103342
2018-11-27 12:00:00,0.7941657998957377
2018-12-04 12:00:00,0.7914727660567106
2018-12-11 12:00:00,0.657455093738029
2018-12-18 12:00:00,0.6624171518332485
2018-12-25 12:00:00,1.5872675344976115
2019-01-01 12:00:00,1.9600187746723692
2019-01-08 12:00:00,0.9239548563686805
2019-01-22 12:00:00,0.7453808713230262
2019-01-29 12:00:00,0.9287275207849074
2019-02-05 12:00:00,1.0519019496233921
2019-02-19 12:00:00,0.680495030981381
2019-02-26 12:00:00,0.6509512783435902
2019-03-05 12:00:00,0.7128229675949526
2019-03-12 12:00:00,0.986551007016562
2019-03-19 12:00:00,0.9832191701795415
2019-03-26 12:00:00,0.7354241187816172
2019-04-02 12:00:00,0.7807264942811734
2019-04-09 12:00:00,0.872395688250189
2019-04-16 12:00:00,0.9517543745911995
2019-04-30 12:00:00,1.3841327944847486
2019-05-07 12:00:00,0.6915509514623951
2019-05-14 12:00:00,0.6659291910871252
2019-05-21 12:00:00,0.7246866174956773
2019-05-28 12:00:00,0.6176059236674456
2019-06-11 12:00:00,1.058926766878799
2019-06-18 12:00:00,0.8004950555859228
2019-06-25 12:00:00,0.8078924779193091
2019-07-02 12:00:00,0.7936617172917414
2019-07-09 12:00:00,0.6311062617119763
2019-07-16 12:00:00,0.8327070724028891
2019-07-23 12:00:00,0.6110717545830299
2019-07-30 12:00:00,0.9698831359429987
2019-08-06 12:00:00,0.5944689244035517
2019-08-13 12:00:00,0.8233551157545302
2019-08-20 12:00:00,1.1944607200637736
2019-08-27 12:00:00,0.8114321552911302
2019-09-03 12:00:00,0.7989681939671013
2019-09-10 12:00:00,0.8568313691059326
2019-09-17 12:00:00,0.8553570215553572
2019-09-24 12:00:00,0.8516954967114436
2019-10-01 12:00:00,0.8847333401594425
2019-10-08 12:00:00,0.7359558049864873
2019-10-15 12:00:00,0.7991256365801775
2019-10-22 12:00:00,0.9162574159026099
2019-10-29 12:00:00,0.8699721594948869
2019-11-05 12:00:00,0.7998258380361006
2019-11-12 12:00:00,0.8697237417069675
2019-11-19 12:00:00,1.0732349714000793
2019-11-26 12:00:00,0.6117237964819269
2019-12-03 12:00:00,0.6868685345681973
2019-12-10 12:00:00,0.9345206299917884
2019-12-17 12:00:00,0.717405393865057
2019-12-24 12:00:00,0.6478064488292302
2019-12-31 12:00:00,1.0296888197737535
2020-01-07 12:00:00,1.3589860387161543
2020-01-14 12:00:00,1.4359779995821866
2020-01-21 12:00:00,1.158012722797487
2020-01-28 12:00:00,1.2274918660318708
2020-02-04 12:00:00,0.6813973291475346
2020-02-11 12:00:00,0.9543878541021549
2020-02-18 12:00:00,1.142201799739792
2020-02-25 12:00:00,0.983296401980632
2020-03-03 12:00:00,0.8302949829769615
2020-03-10 12:00:00,0.9124726443218434
2020-03-17 12:00:00,1.1963678732687677
2020-03-24 12:00:00,0.9725566109104681
2020-03-31 12:00:00,0.7855701268641807
2018-01-02 13:00:00,0.6134392978336621
2018-01-09 13:00:00,1.3542133795043887
2018-01-16 13:00:00,0.7635655233281147
2018-01-23 13:00:00,0.7387516431801648
2018-01-30 13:00:00,0.7151575393258958
2018-02-13 13:00:00,0.6896599263223948
2018-02-20 13:00:00,0.7378892450453179
2018-02-27 13:00:00,1.2200627825364472
2018-03-06 13:00:00,0.8779019976424678
2018-03-13 13:00:00,0.8553192693348491
2018-03-20 13:00:00,0.7768985476317875
2018-03-27 13:00:00,0.843351145025398
2018-04-03 13:00:00,0.6802784866019498
2018-04-10 13:00:00,0.8938634352355025
2018-04-17 13:00:00,0.6896325065427985
2018-04-24 13:00:00,0.7168237594640027
2018-05-01 13:00:00,1.2097380603204186
2018-05-08 13:00:00,0.7800432506897794
2018-05-15 13:00:00,0.7523144474864759
2018-05-22 13:00:00,1.1144085045055092
2018-05-29 13:00:00,0.8141932047135616
2018-06-05 13:00:00,0.5638776843853675
2018-06-12 13:00:00,1.289078846946767
2018-06-19 13:00:00,0.5486417289365672
2018-06-26 13:00:00,0.9700302071793042
2018-07-03 13:00:00,0.6573241773071912
2018-07-10 13:00:00,0.6165197290182242
2018-07-17 13:00:00,0.7327716455362141
2018-07-24 13:00:00,0.7726192563784667
2018-07-31 13:00:00,0.7111699935796953
2018-08-07 13:00:00,0.633794051746494
2018-08-14 13:00:00,0.6771880427599725
2018-08-21 13:00:00,0.7646126594705578
2018-08-28 13:00:00,1.0076677997347558
2018-09-04 13:00:00,0.8155417713729357
2018-09-11 13:00:00,1.0136881730095062
2018-09-18 13:00:00,1.1600348601029038
2018-09-25 13:00:00,0.8883582470777118
2018-10-02 13:00:00,0.7912370032804368
2018-10-09 13:00:00,1.056089503514725
2018-10-16 13:00:00,0.7215820874498939
2018-10-23 13:00:00,1.2580104554634337
2018-10-30 13:00:00,0.8812396775382351
2018-11-06 13:00:00,0.7116648739080911
2018-11-13 13:00:00,0.8619846869486154
2018-11-20 13:00:00,0.6335661392866078
2018-11-27 13:00:00,1.0867965945674518
2018-12-04 13:00:00,0.8142239564665992
2018-12-11 13:00:00,0.9383058389907065
2018-12-18 13:00:00,0.8663171494674111
2018-12-25 13:00:00,0.9094703213476723
2019-01-01 13:00:00,1.0394928082421497
2019-01-08 13:00:00,0.6973608312252401
2019-01-22 13:00:00,1.074371084634065
2019-01-29 13:00:00,1.0329396103523742
2019-02-05 13:00:00,0.6253184586789025
2019-02-12 13:00:00,0.7656977972831838
2019-02-19 13:00:00,0.6659705997943509
2019-02-26 13:00:00,0.6918726085925702
2019-03-05 13:00:00,0.8682335397983892
2019-03-19 13:00:00,0.779719374686428
2019-03-26 13:00:00,0.7185505656764841
2019-04-02 13:00:00,0.9840074903062263
2019-04-09 13:00:00,0.8782693762336169
2019-04-16 13:00:00,0.7211162852841119
2019-04-23 13:00:00,1.1472712907171712
2019-04-30 13:00:00,0.85886277883603
2019-05-07 13:00:00,0.9432877725594805
2019-05-14 13:00:00,0.7914584837188308
2019-05-28 13:00:00,0.9096673950294312
2019-06-11 13:00:00,1.0035301219085633
2019-06-18 13:00:00,0.8946534706677084
2019-06-25 13:00:00,0.8418828527104311
2019-07-02 13:00:00,0.6782154067813398
2019-07-09 13:00:00,0.7036008639505303
2019-07-16 13:00:00,0.6675484703712932
2019-07-23 13:00:00,0.6483946655432614
2019-07-30 13:00:00,0.8136057389393618
2019-08-06 13:00:00,0.8810519010205572
2019-08-13 13:00:00,0.8966548904782939
2019-08-20 13:00:00,0.976136652978303
2019-08-27 13:00:00,1.562079620838621
2019-09-03 13:00:00,0.853869291969521
2019-09-10 13:00:00,1.0084215457355001
2019-09-17 13:00:00,0.8923936847671298
2019-09-24 13:00:00,0.6872393824673013
2019-10-01 13:00:00,0.9064965175897332
2019-10-08 13:00:00,0.7421993733786533
2019-10-15 13:00:00,0.7345660439061358
2019-10-22 13:00:00,1.2704113733670017
2019-10-29 13:00:00,0.6861159118046747
2019-11-05 13:00:00,0.8384011239413511
2019-11-12 13:00:00,0.9948213640555559
2019-11-19 13:00:00,1.179151045714063
2019-11-26 13:00:00,0.7423670895316992
2019-12-03 13:00:00,1.1549518821771452
2019-12-10 13:00:00,0.6552255268725553
2019-12-17 13:00:00,0.8182255747342022
2019-12-24 13:00:00,0.5576260284631682
2019-12-31 13:00:00,0.6013114656969265
2020-01-07 13:00:00,0.6577634585331962
2020-01-14 13:00:00,1.2092029329968441
2020-01-21 13:00:00,0.9506818004787324
2020-01-28 13:00:00,0.7747087032056591
2020-02-04 13:00:00,0.9013158279761211
2020-02-11 13:00:00,1.0450062332752152
2020-02-18 13:00:00,1.2560034949723964
2020-02-25 13:00:00,1.1188622837408617
2020-03-03 13:00:00,0.6947919519744344
2020-03-10 13:00:00,1.0685354895984802
2020-03-17 13:00:00,0.9803685872290099
2020-03-24 13:00:00,1.2766126538257592
2020-03-31 13:00:00,1.0381985956644844
2018-01-02 14:00:00,0.9715351555986893
2018-01-09 14:00:00,1.2784697375392906
2018-01-16 14:00:00,0.7647158990756558
2018-01-23 14:00:00,0.7909391679429849
2018-01-30 14:00:00,0.9003051412242397
2018-02-13 14:00:00,0.7082586543062905
2018-02-20 14:00:00,0.704894383591248
2018-02-27 14:00:00,0.8603362197421219
2018-03-06 14:00:00,0.8322367409310213
2018-03-13 14:00:00,0.7238695127123088
2018-03-20 14:00:00,0.705560287023514
2018-03-27 14:00:00,0.8785448945909899
2018-04-03 14:00:00,0.6474643113198842
2018-04-10 14:00:00,1.0039090895798992
2018-04-17 14:00:00,0.5708922399762814
2018-04-24 14:00:00,0.5813633467672092
2018-05-01 14:00:00,1.2523457345890112
2018-05-08 14:00:00,0.7147087651108819
2018-05-15 14:00:00,0.6243673798721748
2018-05-22 14:00:00,0.7035670118093137
2018-05-29 14:00:00,0.8940050669215669
2018-06-05 14:00:00,0.6441000237092349
2018-06-12 14:00:00,0.8019599845877963
2018-06-19 14:00:00,0.6403592329789018
2018-06-26 14:00:00,0.6549710155180059
2018-07-03 14:00:00,0.8142458969413933
2018-07-10 14:00:00,1.7606168025516802
2018-07-17 14:00:00,0.9250681697056243
2018-07-24 14:00:00,0.7365456101619448
2018-07-31 14:00:00,0.7878858932112424
2018-08-07 14:00:00,0.787135880028859
2018-08-14 14:00:00,0.5299691929241601
2018-08-21 14:00:00,0.67946146897551
2018-08-28 14:00:00,0.7568701201439085
2018-09-04 14:00:00,1.142669830822628
2018-09-11 14:00:00,0.9833294190553727
2018-09-18 14:00:00,0.6027835871196405
2018-09-25 14:00:00,0.5958063855331176
2018-10-02 14:00:00,0.5264004695153792
2018-10-09 14:00:00,0.7358850713529999
2018-10-16 14:00:00,0.6145844946643341
2018-10-23 14:00:00,1.3190191928053467
2018-10-30 14:00:00,0.9713591071048627
2018-11-06 14:00:00,0.8279705072719836
2018-11-13 14:00:00,0.6438724844965078
2018-11-20 14:00:00,0.7342934539325461
2018-11-27 14:00:00,0.7336597916015373
2018-12-04 14:00:00,0.9324825432455222
2018-12-11 14:00:00,0.9793094860307886
2018-12-18 14:00:00,0.9211717044901397
2018-12-25 14:00:00,0.7146876334781029
2019-01-01 14:00:00,1.1631975084624506
2019-01-08 14:00:00,0.8529703949227377
2019-01-22 14:00:00,0.8201028711031811
2019-01-29 14:00:00,0.7745719455220003
2019-02-05 14:00:00,0.5777587622549983
2019-02-12 14:00:00,1.350323285326448
2019-02-19 14:00:00,1.0874661362347409
2019-02-26 14:00:00,0.795178585168042
2019-03-05 14:00:00,0.8171741054762621
2019-03-12 14:00:00,1.1802456283593568
2019-03-19 14:00:00,0.7091950652962239
2019-03-26 14:00:00,0.8074101036604144
2019-04-02 14:00:00,0.6728645580069547
2019-04-09 14:00:00,0.6751524822213938
2019-04-16 14:00:00,0.7511583907787057
2019-04-23 14:00:00,0.8587495801607423
2019-04-30 14:00:00,0.6792291896234206
2019-05-07 14:00:00,0.748461096466426
2019-05-14 14:00:00,1.211313092568803
2019-05-21 14:00:00,0.8464815184390718
2019-05-28 14:00:00,0.7896607737992669
2019-06-11 14:00:00,1.0131730411873756
2019-06-18 14:00:00,0.7823825525018226
2019-06-25 14:00:00,1.2205373934675867
2019-07-02 14:00:00,0.7948936261378882
2019-07-09 14:00:00,0.8148055887193759
2019-07-16 14:00:00,0.7828507317949679
2019-07-23 14:00:00,1.1236823746194744
2019-07-30 14:00:00,0.7217179516239226
2019-08-06 14:00:00,0.9265834744818178
2019-08-13 14:00:00,0.6757125653416317
2019-08-20 14:00:00,0.8879029281526338
2019-08-27 14:00:00,0.798709858059755
2019-09-03 14:00:00,1.3437376304622117
2019-09-10 14:00:00,0.6745932174819904
2019-09-17 14:00:00,1.1558526147901467
2019-09-24 14:00:00,0.9015329968555919
2019-10-01 14:00:00,0.639041713151818
2019-10-08 14:00:00,0.8559653990454714
2019-10-15 14:00:00,0.9903827874805254
2019-10-22 14:00:00,0.6653846394984263
2019-10-29 14:00:00,0.8401986042877799
2019-11-05 14:00:00,1.0083992806460467
2019-11-12 14:00:00,0.8267820752033253
2019-11-19 14:00:00,1.7968678440278236
2019-11-26 14:00:00,0.799105276840833
2019-12-03 14:00:00,1.299252335021619
2019-12-10 14:00:00,0.764902967329548
2019-12-17 14:00:00,0.7360345713556015
2019-12-24 14:00:00,0.8519714642228673
2019-12-31 14:00:00,0.9465013155709697
2020-01-07 14:00:00,0.844921262657647
2020-01-14 14:00:00,1.1188276659498282
2020-01-21 14:00:00,0.7115462665632688
2020-01-28 14:00:00,1.0285981760887397
2020-02-11 14:00:00,1.328489520128403
2020-02-18 14:00:00,1.0436961998765673
2020-02-25 14:00:00,0.8247616795767374
2020-03-03 14:00:00,0.6962098483301771
2020-03-10 14:00:00,0.7920494751936968
2020-03-17 14:00:00,0.9895572707369293
2020-03-24 14:00:00,1.0772210736644845
2020-03-31 14:00:00,1.1063365664735556
2018-01-02 15:00:00,0.9606242738583428
2018-01-09 15:00:00,1.1502542588934097
2018-01-16 15:00:00,0.768757246267196
2018-01-23 15:00:00,0.7562005385872617
2018-01-30 15:00:00,1.0030578448564738
2018-02-13 15:00:00,0.6919913869865468
2018-02-20 15:00:00,1.0611709129617273
2018-02-27 15:00:00,0.9258310470274457
2018-03-06 15:00:00,0.865306095249318
2018-03-13 15:00:00,0.7431811306454714
2018-03-20 15:00:00,0.7634009963716276
2018-03-27 15:00:00,0.9197512136555568
2018-04-03 15:00:00,0.8508741902911855
2018-04-10 15:00:00,0.7165449413260336
2018-04-17 15:00:00,0.7668481935838143
2018-04-24 15:00:00,0.7056777086227926
2018-05-01 15:00:00,1.1285650822177071
2018-05-08 15:00:00,0.717882371385394
2018-05-15 15:00:00,0.9582946215808902
2018-05-22 15:00:00,1.3534552637305872
2018-05-29 15:00:00,0.778111540861272
2018-06-05 15:00:00,0.8725849778528021
2018-06-12 15:00:00,1.023170344382899
2018-06-19 15:00:00,0.724073203625022
2018-06-26 15:00:00,0.9702000456848764
2018-07-03 15:00:00,0.668575605946999
2018-07-10 15:00:00,0.892633081368267
2018-07-17 15:00:00,0.7186755650470409
2018-07-24 15:00:00,0.6920244925825433
2018-07-31 15:00:00,0.8509502074059068
2018-08-07 15:00:00,0.8662141803207886
2018-08-14 15:00:00,0.5364088229569074
2018-08-21 15:00:00,0.7220409361961883
2018-08-28 15:00:00,0.9576163959898888
2018-09-04 15:00:00,1.0720415985755614
2018-09-11 15:00:00,1.0417793951246244
2018-09-18 15:00:00,1.1644066846209957
2018-09-25 15:00:00,1.0934154632682358
2018-10-02 15:00:00,0.6817246277094501
2018-10-09 15:00:00,0.8346745560736596
2018-10-16 15:00:00,0.5478644396739952
2018-10-23 15:00:00,0.8531462204347962
2018-10-30 15:00:00,0.9054549267605494
2018-11-06 15:00:00,0.6719122908890748
2018-11-13 15:00:00,0.8658016335276355
2018-11-20 15:00:00,0.82189229981501
2018-11-27 15:00:00,0.8312568652856969
2018-12-04 15:00:00,0.6627019520747331
2018-12-11 15:00:00,0.7022401328105514
2018-12-18 15:00:00,1.0671096854449962
2018-12-25 15:00:00,0.6756751023997735
2019-01-01 15:00:00,0.5859871881732551
2019-01-08 15:00:00,0.7132127831295313
2019-01-22 15:00:00,1.3230067547339135
2019-01-29 15:00:00,0.7676062251280711
2019-02-05 15:00:00,1.3994530815259283
2019-02-12 15:00:00,1.0460605085860872
2019-02-19 15:00:00,1.2066128776795955
2019-02-26 15:00:00,0.8332856055873553
2019-03-05 15:00:00,1.0229250246928152
2019-03-12 15:00:00,0.7649644483065577
2019-03-19 15:00:00,0.7246498847419206
2019-03-26 15:00:00,0.7771281880778846
2019-04-02 15:00:00,0.9491312676149738
2019-04-09 15:00:00,0.7029810151091832
2019-04-16 15:00:00,0.6748512258794241
2019-04-23 15:00:00,0.8956753912660306
2019-04-30 15:00:00,0.8215725201138584
2019-05-07 15:00:00,1.061595101306766
2019-05-14 15:00:00,0.9038397526607941
2019-05-21 15:00:00,1.1100840127434044
2019-05-28 15:00:00,0.8842971105164743
2019-06-11 15:00:00,0.8793422576098272
2019-06-18 15:00:00,0.971186654934321
2019-06-25 15:00:00,0.751569090661681
2019-07-02 15:00:00,0.7039735386344745
2019-07-09 15:00:00,1.0795586174779146
2019-07-16 15:00:00,0.8201627693577894
2019-07-23 15:00:00,1.0179821148960018
2019-07-30 15:00:00,0.9634455853720446
2019-08-06 15:00:00,0.8652714347179513
2019-08-13 15:00:00,1.265365771425
2019-08-20 15:00:00,1.6117606859135185
2019-08-27 15:00:00,1.0298630743636388
2019-09-03 15:00:00,1.1464937306558192
2019-09-10 15:00:00,0.9656909928970417
2019-09-17 15:00:00,0.8307121405622336
2019-09-24 15:00:00,0.9826854182158267
2019-10-01 15:00:00,0.6921526009674427
2019-10-08 15:00:00,0.9816938592066331
2019-10-15 15:00:00,0.6580659865215523
2019-10-22 15:00:00,1.2465794954582796
2019-10-29 15:00:00,0.812762161961269
2019-11-05 15:00:00,0.7283958164374675
2019-11-12 15:00:00,1.0881257766120376
2019-11-19 15:00:00,0.7622117344311664
2019-11-26 15:00:00,1.0179940363655766
2019-12-03 15:00:00,0.7932347474180544
2019-12-10 15:00:00,0.8528334615505894
2019-12-17 15:00:00,0.5811552331264802
2019-12-24 15:00:00,0.9584467038841
2019-12-31 15:00:00,0.601861865802899
2020-01-07 15:00:00,0.674439604410732
2020-01-14 15:00:00,1.360809164040389
2020-01-21 15:00:00,0.8290099313612798
2020-01-28 15:00:00,0.6993628394394158
2020-02-11 15:00:00,0.6908091424660016
2020-02-18 15:00:00,0.8834296041947302
2020-02-25 15:00:00,1.0476997598465325
2020-03-03 15:00:00,0.8349570608858856
2020-03-10 15:00:00,0.9076133104408587
2020-03-17 15:00:00,1.0015178823331101
2020-03-24 15:00:00,0.743293904654448
2020-03-31 15:00:00,0.7263367288508351
2018-01-02 16:00:00,0.9952206671326846
2018-01-09 16:00:00,0.8095111872810726
2018-01-16 16:00:00,0.5930991643689844
2018-01-23 16:00:00,1.0069401217668152
2018-01-30 16:00:00,0.7238328494016207
2018-02-13 16:00:00,0.6827071619703564
2018-02-20 16:00:00,0.7498147861019367
2018-02-27 16:00:00,0.9505055525967046
2018-03-06 16:00:00,0.9269230942142876
2018-03-13 16:00:00,0.715056828377435
2018-03-20 16:00:00,0.8073069074261828
2018-03-27 16:00:00,0.9149903097402405
2018-04-03 16:00:00,0.6763324708223863
2018-04-10 16:00:00,0.752639915020958
2018-04-17 16:00:00,0.8510039670421186
2018-04-24 16:00:00,0.8869080343134603
2018-05-08 16:00:00,0.8310801010799486
2018-05-15 16:00:00,0.8140938920062303
2018-05-22 16:00:00,0.8465900218712596
2018-06-05 16:00:00,0.704088867919149
2018-06-12 16:00:00,0.5295111736708471
2018-06-19 16:00:00,0.9912861875468253
2018-06-26 16:00:00,1.3033641754946963
2018-07-03 16:00:00,0.9111330740537913
2018-07-10 16:00:00,1.1418872149406025
2018-07-17 16:00:00,1.0617003764657915
2018-07-24 16:00:00,0.7924247171414728
2018-07-31 16:00:00,0.7147617042779294
2018-08-07 16:00:00,1.0478422398052851
2018-08-14 16:00:00,0.9568314920550661
2018-08-21 16:00:00,0.7112821225053475
2018-08-28 16:00:00,1.235983244514543
2018-09-04 16:00:00,0.8894016921941619
2018-09-11 16:00:00,1.0371079284790918
2018-09-18 16:00:00,2.3901653741146682
2018-09-25 16:00:00,1.020724963292305
2018-10-02 16:00:00,1.1525811556655288
2018-10-09 16:00:00,0.9374364958827057
2018-10-16 16:00:00,0.4973591883113347
2018-10-23 16:00:00,0.7713645441355574
2018-10-30 16:00:00,0.7711667071347907
2018-11-06 16:00:00,0.7783437440905447
2018-11-13 16:00:00,1.1880551560530093
2018-11-20 16:00:00,0.6504356832501095
2018-11-27 16:00:00,1.154172462467735
2018-12-04 16:00:00,0.7001789151639098
2018-12-11 16:00:00,0.6759517840186416
2018-12-18 16:00:00,1.1150039723191743
2018-12-25 16:00:00,0.6676632289264967
2019-01-01 16:00:00,1.7035431244944754
2019-01-08 16:00:00,0.7338752417179717
2019-01-15 16:00:00,0.8650129217669849
2019-01-22 16:00:00,1.0586970298988168
2019-01-29 16:00:00,0.7408995283586144
2019-02-05 16:00:00,1.208622491460467
2019-02-12 16:00:00,0.6632048022791547
2019-02-19 16:00:00,1.093678799993737
2019-02-26 16:00:00,1.1113872414072246
2019-03-05 16:00:00,0.6697644668473899
2019-03-12 16:00:00,0.8257400345847792
2019-03-26 16:00:00,0.6533672815377773
2019-04-02 16:00:00,0.6597513679497091
2019-04-09 16:00:00,0.8514370825341471
2019-04-16 16:00:00,0.8309960786700308
2019-04-23 16:00:00,0.9640784769270757
2019-04-30 16:00:00,0.822700592224216
2019-05-07 16:00:00,0.73954845963701
2019-05-14 16:00:00,0.883270063086546
2019-05-21 16:00:00,1.1170907227241111
2019-05-28 16:00:00,0.8889286385966012
2019-06-11 16:00:00,0.7738938473068085
2019-06-18 16:00:00,0.7555690137176052
2019-06-25 16:00:00,0.7877301982932912
2019-07-02 16:00:00,0.9874996155564733
2019-07-09 16:00:00,1.0126492427273133
2019-07-16 16:00:00,0.6797422540114791
2019-07-23 16:00:00,0.8632164144366307
2019-07-30 16:00:00,1.1106656901867675
2019-08-06 16:00:00,1.0524689488566623
2019-08-13 16:00:00,0.8828580532225926
2019-08-20 16:00:00,1.0798832378536827
2019-09-03 16:00:00,0.9688731251032305
2019-09-10 16:00:00,1.3370808721967156
2019-09-17 16:00:00,0.9462166623359323
2019-09-24 16:00:00,0.7929803615135106
2019-10-01 16:00:00,0.7066260214706044
2019-10-08 16:00:00,0.9689724379940244
2019-10-15 16:00:00,0.5924030257954263
2019-10-22 16:00:00,0.7063986246093327
2019-10-29 16:00:00,0.9247571540461839
2019-11-05 16:00:00,0.961819651094581
2019-11-12 16:00:00,0.5583199853878389
2019-11-19 16:00:00,0.7559457284726023
2019-11-26 16:00:00,0.7470242016863949
2019-12-03 16:00:00,0.8310503462313994
2019-12-10 16:00:00,0.798893637274746
2019-12-17 16:00:00,0.9215661795783417
2019-12-24 16:00:00,0.8992109846571863
2019-12-31 16:00:00,1.4741543110126778
2020-01-07 16:00:00,0.7538380834530058
2020-01-14 16:00:00,0.6140465135692676
2020-01-21 16:00:00,1.1932695745262032
2020-01-28 16:00:00,1.0281149412221016
2020-02-04 16:00:00,1.3160586038088793
2020-02-11 16:00:00,1.1385386508573205
2020-02-18 16:00:00,0.9716794955913342
2020-02-25 16:00:00,0.6072501337035304
2020-03-03 16:00:00,0.7391334111807111
2020-03-10 16:00:00,0.775989879637854
2020-03-17 16:00:00,0.7369789804876348
2020-03-24 16:00:00,0.6186171465378966
2020-03-31 16:00:00,0.7696403418706304
2018-01-02 17:00:00,0.8868341072435896
2018-01-09 17:00:00,1.1479888082193086
2018-01-16 17:00:00,0.8706375502539871
2018-01-23 17:00:00,1.7822810194094614
2018-01-30 17:00:00,1.2336884858644293
2018-02-13 17:00:00,1.0114494127434788
2018-02-20 17:00:00,0.8739299659092977
2018-02-27 17:00:00,1.1019516180830056
2018-03-06 17:00:00,0.7595266087963713
2018-03-13 17:00:00,0.749492795182894
2018-03-20 17:00:00,0.9975197525893221
2018-03-27 17:00:00,1.4066811304407796
2018-04-03 17:00:00,0.5420077290146871
2018-04-10 17:00:00,1.0994349973529367
2018-04-17 17:00:00,0.945142611494124
2018-04-24 17:00:00,0.8055013051310445
2018-05-01 17:00:00,0.9577317351645178
2018-05-08 17:00:00,0.7736487418305381
2018-05-15 17:00:00,0.8362876212582174
2018-05-22 17:00:00,0.6349038297508871
2018-05-29 17:00:00,1.4024136450863618
2018-06-05 17:00:00,1.009938746365107
2018-06-12 17:00:00,0.6394338318951014
2018-06-19 17:00:00,1.0279392140886157
2018-06-26 17:00:00,1.3803315883166316
2018-07-03 17:00:00,0.6686552648121642
2018-07-10 17:00:00,0.8298134998245328
2018-07-17 17:00:00,0.9048999689297335
2018-07-24 17:00:00,1.247991827521334
2018-07-31 17:00:00,0.7552197551192786
2018-08-07 17:00:00,0.5949654990502009
2018-08-14 17:00:00,1.1012329140021162
2018-08-21 17:00:00,0.7149016694898657
2018-08-28 17:00:00,0.5141557543738574
2018-09-04 17:00:00,0.7575919076256689
2018-09-11 17:00:00,0.8778441076868885
2018-09-18 17:00:00,1.0365112341018168
2018-09-25 17:00:00,1.8914208346586734
2018-10-02 17:00:00,0.5706813111596649
2018-10-09 17:00:00,0.8798842246484369
2018-10-16 17:00:00,0.8704586213014532
2018-10-23 17:00:00,0.7445605133660913
2018-10-30 17:00:00,1.285074225617839
2018-11-06 17:00:00,0.6061734006380985
2018-11-13 17:00:00,1.1707838541221283
2018-11-20 17:00:00,0.852438032790044
2018-11-27 17:00:00,1.6868905496690696
2018-12-04 17:00:00,1.0253611434716225
2018-12-11 17:00:00,0.6325194222135894
2018-12-18 17:00:00,1.6851100472879876
2018-12-25 17:00:00,0.8351817265738088
2019-01-01 17:00:00,1.6200262044354865
2019-01-08 17:00:00,0.7760089840375478
2019-01-15 17:00:00,0.8178244562509812
2019-01-22 17:00:00,0.6423389273567441
2019-01-29 17:00:00,0.9913824927611252
2019-02-05 17:00:00,0.6969250624508956
2019-02-12 17:00:00,0.7826395764447058
2019-02-19 17:00:00,0.785936711963822
2019-02-26 17:00:00,1.2020856298971867
2019-03-05 17:00:00,0.964066371425468
2019-03-12 17:00:00,0.823959579023162
2019-03-19 17:00:00,0.8572540291638819
2019-03-26 17:00:00,0.58920162679225
2019-04-02 17:00:00,0.5843624452782431
2019-04-09 17:00:00,1.0619002634396881
2019-04-16 17:00:00,0.8656052149618845
2019-04-23 17:00:00,0.8800440967052179
2019-04-30 17:00:00,0.6451641398010757
2019-05-07 17:00:00,0.7773339368845021
2019-05-14 17:00:00,0.8169671833580314
2019-05-21 17:00:00,0.8904509084700156
2019-05-28 17:00:00,0.5289803417410294
2019-06-11 17:00:00,0.7450901613011967
2019-06-18 17:00:00,0.7187185894334228
2019-06-25 17:00:00,0.5705293056504883
2019-07-02 17:00:00,0.7737140629081172
2019-07-09 17:00:00,0.5879762327707084
2019-07-16 17:00:00,0.867630415248964
2019-07-23 17:00:00,0.7859513406789228
2019-07-30 17:00:00,1.195123271977706
2019-08-06 17:00:00,0.9527574834326582
2019-08-13 17:00:00,0.690469012488025
2019-08-20 17:00:00,1.0129064102623262
2019-08-27 17:00:00,0.7660405201625176
2019-09-03 17:00:00,1.0244383726273427
2019-09-10 17:00:00,0.6689661712928194
2019-09-17 17:00:00,0.7313153138306171
2019-09-24 17:00:00,1.1494860691729576
2019-10-01 17:00:00,0.6717069926120323
2019-10-08 17:00:00,0.6382684954108387
2019-10-15 17:00:00,0.6340075901306497
2019-10-22 17:00:00,0.7005752753820763
2019-10-29 17:00:00,1.0680412594058282
2019-11-05 17:00:00,0.8582792570688628
2019-11-12 17:00:00,0.9588312840119498
2019-11-19 17:00:00,0.8936366969726233
2019-11-26 17:00:00,0.9440143575703555
2019-12-03 17:00:00,0.9378007046013123
2019-12-10 17:00:00,0.8084951948249147
2019-12-17 17:00:00,1.1544559788582998
2019-12-24 17:00:00,0.8295552121880168
2019-12-31 17:00:00,0.9090228687506289
2020-01-07 17:00:00,0.5691230282823271
2020-01-14 17:00:00,1.1045613265919279
2020-01-21 17:00:00,0.8876022228527715
2020-01-28 17:00:00,0.48393240534765736
2020-02-04 17:00:00,1.0665785145646172
2020-02-11 17:00:00,0.9447063440290469
2020-02-18 17:00:00,1.6627077157912251
2020-02-25 17:00:00,0.9830843759100159
2020-03-03 17:00:00,0.7057373533185056
2020-03-10 17:00:00,1.0684630514592441
2020-03-17 17:00:00,1.005722747906571
2020-03-24 17:00:00,1.1784276726153242
2020-03-31 17:00:00,0.9755490741046766
2018-01-02 18:00:00,0.7745103078014073
2018-01-09 18:00:00,0.8307830977993943
2018-01-16 18:00:00,1.0201197879573405
2018-01-23 18:00:00,0.7369746600388386
2018-01-30 18:00:00,1.3114180645680154
2018-02-13 18:00:00,0.9461251371036294
2018-02-20 18:00:00,1.0029673975873084
2018-02-27 18:00:00,0.8687983556772024
2018-03-06 18:00:00,0.6236314315518917
2018-03-13 18:00:00,1.1049969332525025
2018-03-20 18:00:00,1.1811541054876582
2018-03-27 18:00:00,1.0883641969028455
2018-04-03 18:00:00,1.0981175361347422
2018-04-10 18:00:00,0.848538247521735
2018-04-17 18:00:00,0.7754487121768809
2018-04-24 18:00:00,0.8278374173088107
2018-05-01 18:00:00,1.0139845965108778
2018-05-08 18:00:00,1.310779922900274
2018-05-15 18:00:00,0.9925202155200482
2018-05-22 18:00:00,0.6043272201049799
2018-05-29 18:00:00,0.6818248051459503
2018-06-05 18:00:00,0.838685725021032
2018-06-12 18:00:00,1.0858728155566137
2018-06-19 18:00:00,0.6978538113824921
2018-06-26 18:00:00,1.2816359374065278
2018-07-03 18:00:00,0.9349552527384197
2018-07-10 18:00:00,1.364442838570812
2018-07-17 18:00:00,1.0464465381172894
2018-07-24 18:00:00,0.941012578732849
2018-07-31 18:00:00,0.886655277720298
2018-08-07 18:00:00,0.917254512820543
2018-08-14 18:00:00,0.8190723593462186
2018-08-21 18:00:00,1.156582354291985
2018-08-28 18:00:00,1.0446657719317947
2018-09-04 18:00:00,0.9252738183219493
2018-09-11 18:00:00,0.9262418107512997
2018-09-18 18:00:00,0.7545728191000264
2018-09-25 18:00:00,1.1781262862769475
2018-10-02 18:00:00,0.9731929599771497
2018-10-09 18:00:00,1.0619796908935228
2018-10-16 18:00:00,0.8563438542046918
2018-10-23 18:00:00,0.7986459501335466
2018-10-30 18:00:00,0.6807445749414827
2018-11-06 18:00:00,1.0407912940079989
2018-11-13 18:00:00,1.5774368843376165
2018-11-20 18:00:00,0.9313939107330947
2018-11-27 18:00:00,0.8552947666192204
2018-12-04 18:00:00,1.3966676513540752
2018-12-11 18:00:00,0.7274150485563304
2018-12-18 18:00:00,0.8936734342577254
2018-12-25 18:00:00,1.012559107337312
2019-01-01 18:00:00,1.3048527981665892
2019-01-08 18:00:00,0.9008909643952444
2019-01-15 18:00:00,1.1283725600343966
2019-01-22 18:00:00,1.1075763010455413
2019-01-29 18:00:00,0.9178015924223744
2019-02-05 18:00:00,0.6760971765729245
2019-02-12 18:00:00,0.6289461804524814
2019-02-19 18:00:00,0.6377515845619178
2019-02-26 18:00:00,0.9472126076527445
2019-03-05 18:00:00,0.9540509570320289
2019-03-12 18:00:00,0.9587365642624207
2019-03-19 18:00:00,1.0780804428846915
2019-03-26 18:00:00,1.077036820534452
2019-04-02 18:00:00,1.124045425814892
2019-04-09 18:00:00,0.6187321229823478
2019-04-16 18:00:00,0.8833704356816222
2019-04-23 18:00:00,1.2492877728628744
2019-04-30 18:00:00,0.9022335438480492
2019-05-07 18:00:00,1.336792418138924
2019-05-14 18:00:00,1.349004728334605
2019-05-21 18:00:00,0.8378171175938073
2019-05-28 18:00:00,0.555893671412155
2019-06-11 18:00:00,1.206563339989176
2019-06-18 18:00:00,1.5172292089377872
2019-06-25 18:00:00,1.0482888662265568
2019-07-02 18:00:00,0.8656272155494938
2019-07-09 18:00:00,1.5930430015395252
2019-07-16 18:00:00,1.1882336325049687
2019-07-23 18:00:00,0.9759141577456314
2019-07-30 18:00:00,1.4405311994728496
2019-08-06 18:00:00,1.054945699750441
2019-08-13 18:00:00,1.5426731484477152
2019-08-20 18:00:00,0.6622368131245329
2019-08-27 18:00:00,0.8685218999627288
2019-09-03 18:00:00,0.6148562494454817
2019-09-10 18:00:00,0.9905060640973268
2019-09-17 18:00:00,0.9545230724326447
2019-09-24 18:00:00,0.7286401351025321
2019-10-01 18:00:00,0.8167580333591575
2019-10-08 18:00:00,1.322029193620463
2019-10-15 18:00:00,1.0903579064709514
2019-10-22 18:00:00,0.9791119020874269
2019-10-29 18:00:00,1.0416557167156195
2019-11-05 18:00:00,1.0174625895227245
2019-11-12 18:00:00,0.7318539679803138
2019-11-19 18:00:00,1.3006987315726104
2019-11-26 18:00:00,0.8142650899116742
2019-12-03 18:00:00,0.7662788371395662
2019-12-10 18:00:00,1.2346183280060836
2019-12-17 18:00:00,0.5568589827435402
2019-12-24 18:00:00,0.9932567212583049
2019-12-31 18:00:00,0.6740719082231055
2020-01-07 18:00:00,0.9497970852627402
2020-01-14 18:00:00,0.9350556391297368
2020-01-21 18:00:00,0.7849264234758301
2020-01-28 18:00:00,0.7600086430030651
2020-02-04 18:00:00,0.9268288913350081
2020-02-11 18:00:00,0.9481174355874407
2020-02-18 18:00:00,0.8521468350243746
2020-02-25 18:00:00,1.6213410168053402
2020-03-03 18:00:00,0.8795070556047004
2020-03-10 18:00:00,0.8326851234570384
2020-03-17 18:00:00,0.8278024595157173
2020-03-24 18:00:00,0.8717266981193594
2020-03-31 18:00:00,0.951407025341602
2018-01-02 19:00:00,0.6652170991891361
2018-01-09 19:00:00,1.2948215686073457
2018-01-16 19:00:00,0.7112420464856825
2018-01-23 19:00:00,0.5660511329053834
2018-01-30 19:00:00,0.7198146518931064
2018-02-13 19:00:00,1.0113715829358503
2018-02-20 19:00:00,0.6531215706593291
2018-02-27 19:00:00,1.5421286486853383
2018-03-06 19:00:00,0.7244952141415344
2018-03-13 19:00:00,0.9809894272550649
2018-03-20 19:00:00,1.1739937853939442
2018-03-27 19:00:00,0.954515057235508
2018-04-03 19:00:00,1.4717867347345608
2018-04-10 19:00:00,0.6678999999435918
2018-04-17 19:00:00,0.9569683065770639
2018-04-24 19:00:00,1.5056187016416764
2018-05-01 19:00:00,0.7191335459947186
2018-05-08 19:00:00,0.8728116300111861
2018-05-15 19:00:00,0.9157411085247872
2018-05-22 19:00:00,0.7835232280566138
2018-05-29 19:00:00,0.80310558446852
2018-06-05 19:00:00,1.2331169992342683
2018-06-19 19:00:00,1.1946597578709692
2018-06-26 19:00:00,0.8287474477555914
2018-07-03 19:00:00,0.5078605480706476
2018-07-10 19:00:00,0.7158543882359439
2018-07-17 19:00:00,0.7439612533981506
2018-07-24 19:00:00,0.5527570036399687
2018-07-31 19:00:00,0.8782492101123588
2018-08-07 19:00:00,0.6180514776501896
2018-08-14 19:00:00,0.7189503717796835
2018-08-21 19:00:00,0.9091156154164094
2018-08-28 19:00:00,0.8403261752444329
2018-09-04 19:00:00,1.0012839703138248
2018-09-11 19:00:00,1.0494469361154195
2018-09-18 19:00:00,0.7376957666402846
2018-09-25 19:00:00,0.548753337759894
2018-10-02 19:00:00,1.0450989130870187
2018-10-09 19:00:00,1.3572389305415813
2018-10-16 19:00:00,0.6883542749961528
2018-10-23 19:00:00,0.9023842084983899
2018-10-30 19:00:00,0.9740003526930167
2018-11-06 19:00:00,0.8267598938916964
2018-11-13 19:00:00,1.1961573251859092
2018-11-20 19:00:00,1.1293495745599667
2018-11-27 19:00:00,1.1338732263497309
2018-12-04 19:00:00,1.471882093467366
2018-12-11 19:00:00,0.7006212837353372
2018-12-18 19:00:00,0.7565046313095007
2018-12-25 19:00:00,1.419618801661124
2019-01-01 19:00:00,2.210678839865964
2019-01-08 19:00:00,0.8850648659787272
2019-01-15 19:00:00,1.0875723223290235
2019-01-22 19:00:00,0.43989481189695684
2019-01-29 19:00:00,0.8822904243652323
2019-02-05 19:00:00,0.7498449353881437
2019-02-12 19:00:00,0.8845521982977187
2019-02-19 19:00:00,1.0158560857472527
2019-02-26 19:00:00,0.7867321206721262
2019-03-05 19:00:00,0.8761565501511486
2019-03-12 19:00:00,0.7784429481454561
2019-03-19 19:00:00,0.8951377916098353
2019-03-26 19:00:00,1.0044500852446752
2019-04-02 19:00:00,1.031300899686121
2019-04-09 19:00:00,0.6624963571570469
2019-04-16 19:00:00,0.6790043208144122
2019-04-23 19:00:00,0.584755577809548
2019-04-30 19:00:00,1.3782506029931505
2019-05-07 19:00:00,1.178769325543053
2019-05-14 19:00:00,1.2006905847679923
2019-05-21 19:00:00,0.600780646281081
2019-05-28 19:00:00,0.8353871138847
2019-06-11 19:00:00,0.4725503711199583
2019-06-18 19:00:00,0.6852308619088712
2019-06-25 19:00:00,0.8203921115084605
2019-07-02 19:00:00,0.6611084598917141
2019-07-09 19:00:00,0.6536748427703329
2019-07-16 19:00:00,0.8916183546079036
2019-07-23 19:00:00,1.129734074809032
2019-07-30 19:00:00,1.26460260330042
2019-08-06 19:00:00,1.2555378414943612
2019-08-13 19:00:00,1.1471940822538498
2019-08-20 19:00:00,1.440561553450808
2019-08-27 19:00:00,0.95007338677293
2019-09-03 19:00:00,1.615028107015673
2019-09-10 19:00:00,0.7599719406400189
2019-09-17 19:00:00,0.8478262152369761
2019-09-24 19:00:00,0.9665031248116184
2019-10-01 19:00:00,0.9826936910710133
2019-10-08 19:00:00,0.6980215565469803
2019-10-15 19:00:00,0.9076023687320705
2019-10-22 19:00:00,1.158926527835527
2019-10-29 19:00:00,1.354889716237431
2019-11-05 19:00:00,0.8016996720180741
2019-11-12 19:00:00,1.405552592858623
2019-11-19 19:00:00,0.6531632191688276
2019-11-26 19:00:00,1.1079663951670229
2019-12-03 19:00:00,0.8569458222989595
2019-12-10 19:00:00,0.722254474959243
2019-12-17 19:00:00,0.5903307871947726
2019-12-24 19:00:00,1.8872448406552509
2019-12-31 19:00:00,0.7750430006250417
2020-01-07 19:00:00,0.9291282191455966
2020-01-14 19:00:00,0.9060019088333512
2020-01-21 19:00:00,1.3530028501331952
2020-01-28 19:00:00,0.7476642348236054
2020-02-04 19:00:00,1.1431903957701055
2020-02-11 19:00:00,1.2516886503000535
2020-02-18 19:00:00,0.7507066423348676
2020-02-25 19:00:00,1.051677164653294
2020-03-03 19:00:00,0.6919715336385045
2020-03-10 19:00:00,0.8443511626573861
2020-03-17 19:00:00,0.7868580586266716
2020-03-24 19:00:00,0.9220517585763894
2020-03-31 19:00:00,0.9946704845970405
2018-01-02 20:00:00,1.5495438832861512
2018-01-09 20:00:00,0.9126404287506688
2018-01-16 20:00:00,0.9991236232496784
2018-01-23 20:00:00,1.287009100522849
2018-01-30 20:00:00,0.6897573387363608
2018-02-13 20:00:00,0.8968474148356992
2018-02-20 20:00:00,0.9004260596004879
2018-02-27 20:00:00,1.0810263920119565
2018-03-06 20:00:00,0.8049563921832652
2018-03-13 20:00:00,0.8190447958980945
2018-03-20 20:00:00,1.1757859499356293
2018-03-27 20:00:00,0.8561613961302368
2018-04-03 20:00:00,0.8704631530844
2018-04-10 20:00:00,1.0253384443324123
2018-04-17 20:00:00,1.238702807614998
2018-04-24 20:00:00,0.6747388808353284
2018-05-01 20:00:00,0.7315226920560077
2018-05-08 20:00:00,1.232759119582331
2018-05-15 20:00:00,1.0043094305109648
2018-05-22 20:00:00,1.0359487806871834
2018-05-29 20:00:00,1.2304930648568895
2018-06-05 20:00:00,0.5452094952660281
2018-06-12 20:00:00,0.9234714269243223
2018-06-19 20:00:00,0.9412176780092311
2018-06-26 20:00:00,0.8927087105886371
2018-07-03 20:00:00,1.0494043516784752
2018-07-10 20:00:00,2.608360658633026
2018-07-17 20:00:00,0.6067400455867524
2018-07-24 20:00:00,0.8324947640644752
2018-07-31 20:00:00,1.323248773854529
2018-08-07 20:00:00,1.228289537085345
2018-08-14 20:00:00,1.3343095052435345
2018-08-21 20:00:00,0.747207471630956
2018-08-28 20:00:00,0.9536086104298729
2018-09-04 20:00:00,0.5940068597270238
2018-09-11 20:00:00,1.3320716927129759
2018-09-18 20:00:00,1.4848141438833602
2018-09-25 20:00:00,1.1720289222378666
2018-10-02 20:00:00,1.2058310330052047
2018-10-09 20:00:00,0.8693929423178781
2018-10-16 20:00:00,0.618890139909501
2018-10-23 20:00:00,1.5232821695522536
2018-10-30 20:00:00,0.9199314073393705
2018-11-06 20:00:00,1.4132945236627827
2018-11-13 20:00:00,1.1599495490261098
2018-11-20 20:00:00,0.6146437759596356
2018-11-27 20:00:00,2.3251971097060675
2018-12-04 20:00:00,1.238140539640585
2018-12-11 20:00:00,1.0562329777176067
2018-12-18 20:00:00,0.8763593317121977
2018-12-25 20:00:00,0.8579031900656481
2019-01-01 20:00:00,1.014966671474494
2019-01-08 20:00:00,0.6066744778760518
2019-01-15 20:00:00,0.860244831105114
2019-01-22 20:00:00,0.9602868097750941
2019-01-29 20:00:00,1.0752104452056543
2019-02-05 20:00:00,0.5481669353719152
2019-02-12 20:00:00,0.915213590632422
2019-02-19 20:00:00,0.9978595986313898
2019-02-26 20:00:00,1.009787398189197
2019-03-05 20:00:00,0.9467494907210788
2019-03-12 20:00:00,1.5352096198733547
2019-03-19 20:00:00,0.6723863628170613
2019-03-26 20:00:00,0.9168846171420648
2019-04-02 20:00:00,0.891055047156543
2019-04-09 20:00:00,1.0044124226465991
2019-04-16 20:00:00,0.9560460548251541
2019-04-23 20:00:00,0.8299434055971365
2019-04-30 20:00:00,1.344428959047783
2019-05-07 20:00:00,0.9721395871902027
2019-05-14 20:00:00,1.3505237452422392
2019-05-21 20:00:00,0.8133685863080163
2019-05-28 20:00:00,1.071726317763774
2019-06-11 20:00:00,0.6480091509217133
2019-06-18 20:00:00,0.8942590635685622
2019-06-25 20:00:00,0.7133214509349596
2019-07-02 20:00:00,0.7682244663913175
2019-07-09 20:00:00,1.0164885554944576
2019-07-16 20:00:00,0.944401461595487
2019-07-23 20:00:00,0.6807112297221897
2019-07-30 20:00:00,0.9095898208277549
2019-08-06 20:00:00,0.8934290778933369
2019-08-13 20:00:00,0.6068048457620916
2019-08-20 20:00:00,0.8919100056182165
2019-08-27 20:00:00,1.036947419780196
2019-09-03 20:00:00,0.8641790818454914
2019-09-10 20:00:00,0.9962033850854479
2019-09-17 20:00:00,1.3181791821666784
2019-09-24 20:00:00,0.6913451126610421
2019-10-01 20:00:00,0.8721229147193426
2019-10-08 20:00:00,1.799599841001818
2019-10-15 20:00:00,1.036436230278363
2019-10-22 20:00:00,1.2883644983447078
2019-10-29 20:00:00,0.6158154128516232
2019-11-05 20:00:00,1.3291611472290668
2019-11-12 20:00:00,1.1231882108926896
2019-11-19 20:00:00,0.9861500136777995
2019-11-26 20:00:00,0.8417458544673163
2019-12-03 20:00:00,1.286781673139682
2019-12-10 20:00:00,0.852800394923888
2019-12-17 20:00:00,1.9175187607198358
2019-12-24 20:00:00,0.8105087410700722
2019-12-31 20:00:00,1.1381622711369042
2020-01-07 20:00:00,1.0110528354571673
2020-01-14 20:00:00,1.0245903279492676
2020-01-21 20:00:00,1.0595261025161646
2020-01-28 20:00:00,1.5603072626009522
2020-02-04 20:00:00,2.183541201247486
2020-02-11 20:00:00,1.1866313645052025
2020-02-18 20:00:00,1.301451003872336
2020-02-25 20:00:00,1.0655260604515435
2020-03-03 20:00:00,0.8356248662773421
2020-03-10 20:00:00,1.5593774081470886
2020-03-17 20:00:00,1.6020750488732425
2020-03-24 20:00:00,0.7075548058087007
2020-03-31 20:00:00,0.7987146898323946
2018-01-02 21:00:00,1.41871993462216
2018-01-09 21:00:00,1.0802443043825394
2018-01-16 21:00:00,1.8129389341663311
2018-01-23 21:00:00,0.7542093550690656
2018-01-30 21:00:00,0.5895582737845952
2018-02-13 21:00:00,0.8873443160533809
2018-02-20 21:00:00,0.7863424923128552
2018-02-27 21:00:00,1.4001404032224638
2018-03-06 21:00:00,1.2370603765586123
2018-03-13 21:00:00,0.9509646361469318
2018-03-20 21:00:00,1.001178160851818
2018-03-27 21:00:00,0.8808784496535793
2018-04-03 21:00:00,0.7894309954593788
2018-04-10 21:00:00,0.7577930643616964
2018-04-17 21:00:00,1.8767983012773064
2018-04-24 21:00:00,0.6364716462438406
2018-05-01 21:00:00,0.5522665062633242
2018-05-08 21:00:00,0.6818183700337801
2018-05-15 21:00:00,0.45377939491872316
2018-05-22 21:00:00,1.5263690395473406
2018-05-29 21:00:00,0.7719948992790722
2018-06-05 21:00:00,1.2173889740593788
2018-06-12 21:00:00,1.0819288603603163
2018-06-19 21:00:00,0.9148535602117883
2018-06-26 21:00:00,0.5190772893730894
2018-07-03 21:00:00,0.41426191290024594
2018-07-10 21:00:00,1.258080441197046
2018-07-17 21:00:00,0.8712990290977142
2018-07-24 21:00:00,0.8893508567403193
2018-07-31 21:00:00,0.8362388640089989
2018-08-07 21:00:00,1.06736265286051
2018-08-14 21:00:00,0.6045726120465382
2018-08-21 21:00:00,1.209874423712507
2018-08-28 21:00:00,0.5185226724296451
2018-09-04 21:00:00,1.2082536900864034
2018-09-11 21:00:00,0.8461396319513655
2018-09-18 21:00:00,1.3983409987768285
2018-09-25 21:00:00,0.9018296046179415
2018-10-02 21:00:00,0.8312685868279526
2018-10-09 21:00:00,0.6862804993214068
2018-10-16 21:00:00,1.2042695100226217
2018-10-23 21:00:00,1.3121209864715049
2018-10-30 21:00:00,0.7880965605932776
2018-11-06 21:00:00,0.674591996782881
2018-11-13 21:00:00,1.2467164067872805
2018-11-20 21:00:00,1.4699334053122206
2018-11-27 21:00:00,0.8026675892362217
2018-12-04 21:00:00,0.43969503659669495
2018-12-11 21:00:00,1.8280259666977396
2018-12-18 21:00:00,1.1929390741520507
2018-12-25 21:00:00,0.7384567844897099
2019-01-01 21:00:00,1.1629519421867707
2019-01-08 21:00:00,2.393622742292032
2019-01-15 21:00:00,0.8326878761616591
2019-01-22 21:00:00,0.7032593962086419
2019-01-29 21:00:00,1.569235999885272
2019-02-05 21:00:00,0.5785476188681337
2019-02-12 21:00:00,0.9449342779560523
2019-02-19 21:00:00,1.2266940503328072
2019-02-26 21:00:00,1.2140860752349476
2019-03-05 21:00:00,0.6098102687364341
2019-03-12 21:00:00,0.4993328433983929
2019-03-19 21:00:00,1.3399172090147966
2019-03-26 21:00:00,0.6724909086685686
2019-04-02 21:00:00,0.5976434561491213
2019-04-09 21:00:00,0.8743438237287784
2019-04-16 21:00:00,1.3747497910210293
2019-04-23 21:00:00,1.1918830106604195
2019-04-30 21:00:00,1.0758564883416577
2019-05-07 21:00:00,0.814018612489774
2019-05-14 21:00:00,0.8665997848014481
2019-05-21 21:00:00,0.8935460178287921
2019-05-28 21:00:00,0.9474130874590345
2019-06-11 21:00:00,0.865299011977224
2019-06-18 21:00:00,0.8746510020714623
2019-06-25 21:00:00,0.6156612703284474
2019-07-02 21:00:00,0.8587355186522067
2019-07-09 21:00:00,1.0359973729810796
2019-07-16 21:00:00,1.2216578516798775
2019-07-23 21:00:00,0.8388179177172703
2019-07-30 21:00:00,1.0716397405128424
2019-08-06 21:00:00,2.119717558029655
2019-08-13 21:00:00,0.779599985355929
2019-08-20 21:00:00,0.8103878581867474
2019-08-27 21:00:00,0.7516933858513145
2019-09-03 21:00:00,1.2797454229443934
2019-09-10 21:00:00,0.6913017816003705
2019-09-17 21:00:00,1.072052376788077
2019-09-24 21:00:00,0.8881996013782663
2019-10-01 21:00:00,0.7074458891169503
2019-10-08 21:00:00,0.7376684493314846
2019-10-15 21:00:00,1.0774100047687114
2019-10-22 21:00:00,0.5751967856026932
2019-10-29 21:00:00,1.0741020286138134
2019-11-05 21:00:00,0.8014540573803626
2019-11-12 21:00:00,1.6240080007861295
2019-11-19 21:00:00,0.9630742286821993
2019-11-26 21:00:00,0.7223006204806797
2019-12-03 21:00:00,0.5720967693563261
2019-12-10 21:00:00,1.2154024490727842
2019-12-17 21:00:00,0.9668453291150878
2019-12-24 21:00:00,1.1608699710971284
2019-12-31 21:00:00,0.5393155833086908
2020-01-07 21:00:00,0.7862606703738556
2020-01-14 21:00:00,1.0609099016978527
2020-01-21 21:00:00,0.5232203513795577
2020-01-28 21:00:00,0.9278827412179307
2020-02-04 21:00:00,1.2003367681214963
2020-02-11 21:00:00,0.6559237009918406
2020-02-18 21:00:00,1.0441609436540114
2020-02-25 21:00:00,0.9084904052323983
2020-03-03 21:00:00,1.6320559315830896
2020-03-10 21:00:00,0.7899498556503434
2020-03-17 21:00:00,0.8893510977679996
2020-03-24 21:00:00,1.8540528870219164
2020-03-31 21:00:00,0.733277766560261
2018-01-02 22:00:00,1.0391927613794931
2018-01-09 22:00:00,0.9201683606758349
2018-01-16 22:00:00,1.176912740596691
2018-01-23 22:00:00,0.9642372451734568
2018-01-30 22:00:00,2.043608873144795
2018-02-13 22:00:00,0.8753271969481222
2018-02-20 22:00:00,0.9928033952564379
2018-02-27 22:00:00,0.9262378203285278
2018-03-06 22:00:00,0.4493435012957648
2018-03-13 22:00:00,1.5336543972003727
2018-03-20 22:00:00,1.0653149160056632
2018-03-27 22:00:00,1.4932144368459797
2018-04-03 22:00:00,1.032258895616448
2018-04-10 22:00:00,1.3214519708119419
2018-04-17 22:00:00,0.4330533600754134
2018-04-24 22:00:00,1.1846077309850804
2018-05-01 22:00:00,0.6810454629561025
2018-05-08 22:00:00,0.7556971208832601
2018-05-15 22:00:00,0.932948882488759
2018-05-22 22:00:00,1.0755383328734351
2018-05-29 22:00:00,1.2932777691363122
2018-06-05 22:00:00,1.690742241309292
2018-06-12 22:00:00,0.8517999571954229
2018-06-19 22:00:00,1.4506235782258585
2018-06-26 22:00:00,1.2962366978570745
2018-07-03 22:00:00,1.6923027996480209
2018-07-10 22:00:00,0.9719027126092639
2018-07-17 22:00:00,0.6749969361516144
2018-07-24 22:00:00,0.5469147913271863
2018-07-31 22:00:00,1.3408962370629498
2018-08-07 22:00:00,0.6777438200792412
2018-08-14 22:00:00,1.1334065374033329
2018-08-21 22:00:00,0.847438898237773
2018-08-28 22:00:00,1.1052467101366437
2018-09-04 22:00:00,1.096983981056353
2018-09-11 22:00:00,1.6696598752768104
2018-09-18 22:00:00,0.8879140136878889
2018-09-25 22:00:00,1.2872240378806663
2018-10-02 22:00:00,0.39394478555767654
2018-10-09 22:00:00,1.3655348582562647
2018-10-16 22:00:00,0.9955812345809497
2018-10-23 22:00:00,1.4501082158124712
2018-10-30 22:00:00,0.6455248636266553
2018-11-06 22:00:00,0.8650048765795575
2018-11-13 22:00:00,0.9940537614717306
2018-11-20 22:00:00,1.4347357607200792
2018-12-04 22:00:00,0.9180678097380408
2018-12-11 22:00:00,0.8168262173108889
2018-12-18 22:00:00,0.842567168157362
2018-12-25 22:00:00,0.8194080433230986
2019-01-01 22:00:00,1.206620924088584
2019-01-08 22:00:00,1.768133863291131
2019-01-15 22:00:00,0.9449138723977164
2019-01-22 22:00:00,1.4310633150397958
2019-01-29 22:00:00,0.8099174574941485
2019-02-05 22:00:00,1.8768756421265027
2019-02-12 22:00:00,1.0899048111121339
2019-02-19 22:00:00,1.1007523798586483
2019-02-26 22:00:00,1.0222052649482747
2019-03-05 22:00:00,0.887538153429144
2019-03-12 22:00:00,1.1843999930752893
2019-03-19 22:00:00,1.0323505466073282
2019-03-26 22:00:00,0.5375424739481599
2019-04-02 22:00:00,0.6893505864964355
2019-04-09 22:00:00,1.318202524366049
2019-04-16 22:00:00,0.9311938476785329
2019-04-23 22:00:00,1.2621292825406023
2019-04-30 22:00:00,0.7203933936482145
2019-05-07 22:00:00,0.9858973219591718
2019-05-14 22:00:00,0.8881308919514297
2019-05-21 22:00:00,0.8030009479912517
2019-05-28 22:00:00,0.8511588440298508
2019-06-11 22:00:00,1.161733356883889
2019-06-18 22:00:00,0.9798361086739481
2019-06-25 22:00:00,1.0942752194216847
2019-07-02 22:00:00,0.9442869394093194
2019-07-09 22:00:00,0.6692095339124058
2019-07-16 22:00:00,1.173729543312757
2019-07-23 22:00:00,1.1646223912874656
2019-07-30 22:00:00,0.916441980841616
2019-08-06 22:00:00,1.282163120839655
2019-08-13 22:00:00,0.7634781170035699
2019-08-20 22:00:00,0.7194594994111914
2019-08-27 22:00:00,1.215475193129095
2019-09-03 22:00:00,0.7883084927939
2019-09-10 22:00:00,1.172215295528201
2019-09-17 22:00:00,0.698309355534499
2019-09-24 22:00:00,1.004677239738418
2019-10-01 22:00:00,1.0576767526442867
2019-10-08 22:00:00,0.5486054185724915
2019-10-15 22:00:00,1.1312389275993275
2019-10-22 22:00:00,1.0898549129249377
2019-10-29 22:00:00,0.9812901934957684
2019-11-05 22:00:00,2.0531884679702395
2019-11-12 22:00:00,0.9417630955826296
2019-11-19 22:00:00,0.3750849781950358
2019-11-26 22:00:00,0.9262965397088888
2019-12-03 22:00:00,1.0282014202414824
2019-12-10 22:00:00,1.01382363103905
2019-12-17 22:00:00,0.7948835439583224
2019-12-24 22:00:00,0.8338617372115523
2019-12-31 22:00:00,0.44996741468037804
2020-01-07 22:00:00,1.1097889393581628
2020-01-14 22:00:00,0.86785675094325
2020-01-21 22:00:00,1.6853736421463914
2020-01-28 22:00:00,1.8035861277401197
2020-02-04 22:00:00,0.4160340309518764
2020-02-11 22:00:00,1.1045698241762285
2020-02-18 22:00:00,1.1979320625368926
2020-02-25 22:00:00,0.7538016002547613
2020-03-03 22:00:00,1.5188930464797628
2020-03-10 22:00:00,1.4900198562310272
2020-03-17 22:00:00,1.7069014818774981
2020-03-24 22:00:00,2.3570181787511824
2020-03-31 22:00:00,1.5467036757595376
2018-01-02 23:00:00,1.1940773813791357
2018-01-09 23:00:00,2.6933036619498725
2018-01-16 23:00:00,1.780912265376159
2018-01-23 23:00:00,1.3018228812394177
2018-01-30 23:00:00,0.8953914884072772
2018-02-13 23:00:00,1.011556753292088
2018-02-20 23:00:00,1.703087471218108
2018-02-27 23:00:00,0.5778328772147413
2018-03-06 23:00:00,2.017440629903701
2018-03-13 23:00:00,1.4001370935429276
2018-03-20 23:00:00,1.5491154573532113
2018-03-27 23:00:00,1.3437189346591736
2018-04-03 23:00:00,1.0920643579389469
2018-04-10 23:00:00,1.7285856053882753
2018-04-17 23:00:00,1.1678696243976752
2018-04-24 23:00:00,1.111509578334667
2018-05-01 23:00:00,1.3314204508375558
2018-05-08 23:00:00,1.290004979745888
2018-05-15 23:00:00,1.2745919523778726
2018-05-22 23:00:00,1.4404936706632998
2018-05-29 23:00:00,0.9990007724341652
2018-06-05 23:00:00,1.9729154463038998
2018-06-12 23:00:00,1.8327464383333438
2018-06-19 23:00:00,1.531604336534304
2018-06-26 23:00:00,1.1582494816507218
2018-07-03 23:00:00,0.9522707750650021
2018-07-10 23:00:00,0.7739279119208529
2018-07-17 23:00:00,0.7290571063698413
2018-07-24 23:00:00,1.6692082197347078
2018-07-31 23:00:00,0.9973756300879781
2018-08-07 23:00:00,1.5235108122611007
2018-08-14 23:00:00,1.384771107796764
2018-08-21 23:00:00,0.9386170616167389
2018-08-28 23:00:00,1.7942841825762033
2018-09-04 23:00:00,1.717750139957028
2018-09-11 23:00:00,2.624321379218438
2018-09-18 23:00:00,1.3528796779137608
2018-09-25 23:00:00,0.6667850568227186
2018-10-02 23:00:00,0.8480934527061735
2018-10-09 23:00:00,2.9560872199629906
2018-10-16 23:00:00,2.1064472992103185
2018-10-23 23:00:00,1.7716190168659007
2018-10-30 23:00:00,0.5507593681132545
2018-11-06 23:00:00,0.7488449858312483
2018-11-13 23:00:00,0.5958051523694929
2018-11-20 23:00:00,1.4729333728544598
2018-11-27 23:00:00,0.8272023147962229
2018-12-04 23:00:00,1.4161141137851994
2018-12-11 23:00:00,0.8749704006176278
2018-12-18 23:00:00,1.299248056672054
2018-12-25 23:00:00,0.9831494948555888
2019-01-01 23:00:00,2.2547844581788183
2019-01-08 23:00:00,1.0864283745215637
2019-01-15 23:00:00,1.4840782167377862
2019-01-22 23:00:00,2.618922811877938
2019-01-29 23:00:00,1.6776142214875198
2019-02-05 23:00:00,1.8301548539218895
2019-02-12 23:00:00,3.0703824961089494
2019-02-19 23:00:00,1.4654347027343095
2019-02-26 23:00:00,1.6554649368308247
2019-03-05 23:00:00,1.5920970542040365
2019-03-12 23:00:00,1.4412630107201616
2019-03-19 23:00:00,2.2219975862377748
2019-03-26 23:00:00,1.2704552247619028
2019-04-02 23:00:00,2.102286190077992
2019-04-09 23:00:00,2.0861315477138893
2019-04-16 23:00:00,0.8819549166037447
2019-04-23 23:00:00,0.8076533094561914
2019-04-30 23:00:00,1.7211333972086658
2019-05-07 23:00:00,0.6933463197989205
2019-05-14 23:00:00,0.7778043410659067
2019-05-21 23:00:00,1.6482379036076533
2019-05-28 23:00:00,0.473130445394157
2019-06-11 23:00:00,1.2354636270810242
2019-06-18 23:00:00,1.302139484846468
2019-06-25 23:00:00,2.001542959331347
2019-07-02 23:00:00,1.1922563639248338
2019-07-09 23:00:00,1.0213251212090213
2019-07-16 23:00:00,0.7868398883219709
2019-07-23 23:00:00,0.616597189721979
2019-07-30 23:00:00,0.8455370511973909
2019-08-06 23:00:00,1.1751209460396308
2019-08-13 23:00:00,1.8720622172437493
2019-08-20 23:00:00,0.827047736543606
2019-08-27 23:00:00,0.7240003937833334
2019-09-03 23:00:00,1.6993053090308834
2019-09-10 23:00:00,0.8340654979796879
2019-09-17 23:00:00,1.2443002608070286
2019-09-24 23:00:00,2.406940714917792
2019-10-01 23:00:00,1.2104374659336736
2019-10-08 23:00:00,2.633968075607129
2019-10-15 23:00:00,1.19508342261379
2019-10-22 23:00:00,1.5327628490277558
2019-10-29 23:00:00,1.6430359273616426
2019-11-05 23:00:00,1.3296758394448596
2019-11-12 23:00:00,1.8077390583800448
2019-11-19 23:00:00,1.5574442591180047
2019-11-26 23:00:00,1.0959102032203847
2019-12-03 23:00:00,0.8246093861534454
2019-12-10 23:00:00,1.5694050104573654
2019-12-17 23:00:00,1.2354313524446128
2019-12-24 23:00:00,0.6262223121886887
2019-12-31 23:00:00,0.5871862313181325
2020-01-07 23:00:00,1.237788262956557
2020-01-14 23:00:00,1.8221403010017128
2020-01-21 23:00:00,1.404620675159072
2020-01-28 23:00:00,1.4514233201940367
2020-02-04 23:00:00,0.7323814799807418
2020-02-11 23:00:00,0.7953664307404503
2020-02-18 23:00:00,1.4102682198010241
2020-02-25 23:00:00,1.177081878988317
2020-03-03 23:00:00,1.5748046676002367
2020-03-10 23:00:00,0.8985084064660842
2020-03-17 23:00:00,2.6746848606030915
2020-03-24 23:00:00,1.4005047795913148
2020-03-31 23:00:00,3.7216065776863068
2018-01-03 00:00:00,1.704456716275734
2018-01-10 00:00:00,1.758106214675021
2018-01-17 00:00:00,1.0876452479000163
2018-01-24 00:00:00,1.3523570699797869
2018-01-31 00:00:00,1.186655590197716
2018-02-14 00:00:00,2.8427273364957584
2018-02-21 00:00:00,1.2477443847490626
2018-02-28 00:00:00,0.8701309868629686
2018-03-07 00:00:00,1.3861850148716084
2018-03-14 00:00:00,2.85528170831356
2018-03-21 00:00:00,1.4252301208996476
2018-03-28 00:00:00,1.3599129754586736
2018-04-04 00:00:00,1.1568794597822942
2018-04-11 00:00:00,1.9069085457368253
2018-04-18 00:00:00,1.3812607934003167
2018-04-25 00:00:00,1.5713496513238614
2018-05-02 00:00:00,1.4964730780706812
2018-05-09 00:00:00,1.9556442615528813
2018-05-16 00:00:00,1.3843980362682238
2018-05-23 00:00:00,0.6961696087025773
2018-05-30 00:00:00,1.168398263583511
2018-06-06 00:00:00,0.5583560978305674
2018-06-13 00:00:00,0.9722950307242685
2018-06-20 00:00:00,0.7230039450025534
2018-06-27 00:00:00,1.3396082163051093
2018-07-04 00:00:00,0.8026470049120316
2018-07-11 00:00:00,1.3063358199703454
2018-07-18 00:00:00,2.5780318988317457
2018-07-25 00:00:00,0.8122961909354218
2018-08-01 00:00:00,1.4407697967575976
2018-08-08 00:00:00,1.283378748786646
2018-08-15 00:00:00,0.7664719682201884
2018-08-22 00:00:00,1.0172123162384639
2018-08-29 00:00:00,1.4386823142592275
2018-09-05 00:00:00,2.951352008702675
2018-09-12 00:00:00,1.93596518948073
2018-09-19 00:00:00,1.3533093006132266
2018-09-26 00:00:00,2.5223723433564564
2018-10-03 00:00:00,1.2991898427723707
2018-10-10 00:00:00,1.018627009311227
2018-10-17 00:00:00,2.795023403049115
2018-10-24 00:00:00,1.9392895878644325
2018-10-31 00:00:00,1.4282470035769463
2018-11-07 00:00:00,1.9931663841762046
2018-11-14 00:00:00,1.4959980298409528
2018-11-21 00:00:00,1.6881130297469833
2018-11-28 00:00:00,0.9717721976218898
2018-12-05 00:00:00,0.9632128214158112
2018-12-12 00:00:00,1.0170813073038454
2018-12-19 00:00:00,1.2148332268953255
2018-12-26 00:00:00,0.5264329117338826
2019-01-02 00:00:00,0.7360604799574308
2019-01-09 00:00:00,2.2519908013085113
2019-01-23 00:00:00,0.8966297664211823
2019-01-30 00:00:00,1.1083455872572772
2019-02-06 00:00:00,1.9660105671135488
2019-02-13 00:00:00,1.384492547553813
2019-02-20 00:00:00,2.112539438295115
2019-02-27 00:00:00,1.290167156970147
2019-03-06 00:00:00,1.5476778388825063
2019-03-13 00:00:00,0.988089229135278
2019-03-20 00:00:00,1.1175016439770158
2019-03-27 00:00:00,1.758315100452317
2019-04-03 00:00:00,1.0931094218613844
2019-04-10 00:00:00,1.2659969654728414
2019-04-17 00:00:00,1.9778054498775282
2019-04-24 00:00:00,0.6734622063148437
2019-05-01 00:00:00,2.1107927333237657
2019-05-08 00:00:00,0.8536177960601926
2019-05-15 00:00:00,0.7902240877447815
2019-05-22 00:00:00,0.5344663490344563
2019-05-29 00:00:00,1.6805392799439773
2019-06-12 00:00:00,0.5607159883596906
2019-06-19 00:00:00,1.3514148876069583
2019-06-26 00:00:00,0.8189354964806351
2019-07-03 00:00:00,0.8820509616696074
2019-07-10 00:00:00,1.1914332077327283
2019-07-17 00:00:00,0.4084667547798084
2019-07-24 00:00:00,0.9299245440673536
2019-07-31 00:00:00,0.9064671901272833
2019-08-07 00:00:00,0.603106652995167
2019-08-14 00:00:00,1.6685132660431956
2019-08-21 00:00:00,0.9847631249733053
2019-08-28 00:00:00,0.73913750744066
2019-09-04 00:00:00,2.2572112286832064
2019-09-11 00:00:00,1.2416792782645607
2019-09-18 00:00:00,1.9010575422973717
2019-09-25 00:00:00,1.6546504604202514
2019-10-02 00:00:00,0.9640770373601472
2019-10-09 00:00:00,0.9435821362833502
2019-10-16 00:00:00,1.7255788256700864
2019-10-23 00:00:00,1.2140496847552829
2019-10-30 00:00:00,1.0233142263917072
2019-11-06 00:00:00,1.7134464393250084
2019-11-13 00:00:00,1.0953165072792714
2019-11-20 00:00:00,0.8964213165976939
2019-11-27 00:00:00,3.2338872011461044
2019-12-04 00:00:00,0.5467253763941222
2019-12-11 00:00:00,1.5076648080500687
2019-12-18 00:00:00,0.7321408598967489
2019-12-25 00:00:00,0.7504337497843669
2020-01-01 00:00:00,0.9882003747881841
2020-01-08 00:00:00,1.1127925753076502
2020-01-15 00:00:00,2.4172485094203466
2020-01-22 00:00:00,1.179057256130023
2020-01-29 00:00:00,1.036649472387588
2020-02-05 00:00:00,1.2651105786589516
2020-02-12 00:00:00,2.9481419214392433
2020-02-19 00:00:00,1.7816394246907155
2020-02-26 00:00:00,1.0635722062764768
2020-03-04 00:00:00,1.180414525010207
2020-03-11 00:00:00,1.9169317002834996
2020-03-18 00:00:00,3.0110946154626763
2020-03-25 00:00:00,0.9997711804818993
2018-01-03 01:00:00,1.6380554189102599
2018-01-10 01:00:00,1.1441537375655495
2018-01-17 01:00:00,1.2120195778219671
2018-01-24 01:00:00,2.001320447206518
2018-01-31 01:00:00,2.2913209207457403
2018-02-14 01:00:00,2.556844858697113
2018-02-21 01:00:00,1.3514037579449953
2018-02-28 01:00:00,1.1359231151736942
2018-03-07 01:00:00,1.0776107856993935
2018-03-14 01:00:00,1.2280840519574736
2018-03-21 01:00:00,1.4853736001938675
2018-03-28 01:00:00,1.319492221677194
2018-04-04 01:00:00,1.8858455018023863
2018-04-11 01:00:00,0.9874636599966103
2018-04-18 01:00:00,1.3357090854790497
2018-04-25 01:00:00,0.6405950484240481
2018-05-02 01:00:00,1.6923333076218856
2018-05-09 01:00:00,2.191950029149298
2018-05-16 01:00:00,1.33641452469937
2018-05-23 01:00:00,0.8997566376516948
2018-05-30 01:00:00,0.8381642688937067
2018-06-06 01:00:00,0.9909187938257116
2018-06-13 01:00:00,0.99198525463416
2018-06-20 01:00:00,0.822470102559861
2018-06-27 01:00:00,1.0730681751156546
2018-07-04 01:00:00,1.1149536527416408
2018-07-11 01:00:00,0.8670353628866976
2018-07-18 01:00:00,1.6808255008027742
2018-07-25 01:00:00,1.4108154926111849
2018-08-01 01:00:00,1.2789304646802788
2018-08-08 01:00:00,0.6021528324561571
2018-08-15 01:00:00,0.9130188862670244
2018-08-22 01:00:00,1.4057205252725535
2018-08-29 01:00:00,0.846758349537551
2018-09-05 01:00:00,3.3581349160534466
2018-09-12 01:00:00,1.0028076438703148
2018-09-19 01:00:00,1.6420051516682217
2018-09-26 01:00:00,1.3348325332859114
2018-10-03 01:00:00,1.10669154344806
2018-10-10 01:00:00,0.5819731215225871
2018-10-17 01:00:00,0.9772080708491143
2018-10-24 01:00:00,2.6631843393757304
2018-10-31 01:00:00,1.6124039767322174
2018-11-07 01:00:00,0.9356284753917704
2018-11-14 01:00:00,1.4812979857343918
2018-11-21 01:00:00,0.9965500366624785
2018-11-28 01:00:00,1.055661293766884
2018-12-05 01:00:00,1.1346472662554987
2018-12-12 01:00:00,1.0743126888766246
2018-12-19 01:00:00,1.7369421932737517
2018-12-26 01:00:00,0.5201532185500009
2019-01-02 01:00:00,1.7055341888339055
2019-01-09 01:00:00,0.9409563984998827
2019-01-16 01:00:00,2.280015178048469
2019-01-23 01:00:00,1.8729278448247155
2019-01-30 01:00:00,1.2081223779530905
2019-02-06 01:00:00,1.1801826923534902
2019-02-13 01:00:00,1.0635356531192255
2019-02-20 01:00:00,2.339505677507521
2019-02-27 01:00:00,1.6447008040695639
2019-03-06 01:00:00,1.2168935011158084
2019-03-13 01:00:00,1.8201263850311054
2019-03-20 01:00:00,1.145244032008941
2019-03-27 01:00:00,0.909500238166386
2019-04-03 01:00:00,1.2056323877825699
2019-04-10 01:00:00,1.7198379918099227
2019-04-17 01:00:00,1.7814262438357424
2019-04-24 01:00:00,0.9245832494719537
2019-05-01 01:00:00,1.070486894408988
2019-05-08 01:00:00,0.9154712750230816
2019-05-15 01:00:00,0.569202667739411
2019-05-22 01:00:00,0.744299742730191
2019-05-29 01:00:00,0.9987388825926845
2019-06-12 01:00:00,1.1139068382283472
2019-06-19 01:00:00,1.3176643000390287
2019-06-26 01:00:00,0.9392445678907436
2019-07-03 01:00:00,0.4013775494952499
2019-07-10 01:00:00,0.8422553798964241
2019-07-17 01:00:00,0.7529414525272284
2019-07-24 01:00:00,0.996952374644495
2019-07-31 01:00:00,1.5683987227079481
2019-08-07 01:00:00,0.8889388033268204
2019-08-14 01:00:00,1.6466366650285957
2019-08-21 01:00:00,1.1521012657150882
2019-08-28 01:00:00,0.8538529224574374
2019-09-04 01:00:00,0.6354095553881992
2019-09-11 01:00:00,1.3135662596184297
2019-09-18 01:00:00,1.3896311432243402
2019-09-25 01:00:00,1.2253321944444704
2019-10-02 01:00:00,0.7959670340139449
2019-10-09 01:00:00,0.6793468735508154
2019-10-16 01:00:00,1.0712479513078854
2019-10-23 01:00:00,1.275264451419332
2019-10-30 01:00:00,0.5767773282052602
2019-11-06 01:00:00,1.577510157347878
2019-11-13 01:00:00,1.2343558588537082
2019-11-20 01:00:00,1.483862532742859
2019-11-27 01:00:00,1.9381377360431287
2019-12-04 01:00:00,1.0546626176124598
2019-12-11 01:00:00,1.3495905227961684
2019-12-18 01:00:00,0.7515349772405471
2019-12-25 01:00:00,0.7052053221016283
2020-01-01 01:00:00,0.3219202847283944
2020-01-08 01:00:00,1.5618356385038474
2020-01-15 01:00:00,1.5768225350059817
2020-01-22 01:00:00,1.5665717266171624
2020-01-29 01:00:00,0.9212496137774662
2020-02-05 01:00:00,1.058692985552812
2020-02-12 01:00:00,1.135479218879625
2020-02-19 01:00:00,1.98803167882653
2020-02-26 01:00:00,1.5672627582751884
2020-03-04 01:00:00,1.1430793937562422
2020-03-11 01:00:00,1.2656577009181684
2020-03-18 01:00:00,1.0123228783451528
2020-03-25 01:00:00,1.8734575436049212
2018-01-03 02:00:00,2.11966030072097
2018-01-10 02:00:00,2.4833844743159643
2018-01-17 02:00:00,1.7383208328218307
2018-01-24 02:00:00,1.4269718052404676
2018-01-31 02:00:00,1.4013196920382445
2018-02-14 02:00:00,1.221920732522442
2018-02-21 02:00:00,1.2071288213503941
2018-02-28 02:00:00,1.0109279337246961
2018-03-07 02:00:00,0.9326363479679755
2018-03-14 02:00:00,1.1493873952617766
2018-03-21 02:00:00,1.1421263573817142
2018-03-28 02:00:00,1.2751869744371183
2018-04-04 02:00:00,1.2696929352556703
2018-04-11 02:00:00,0.7670867968745017
2018-04-18 02:00:00,1.9614031441368405
2018-04-25 02:00:00,1.4052114430860914
2018-05-02 02:00:00,1.784361278836678
2018-05-09 02:00:00,1.4614809289168083
2018-05-16 02:00:00,1.2954572906107893
2018-05-23 02:00:00,1.942917287328721
2018-05-30 02:00:00,0.9889089891943419
2018-06-06 02:00:00,0.8782465311310258
2018-06-13 02:00:00,2.103738358414254
2018-06-20 02:00:00,1.221912818006846
2018-06-27 02:00:00,1.125144663566245
2018-07-04 02:00:00,1.8960577074036997
2018-07-11 02:00:00,1.0812851392764549
2018-07-18 02:00:00,1.3269994780713958
2018-07-25 02:00:00,1.3384384363241582
2018-08-01 02:00:00,0.906017750721419
2018-08-08 02:00:00,2.69310888281753
2018-08-15 02:00:00,1.1360930802313332
2018-08-22 02:00:00,1.6525790334573347
2018-08-29 02:00:00,2.11888184332151
2018-09-05 02:00:00,1.1670437739658148
2018-09-12 02:00:00,0.6905080113112618
2018-09-19 02:00:00,1.168841411193259
2018-09-26 02:00:00,0.95474559242737
2018-10-03 02:00:00,1.727161971255134
2018-10-10 02:00:00,1.2538884730545152
2018-10-17 02:00:00,2.2679153991015695
2018-10-24 02:00:00,2.159679512385844
2018-10-31 02:00:00,3.306239770496725
2018-11-07 02:00:00,1.903216318529338
2018-11-14 02:00:00,2.0264230356716952
2018-11-21 02:00:00,1.748928478698881
2018-11-28 02:00:00,1.891085397333183
2018-12-05 02:00:00,1.6417359740465893
2018-12-12 02:00:00,1.1612574350863796
2018-12-19 02:00:00,0.8871483682970913
2018-12-26 02:00:00,0.7977717738591656
2019-01-02 02:00:00,1.548280774758768
2019-01-09 02:00:00,1.8683285011699124
2019-01-16 02:00:00,1.0382849854464493
2019-01-23 02:00:00,1.7736771862537721
2019-01-30 02:00:00,1.513755348909344
2019-02-06 02:00:00,0.5953055884269051
2019-02-13 02:00:00,2.4626087485029213
2019-02-20 02:00:00,1.403032634016859
2019-02-27 02:00:00,4.166393199481966
2019-03-06 02:00:00,1.2781901467684826
2019-03-13 02:00:00,2.7232053401642102
2019-03-20 02:00:00,1.503746640471303
2019-03-27 02:00:00,2.2866727409811345
2019-04-03 02:00:00,1.4430993603764186
2019-04-10 02:00:00,1.514210710237764
2019-04-17 02:00:00,1.262154193298738
2019-04-24 02:00:00,1.0127837224679674
2019-05-01 02:00:00,1.7806840463615168
2019-05-08 02:00:00,0.7894203655195795
2019-05-15 02:00:00,1.0989326830765227
2019-05-22 02:00:00,0.5766853926228437
2019-05-29 02:00:00,0.5935364455058272
2019-06-12 02:00:00,1.2888528225802722
2019-06-19 02:00:00,0.838958137866889
2019-06-26 02:00:00,1.6476558001748316
2019-07-03 02:00:00,1.2994071430618799
2019-07-10 02:00:00,0.9760094297110565
2019-07-17 02:00:00,1.3345177838861726
2019-07-24 02:00:00,1.1606781579482928
2019-07-31 02:00:00,1.6059200714775055
2019-08-07 02:00:00,1.0953148743049776
2019-08-14 02:00:00,1.5167979213954952
2019-08-21 02:00:00,1.1352597197439662
2019-08-28 02:00:00,1.261157697568437
2019-09-04 02:00:00,2.8779664617971203
2019-09-11 02:00:00,1.7820444268624172
2019-09-18 02:00:00,1.3808632206507003
2019-09-25 02:00:00,1.5186962003294602
2019-10-02 02:00:00,0.9289942333377071
2019-10-09 02:00:00,1.8845031815010662
2019-10-16 02:00:00,2.486818784130181
2019-10-23 02:00:00,1.2690841600486706
2019-10-30 02:00:00,1.2547270437607705
2019-11-06 02:00:00,0.7624320304552136
2019-11-13 02:00:00,1.0117160985297982
2019-11-20 02:00:00,1.5772254667358485
2019-11-27 02:00:00,0.6451463170304323
2019-12-04 02:00:00,1.639278241525943
2019-12-11 02:00:00,1.2858536066705069
2019-12-18 02:00:00,0.9016649220986627
2019-12-25 02:00:00,0.3162795582933791
2020-01-01 02:00:00,0.20054136185260601
2020-01-08 02:00:00,1.7138330065041494
2020-01-15 02:00:00,2.2666073423210262
2020-01-22 02:00:00,1.9246104808720246
2020-01-29 02:00:00,1.0983532630555735
2020-02-05 02:00:00,3.010015150273447
2020-02-12 02:00:00,0.6858409059736286
2020-02-19 02:00:00,1.5089965814064303
2020-02-26 02:00:00,2.3628088505639093
2020-03-04 02:00:00,1.2842588897778502
2020-03-11 02:00:00,0.9443262936870725
2020-03-18 02:00:00,2.617916606699819
2020-03-25 02:00:00,1.6135537627137906
2018-01-03 03:00:00,1.2224378361806834
2018-01-10 03:00:00,2.9682910122516075
2018-01-24 03:00:00,1.7985762083787982
2018-01-31 03:00:00,0.8774252616294722
2018-02-14 03:00:00,1.3104500328733641
2018-02-28 03:00:00,1.3933938017469814
2018-03-07 03:00:00,1.7025247215315842
2018-03-14 03:00:00,0.6073023850269773
2018-03-21 03:00:00,0.9168055150668214
2018-03-28 03:00:00,1.2641630715767778
2018-04-04 03:00:00,0.9482214527888368
2018-04-11 03:00:00,1.7029577570618255
2018-04-18 03:00:00,1.520316545283871
2018-04-25 03:00:00,0.9975758906009121
2018-05-02 03:00:00,0.46295977206038796
2018-05-09 03:00:00,1.4006489303052523
2018-05-16 03:00:00,2.3695106012303726
2018-05-23 03:00:00,1.4106227637342366
2018-05-30 03:00:00,2.026800312544571
2018-06-06 03:00:00,2.2138365310472716
2018-06-13 03:00:00,1.5294301258884442
2018-06-20 03:00:00,1.7002020582672819
2018-07-04 03:00:00,1.2982397616535202
2018-07-11 03:00:00,1.0240458273387973
2018-07-18 03:00:00,0.7343005514657048
2018-07-25 03:00:00,1.4345320518374665
2018-08-01 03:00:00,1.4147629195916098
2018-08-08 03:00:00,1.854598169084826
2018-08-15 03:00:00,1.3648505509425153
2018-08-22 03:00:00,1.473907821583666
2018-08-29 03:00:00,1.9563965389507683
2018-09-12 03:00:00,0.8636009064492262
2018-09-19 03:00:00,0.7762118202386836
2018-09-26 03:00:00,0.6153597216452407
2018-10-03 03:00:00,1.3469428910372019
2018-10-10 03:00:00,2.121740552269522
2018-10-17 03:00:00,1.42465494397757
2018-10-24 03:00:00,1.7339077574354185
2018-10-31 03:00:00,1.749822292409148
2018-11-07 03:00:00,1.3505467227690495
2018-11-14 03:00:00,0.831846917988985
2018-11-21 03:00:00,1.1611879041894382
2018-11-28 03:00:00,2.4531778385802823
2018-12-05 03:00:00,1.1480832997482255
2018-12-12 03:00:00,1.0980104366243946
2018-12-26 03:00:00,1.8609049645591296
2019-01-02 03:00:00,1.6789401220417124
2019-01-09 03:00:00,2.5578881830795885
2019-01-16 03:00:00,1.2891650026756685
2019-01-23 03:00:00,1.1146520569384861
2019-01-30 03:00:00,0.8876576924786242
2019-02-06 03:00:00,0.634637629189466
2019-02-13 03:00:00,0.8674291752894224
2019-02-20 03:00:00,1.5472362890521933
2019-02-27 03:00:00,1.5193107559728667
2019-03-06 03:00:00,1.6576123065679897
2019-03-13 03:00:00,0.7106097192215862
2019-03-20 03:00:00,0.5880148012751487
2019-03-27 03:00:00,1.0451087722381218
2019-04-03 03:00:00,1.1417711045302312
2019-04-10 03:00:00,1.2973263637464718
2019-04-17 03:00:00,1.634895340709926
2019-04-24 03:00:00,0.6719421142133419
2019-05-01 03:00:00,1.1567285818418265
2019-05-08 03:00:00,1.7632142219914162
2019-05-15 03:00:00,1.5538107397642995
2019-05-22 03:00:00,1.7775099184942729
2019-05-29 03:00:00,1.7473024873166816
2019-06-12 03:00:00,0.517594287126459
2019-06-19 03:00:00,0.854696969743102
2019-06-26 03:00:00,1.0359390839901024
2019-07-03 03:00:00,0.9422777772090503
2019-07-10 03:00:00,0.6092695849843148
2019-07-17 03:00:00,1.1932752925175183
2019-07-24 03:00:00,1.5249719169543485
2019-07-31 03:00:00,1.6253943906498944
2019-08-07 03:00:00,1.1560969822020009
2019-08-14 03:00:00,2.1828959729468975
2019-08-21 03:00:00,1.8852974461776844
2019-08-28 03:00:00,0.9413754867632229
2019-09-04 03:00:00,0.7857982473710443
2019-09-11 03:00:00,1.4817581405599747
2019-09-18 03:00:00,2.6623609866199542
2019-09-25 03:00:00,1.702929354877325
2019-10-09 03:00:00,0.9818509635809116
2019-10-16 03:00:00,0.38971544933533364
2019-10-23 03:00:00,0.9384062800660635
2019-10-30 03:00:00,0.6835661782406384
2019-11-06 03:00:00,0.8787286021818989
2019-11-13 03:00:00,1.0530026625982298
2019-11-20 03:00:00,3.3272700056862368
2019-11-27 03:00:00,0.8549743934650813
2019-12-04 03:00:00,1.3751430656506691
2019-12-11 03:00:00,2.0966257780252913
2019-12-18 03:00:00,0.7302803239040679
2019-12-25 03:00:00,0.7788421699402743
2020-01-01 03:00:00,0.33821892494825895
2020-01-08 03:00:00,2.0536509135091565
2020-01-15 03:00:00,1.2784856872900259
2020-01-22 03:00:00,0.8182932540392253
2020-01-29 03:00:00,1.099321144954711
2020-02-05 03:00:00,2.4822133467015375
2020-02-12 03:00:00,2.0402507326901835
2020-02-19 03:00:00,1.478058146320662
2020-02-26 03:00:00,0.7614429054604865
2020-03-04 03:00:00,1.97130652985176
2020-03-11 03:00:00,0.6542471587371077
2020-03-25 03:00:00,2.538196351914839
2018-01-03 04:00:00,1.3251894968929603
2018-01-10 04:00:00,1.216314551434601
2018-01-17 04:00:00,1.060694129627451
2018-01-31 04:00:00,0.5722948391412179
2018-02-21 04:00:00,0.7768668968322249
2018-02-28 04:00:00,1.0176090517701672
2018-03-07 04:00:00,0.9882377271314379
2018-03-14 04:00:00,0.5336948850521519
2018-03-21 04:00:00,0.7338304754448763
2018-03-28 04:00:00,0.7539833551055748
2018-04-04 04:00:00,1.643710562287131
2018-04-11 04:00:00,0.7845495597621989
2018-04-18 04:00:00,0.9337283374573943
2018-04-25 04:00:00,0.5726927448852374
2018-05-02 04:00:00,0.5922328994378809
2018-05-09 04:00:00,0.7460638292595462
2018-05-16 04:00:00,1.084650962661235
2018-05-23 04:00:00,1.1580784931589183
2018-05-30 04:00:00,0.6040893813152016
2018-06-13 04:00:00,0.40595541169281696
2018-06-20 04:00:00,0.9666158122741888
2018-06-27 04:00:00,0.8516347972909216
2018-07-04 04:00:00,1.355975827015267
2018-07-11 04:00:00,0.9479563636982822
2018-07-18 04:00:00,0.8033944305366486
2018-07-25 04:00:00,0.9148737196683581
2018-08-01 04:00:00,0.9742962065663754
2018-08-08 04:00:00,0.3253196898682095
2018-08-15 04:00:00,1.046840625467741
2018-08-22 04:00:00,0.9698068782021627
2018-08-29 04:00:00,0.7650479995298776
2018-09-05 04:00:00,0.5657732012048753
2018-09-12 04:00:00,1.018194048127631
2018-09-19 04:00:00,0.5523881224556713
2018-09-26 04:00:00,0.6337645068326391
2018-10-03 04:00:00,0.5761626873845961
2018-10-10 04:00:00,0.44390847011388335
2018-10-17 04:00:00,1.121827866494709
2018-10-24 04:00:00,0.9558394650273636
2018-10-31 04:00:00,1.0772445462460538
2018-11-14 04:00:00,1.3925867143213122
2018-11-21 04:00:00,0.7849708651944699
2018-11-28 04:00:00,0.5288688022571909
2018-12-05 04:00:00,1.4970225291914394
2018-12-12 04:00:00,0.9259287766057195
2018-12-19 04:00:00,0.4823661281824007
2018-12-26 04:00:00,0.8154876483196948
2019-01-09 04:00:00,0.7276239358012377
2019-01-16 04:00:00,0.8453380333081912
2019-01-23 04:00:00,1.3643022500651543
2019-01-30 04:00:00,1.117037065946174
2019-02-06 04:00:00,0.7250259195423088
2019-02-13 04:00:00,0.2831725377091122
2019-02-20 04:00:00,0.4349032174348693
2019-02-27 04:00:00,0.4562655441281479
2019-03-06 04:00:00,0.563180507906699
2019-03-13 04:00:00,1.045079545374019
2019-03-20 04:00:00,0.6588855216506535
2019-03-27 04:00:00,0.5336813849844884
2019-04-03 04:00:00,0.5349572852381732
2019-04-10 04:00:00,0.6359805596612484
2019-04-17 04:00:00,1.0247961357553148
2019-04-24 04:00:00,0.3739270628673053
2019-05-01 04:00:00,0.6311810601597239
2019-05-08 04:00:00,0.4223965262136902
2019-05-15 04:00:00,0.36839862574504645
2019-05-22 04:00:00,1.203360553621595
2019-05-29 04:00:00,0.3346652982264965
2019-06-12 04:00:00,0.5135343573886663
2019-06-19 04:00:00,0.44824690053532756
2019-06-26 04:00:00,0.3250926583803672
2019-07-03 04:00:00,1.202187859825488
2019-07-10 04:00:00,0.8806025705038485
2019-07-17 04:00:00,0.5014270814082117
2019-07-24 04:00:00,0.3724034834064929
2019-07-31 04:00:00,0.8096640881923677
2019-08-07 04:00:00,0.5625931769514075
2019-08-14 04:00:00,1.3253870294882557
2019-08-21 04:00:00,0.7616489637345074
2019-08-28 04:00:00,0.7573127483694561
2019-09-04 04:00:00,0.41746901735463393
2019-09-11 04:00:00,0.6311234172535506
2019-09-18 04:00:00,0.715744898715361
2019-09-25 04:00:00,0.4237535667787009
2019-10-02 04:00:00,0.89320837270269
2019-10-09 04:00:00,1.0958165604664465
2019-10-16 04:00:00,1.1516603845835864
2019-10-23 04:00:00,0.9470326921607829
2019-10-30 04:00:00,0.6803824594075458
2019-11-06 04:00:00,0.5591108890657859
2019-11-13 04:00:00,0.6677214805887848
2019-11-20 04:00:00,0.4597732134467021
2019-11-27 04:00:00,0.6444781313383768
2019-12-04 04:00:00,0.2125040996531957
2019-12-11 04:00:00,1.1562832751392882
2019-12-18 04:00:00,0.8208716721265744
2019-12-25 04:00:00,1.0880846823864576
2020-01-01 04:00:00,0.42213550782405984
2020-01-08 04:00:00,1.7782011382477756
2020-01-15 04:00:00,0.678977644933228
2020-01-22 04:00:00,0.5747087353221613
2020-01-29 04:00:00,0.7065684286388956
2020-02-05 04:00:00,1.071679264400244
2020-02-12 04:00:00,0.7159848323502447
2020-02-19 04:00:00,0.7667900811519673
2020-02-26 04:00:00,0.40295754485913876
2020-03-04 04:00:00,0.3358040047437003
2020-03-11 04:00:00,0.5251973612422988
2020-03-18 04:00:00,0.9509964619957207
2018-01-03 05:00:00,0.40550630567819607
2018-01-10 05:00:00,0.3510122927374723
2018-01-17 05:00:00,0.42221136733998577
2018-01-24 05:00:00,0.3194116024340199
2018-01-31 05:00:00,0.5259858674018892
2018-02-14 05:00:00,0.5026168022564114
2018-02-21 05:00:00,0.6753865823457492
2018-02-28 05:00:00,0.49448473719367253
2018-03-07 05:00:00,0.5848371590932679
2018-03-14 05:00:00,0.40376547357190756
2018-03-21 05:00:00,0.2084076679539341
2018-03-28 05:00:00,0.39236457033116845
2018-04-04 05:00:00,0.3691820710564446
2018-04-11 05:00:00,0.6659525037707266
2018-04-18 05:00:00,0.14621681120981056
2018-04-25 05:00:00,0.33962200951607724
2018-05-02 05:00:00,0.5374030337639898
2018-05-09 05:00:00,0.3157127597276061
2018-05-16 05:00:00,0.3198058526744513
2018-05-23 05:00:00,0.41703808720606717
2018-05-30 05:00:00,0.37813814987394956
2018-06-06 05:00:00,0.26849655451430054
2018-06-13 05:00:00,0.25180606398193456
2018-06-20 05:00:00,0.3711970667780211
2018-06-27 05:00:00,0.44856954247972003
2018-07-04 05:00:00,0.6244674398443655
2018-07-11 05:00:00,0.31377400867276256
2018-07-18 05:00:00,0.2416289278628114
2018-07-25 05:00:00,0.5148662391064106
2018-08-01 05:00:00,0.5882298456610136
2018-08-08 05:00:00,0.29528794059929897
2018-08-15 05:00:00,0.44382523427259046
2018-08-22 05:00:00,0.42992653729568936
2018-08-29 05:00:00,0.6514853847316371
2018-09-05 05:00:00,0.41404286640882165
2018-09-12 05:00:00,0.7572722626982895
2018-09-19 05:00:00,0.2834712533720571
2018-09-26 05:00:00,0.42575649482471856
2018-10-03 05:00:00,0.25022013977182506
2018-10-10 05:00:00,0.5826759671369605
2018-10-17 05:00:00,0.21609234829402937
2018-10-24 05:00:00,0.6393782065394499
2018-10-31 05:00:00,0.3194475141816205
2018-11-07 05:00:00,0.3908513867249226
2018-11-14 05:00:00,0.5594185775863413
2018-11-21 05:00:00,0.25439887146183354
2018-11-28 05:00:00,0.22255914275179128
2018-12-05 05:00:00,0.34644612796007607
2018-12-12 05:00:00,0.7626008066954354
2018-12-19 05:00:00,0.6222124544098804
2018-12-26 05:00:00,0.5744490204315834
2019-01-02 05:00:00,0.3428998307689066
2019-01-09 05:00:00,0.6910017966723667
2019-01-16 05:00:00,0.5179112647022407
2019-01-23 05:00:00,0.4300494953068151
2019-01-30 05:00:00,0.3319292842839462
2019-02-06 05:00:00,0.3365219264683459
2019-02-13 05:00:00,0.3595195914089953
2019-02-20 05:00:00,0.2530994689432397
2019-02-27 05:00:00,0.7489206023863775
2019-03-06 05:00:00,0.5857727745491679
2019-03-13 05:00:00,0.5998035650055428
2019-03-20 05:00:00,0.6254742915218368
2019-03-27 05:00:00,0.4127954505207812
2019-04-03 05:00:00,0.5779686601610191
2019-04-10 05:00:00,0.4183326295902202
2019-04-17 05:00:00,0.3890624231751761
2019-04-24 05:00:00,0.42993888037863004
2019-05-01 05:00:00,0.5441776630902022
2019-05-08 05:00:00,0.2058026827081579
2019-05-15 05:00:00,0.4191538462439623
2019-05-22 05:00:00,0.8570423866258258
2019-05-29 05:00:00,0.3571635489385286
2019-06-12 05:00:00,0.248010523182933
2019-06-19 05:00:00,0.242481247208027
2019-06-26 05:00:00,0.42516818548835117
2019-07-03 05:00:00,0.4859109160969424
2019-07-10 05:00:00,0.41210629714150615
2019-07-17 05:00:00,0.442957899218514
2019-07-24 05:00:00,0.24439134092189696
2019-07-31 05:00:00,0.35380507370348635
2019-08-07 05:00:00,0.553898138121738
2019-08-14 05:00:00,0.5042887180490411
2019-08-21 05:00:00,0.438969762814017
2019-08-28 05:00:00,0.281972907848256
2019-09-04 05:00:00,0.46665201015540236
2019-09-11 05:00:00,0.6284938491926818
2019-09-18 05:00:00,0.6402842893225619
2019-09-25 05:00:00,0.631564073266487
2019-10-02 05:00:00,0.9669882073447322
2019-10-09 05:00:00,0.959424011313279
2019-10-16 05:00:00,0.5338518981664622
2019-10-23 05:00:00,0.2991981438084755
2019-10-30 05:00:00,0.7221069153880607
2019-11-06 05:00:00,0.49544326559759233
2019-11-13 05:00:00,0.43803823645894047
2019-11-20 05:00:00,0.6086688177671618
2019-11-27 05:00:00,0.7108865290393424
2019-12-04 05:00:00,1.0639597114970207
2019-12-11 05:00:00,0.6610437366195211
2019-12-18 05:00:00,0.9166666165706019
2019-12-25 05:00:00,1.310891121276571
2020-01-01 05:00:00,0.7145518165777316
2020-01-08 05:00:00,0.5633355949190948
2020-01-15 05:00:00,0.5076394940420109
2020-01-22 05:00:00,0.6478743616185779
2020-01-29 05:00:00,0.5458706881282988
2020-02-05 05:00:00,0.5738579386629615
2020-02-12 05:00:00,0.6470951171727461
2020-02-19 05:00:00,1.0478855169048151
2020-02-26 05:00:00,0.5388040182925338
2020-03-04 05:00:00,0.7257027168851746
2020-03-11 05:00:00,0.6001958882859043
2020-03-18 05:00:00,0.962111052160555
2020-03-25 05:00:00,0.865746197752922
2018-01-03 06:00:00,0.2423325924868816
2018-01-10 06:00:00,0.24353289388374863
2018-01-17 06:00:00,0.22078701319654942
2018-01-24 06:00:00,0.7506302925313094
2018-01-31 06:00:00,0.5046528999898745
2018-02-14 06:00:00,0.359577127345399
2018-02-21 06:00:00,0.5266497760192596
2018-02-28 06:00:00,0.5199907603354483
2018-03-07 06:00:00,0.36709486253358103
2018-03-14 06:00:00,0.614864973678396
2018-03-21 06:00:00,0.301656051884018
2018-03-28 06:00:00,0.2842266390666526
2018-04-04 06:00:00,0.23775769958162626
2018-04-11 06:00:00,0.2132446801470351
2018-04-18 06:00:00,0.271576149315028
2018-04-25 06:00:00,0.2543620220182267
2018-05-02 06:00:00,0.361021962296422
2018-05-09 06:00:00,0.3107409138382897
2018-05-16 06:00:00,0.6258328493634349
2018-05-23 06:00:00,0.27741257814379666
2018-05-30 06:00:00,0.1652155207542308
2018-06-06 06:00:00,0.5139783784785797
2018-06-13 06:00:00,0.40892274529263856
2018-06-20 06:00:00,0.3848622886177499
2018-06-27 06:00:00,0.8494844223426298
2018-07-04 06:00:00,0.4817280968160567
2018-07-11 06:00:00,0.2719526352473445
2018-07-18 06:00:00,0.26634890583967225
2018-07-25 06:00:00,0.5484765067647807
2018-08-01 06:00:00,0.42190020482581025
2018-08-08 06:00:00,0.4040429126674685
2018-08-15 06:00:00,0.9794836729315505
2018-08-22 06:00:00,0.5166434009070873
2018-08-29 06:00:00,0.45103180475192967
2018-09-05 06:00:00,0.32576922839143957
2018-09-12 06:00:00,0.40984034998377755
2018-09-19 06:00:00,0.3660581773432933
2018-09-26 06:00:00,0.5014323798480604
2018-10-03 06:00:00,0.15857514253407748
2018-10-10 06:00:00,0.4525440475297879
2018-10-17 06:00:00,0.30319205091965373
2018-10-24 06:00:00,0.5081214276748225
2018-10-31 06:00:00,0.25711924153725835
2018-11-07 06:00:00,0.31556995555445155
2018-11-14 06:00:00,0.46736386106676264
2018-11-21 06:00:00,0.7405489616787023
2018-11-28 06:00:00,0.4229143662751874
2018-12-05 06:00:00,0.1632515725195107
2018-12-12 06:00:00,0.17338264929661334
2018-12-19 06:00:00,0.2804837168948802
2018-12-26 06:00:00,1.3271092485115474
2019-01-02 06:00:00,0.7272871661227452
2019-01-09 06:00:00,0.4202737513500089
2019-01-16 06:00:00,0.3584273420873263
2019-01-23 06:00:00,0.3078083000395271
2019-01-30 06:00:00,0.5669630690564001
2019-02-06 06:00:00,0.4422930703753245
2019-02-20 06:00:00,0.4014895357118617
2019-02-27 06:00:00,0.4376544810677098
2019-03-06 06:00:00,0.3429673267360137
2019-03-13 06:00:00,0.31158970924313045
2019-03-20 06:00:00,0.3407442251337906
2019-03-27 06:00:00,0.5172952253726302
2019-04-03 06:00:00,0.5584380159958265
2019-04-10 06:00:00,0.39504478248837216
2019-04-17 06:00:00,0.3407262523206619
2019-04-24 06:00:00,0.3584390007144611
2019-05-01 06:00:00,0.3307469421080693
2019-05-08 06:00:00,0.44106003446530273
2019-05-15 06:00:00,0.3880220017759015
2019-05-22 06:00:00,0.3215855758350389
2019-05-29 06:00:00,0.1682348017199093
2019-06-12 06:00:00,0.32185447633821185
2019-06-19 06:00:00,0.30808975116678244
2019-06-26 06:00:00,0.3615819388651586
2019-07-03 06:00:00,0.2768785711502662
2019-07-10 06:00:00,0.5082725375793553
2019-07-17 06:00:00,0.38267331106266156
2019-07-24 06:00:00,0.333023765486944
2019-07-31 06:00:00,0.7893311231715592
2019-08-07 06:00:00,1.0262065746884126
2019-08-14 06:00:00,1.000019360415724
2019-08-21 06:00:00,1.6589201771665676
2019-08-28 06:00:00,0.8770802495499217
2019-09-04 06:00:00,0.4448697204263315
2019-09-11 06:00:00,0.5583007087105045
2019-09-18 06:00:00,0.5549377518345631
2019-09-25 06:00:00,0.19323393265122263
2019-10-02 06:00:00,0.725512298260291
2019-10-09 06:00:00,0.18162156287086526
2019-10-16 06:00:00,0.4147338300761906
2019-10-23 06:00:00,0.3932887039107766
2019-10-30 06:00:00,0.6226718902401422
2019-11-06 06:00:00,0.755048036869318
2019-11-13 06:00:00,0.5819414445981654
2019-11-20 06:00:00,0.8212278298048847
2019-11-27 06:00:00,0.425180275573518
2019-12-04 06:00:00,0.3802266726209476
2019-12-11 06:00:00,0.9182794638612398
2019-12-18 06:00:00,0.45656138732399904
2019-12-25 06:00:00,2.756522663924114
2020-01-01 06:00:00,1.2378967373894523
2020-01-08 06:00:00,0.3817367818614951
2020-01-15 06:00:00,0.17826269364826447
2020-01-22 06:00:00,0.5381599892416585
2020-01-29 06:00:00,0.40361015207739137
2020-02-05 06:00:00,0.5234058124980182
2020-02-12 06:00:00,0.7853795444159956
2020-02-19 06:00:00,0.4822747581494417
2020-02-26 06:00:00,0.7683424527660847
2020-03-04 06:00:00,0.36878224987263225
2020-03-11 06:00:00,0.7612124035483578
2020-03-18 06:00:00,0.8226752825198057
2020-03-25 06:00:00,0.4507405008549416
2018-01-03 07:00:00,0.5387862419459301
2018-01-10 07:00:00,0.7093160851124115
2018-01-17 07:00:00,0.44368532767823143
2018-01-24 07:00:00,0.7378476688320026
2018-01-31 07:00:00,0.6490960203528905
2018-02-14 07:00:00,0.6211497219144739
2018-02-21 07:00:00,0.39559671260848955
2018-02-28 07:00:00,0.32105093839611
2018-03-07 07:00:00,0.5648868452506647
2018-03-14 07:00:00,0.44924250201531524
2018-03-21 07:00:00,0.4950274131958768
2018-03-28 07:00:00,0.3998700922260074
2018-04-04 07:00:00,0.40512275921634483
2018-04-11 07:00:00,0.3048344673628718
2018-04-18 07:00:00,0.33608448063708496
2018-04-25 07:00:00,0.7934743387261929
2018-05-02 07:00:00,0.45829985039585824
2018-05-09 07:00:00,0.5541991314683375
2018-05-16 07:00:00,0.3404573820454417
2018-05-23 07:00:00,0.5818146165887746
2018-05-30 07:00:00,0.6826852180778912
2018-06-06 07:00:00,0.5667044151435995
2018-06-13 07:00:00,0.5506401470957161
2018-06-20 07:00:00,0.40712196811763307
2018-06-27 07:00:00,0.6537399536038464
2018-07-04 07:00:00,0.40523670073425766
2018-07-11 07:00:00,0.26232776058248625
2018-07-18 07:00:00,1.059291571805086
2018-07-25 07:00:00,0.7304671091677061
2018-08-01 07:00:00,0.33523123289520446
2018-08-08 07:00:00,0.6760894370522704
2018-08-15 07:00:00,0.3889619820834284
2018-08-22 07:00:00,0.6357882279323067
2018-08-29 07:00:00,0.624720178555589
2018-09-05 07:00:00,0.7181718200819809
2018-09-12 07:00:00,0.6354625028372525
2018-09-19 07:00:00,0.7723690309588042
2018-09-26 07:00:00,1.0796680760086943
2018-10-03 07:00:00,0.6100316292491983
2018-10-10 07:00:00,0.5657863415287859
2018-10-17 07:00:00,0.6831325684873178
2018-10-24 07:00:00,0.3183971156061411
2018-10-31 07:00:00,0.5567251141261804
2018-11-07 07:00:00,0.42324112878744075
2018-11-14 07:00:00,0.5839484480432771
2018-11-21 07:00:00,0.752752916830395
2018-11-28 07:00:00,0.5820927054754986
2018-12-05 07:00:00,0.38829585586654575
2018-12-12 07:00:00,0.604473279734349
2018-12-19 07:00:00,0.6792896735570466
2018-12-26 07:00:00,2.1064476600427007
2019-01-02 07:00:00,0.6048706662998156
2019-01-09 07:00:00,0.837445097856871
2019-01-16 07:00:00,0.5699006634879192
2019-01-23 07:00:00,0.42946995605820704
2019-01-30 07:00:00,0.6838297149741178
2019-02-06 07:00:00,1.2540460210465803
2019-02-13 07:00:00,0.6468336141831939
2019-02-20 07:00:00,0.5415638972948064
2019-02-27 07:00:00,0.4470191308280605
2019-03-06 07:00:00,0.3252930043038843
2019-03-13 07:00:00,0.5735734216047172
2019-03-20 07:00:00,0.3418173173292062
2019-03-27 07:00:00,0.4573192614044599
2019-04-03 07:00:00,0.7668937402280324
2019-04-10 07:00:00,1.0757623370220946
2019-04-17 07:00:00,0.5509161921915898
2019-04-24 07:00:00,0.3107464589144082
2019-05-01 07:00:00,0.5801578642524802
2019-05-08 07:00:00,0.8702609150108062
2019-05-15 07:00:00,0.27306251245294294
2019-05-22 07:00:00,1.2554698507196955
2019-05-29 07:00:00,0.5263940401150689
2019-06-12 07:00:00,0.35978629732362766
2019-06-19 07:00:00,0.39719968480801016
2019-06-26 07:00:00,0.8366813998271136
2019-07-03 07:00:00,0.33370078406102793
2019-07-10 07:00:00,0.752602435771651
2019-07-24 07:00:00,0.8536949053508438
2019-07-31 07:00:00,1.1609354974971164
2019-08-07 07:00:00,0.5299218993364649
2019-08-14 07:00:00,1.7657075721891096
2019-08-21 07:00:00,0.43865123640078657
2019-08-28 07:00:00,1.1381734347262122
2019-09-04 07:00:00,0.7158483273859038
2019-09-11 07:00:00,1.0698943759001847
2019-09-18 07:00:00,0.37176304747873545
2019-09-25 07:00:00,0.7487987468001375
2019-10-02 07:00:00,0.6492262020836294
2019-10-09 07:00:00,0.5899889207245566
2019-10-16 07:00:00,0.6443156783711563
2019-10-23 07:00:00,0.40372180581041855
2019-10-30 07:00:00,0.551345554654175
2019-11-06 07:00:00,0.6057587077092604
2019-11-13 07:00:00,0.4571813868687485
2019-11-20 07:00:00,0.6651056743586381
2019-11-27 07:00:00,0.9798083841146523
2019-12-04 07:00:00,0.49654423711073686
2019-12-11 07:00:00,0.7378295355246614
2019-12-18 07:00:00,0.667201111924802
2019-12-25 07:00:00,1.7785354568117464
2020-01-01 07:00:00,0.9093668809356795
2020-01-08 07:00:00,0.38706053569869614
2020-01-15 07:00:00,1.3588524498916479
2020-01-22 07:00:00,0.7661253272744117
2020-01-29 07:00:00,0.762185942483886
2020-02-05 07:00:00,0.9602307838853755
2020-02-12 07:00:00,0.8965067297449114
2020-02-19 07:00:00,0.729457366333003
2020-02-26 07:00:00,0.47581204309894837
2020-03-04 07:00:00,0.6246030748597773
2020-03-11 07:00:00,1.027891853497538
2020-03-18 07:00:00,0.23668650340634145
2020-03-25 07:00:00,0.3274164602392857
2018-01-03 08:00:00,0.4151767984221912
2018-01-10 08:00:00,0.6867117461501471
2018-01-17 08:00:00,0.4614049992861489
2018-01-24 08:00:00,0.304759374409408
2018-01-31 08:00:00,0.4912459729281055
2018-02-14 08:00:00,0.6717167263658237
2018-02-21 08:00:00,0.2984355627602783
2018-02-28 08:00:00,0.23647624095655914
2018-03-07 08:00:00,0.3890186961383804
2018-03-14 08:00:00,0.47284020847125185
2018-03-21 08:00:00,0.3847155367951382
2018-03-28 08:00:00,0.48383579485399
2018-04-04 08:00:00,0.4975445943500775
2018-04-11 08:00:00,0.997212784656334
2018-04-18 08:00:00,0.3126136196761169
2018-04-25 08:00:00,0.4508050345244273
2018-05-02 08:00:00,0.7710046588797864
2018-05-09 08:00:00,0.8252774004737098
2018-05-16 08:00:00,0.4388105090698497
2018-05-23 08:00:00,0.7273202343081101
2018-05-30 08:00:00,0.3129694248998324
2018-06-06 08:00:00,0.5337579420966493
2018-06-13 08:00:00,0.9481867064825058
2018-06-20 08:00:00,0.5175479526740719
2018-06-27 08:00:00,0.36615198188404713
2018-07-04 08:00:00,1.1378779396757546
2018-07-11 08:00:00,0.48951590190304906
2018-07-18 08:00:00,0.5275499439746669
2018-07-25 08:00:00,0.5487058586619286
2018-08-01 08:00:00,0.8357495292751486
2018-08-08 08:00:00,1.0793866187482353
2018-08-15 08:00:00,0.5354379722399214
2018-08-22 08:00:00,0.8175353990916383
2018-08-29 08:00:00,0.7176066984999627
2018-09-05 08:00:00,0.47654549882061686
2018-09-12 08:00:00,0.5790173125412211
2018-09-19 08:00:00,0.49006959438343983
2018-09-26 08:00:00,0.537283958938953
2018-10-03 08:00:00,0.3109910812553469
2018-10-10 08:00:00,0.5051692959045277
2018-10-17 08:00:00,0.5445028941081385
2018-10-24 08:00:00,0.7898126882978593
2018-10-31 08:00:00,0.628453880300659
2018-11-07 08:00:00,0.8029805643159589
2018-11-14 08:00:00,0.7557827706735232
2018-11-21 08:00:00,0.7563356855766125
2018-11-28 08:00:00,0.6927797896427842
2018-12-05 08:00:00,0.678663649259734
2018-12-12 08:00:00,0.882740189178423
2018-12-19 08:00:00,0.8508627195483243
2018-12-26 08:00:00,2.8481964188506352
2019-01-02 08:00:00,0.7522908679414378
2019-01-09 08:00:00,0.6337281171821347
2019-01-16 08:00:00,0.6132445637370562
2019-01-23 08:00:00,0.6265226946040909
2019-01-30 08:00:00,0.3881379040686118
2019-02-06 08:00:00,0.7322250373188461
2019-02-13 08:00:00,0.23790255424254703
2019-02-20 08:00:00,0.7767560821806092
2019-02-27 08:00:00,0.8634977909199506
2019-03-06 08:00:00,0.7481500621904995
2019-03-13 08:00:00,0.5537587405491967
2019-03-20 08:00:00,0.5278896515647644
2019-03-27 08:00:00,0.6126090268917095
2019-04-03 08:00:00,0.35866904595319177
2019-04-10 08:00:00,0.957537365357724
2019-04-17 08:00:00,0.5353269554773087
2019-05-01 08:00:00,0.48324038301583516
2019-05-08 08:00:00,0.4633823821491382
2019-05-15 08:00:00,0.44697830200114985
2019-05-22 08:00:00,0.4574074449634945
2019-05-29 08:00:00,0.4953732403431945
2019-06-12 08:00:00,0.6263321908596153
2019-06-19 08:00:00,0.8337612042587412
2019-06-26 08:00:00,0.4236995630224236
2019-07-03 08:00:00,0.6692319411354791
2019-07-10 08:00:00,0.49123560138449246
2019-07-24 08:00:00,0.42479901143939613
2019-07-31 08:00:00,0.5963794132460276
2019-08-07 08:00:00,1.1170926991426344
2019-08-14 08:00:00,0.5923192949498122
2019-08-21 08:00:00,0.8920408162027307
2019-08-28 08:00:00,0.6599105323924682
2019-09-04 08:00:00,0.4302960428171439
2019-09-11 08:00:00,0.6212040899754703
2019-09-18 08:00:00,0.7536525374526836
2019-09-25 08:00:00,0.6910543112523003
2019-10-02 08:00:00,1.05129334853368
2019-10-09 08:00:00,0.4181234404180269
2019-10-16 08:00:00,0.3762463070061543
2019-10-23 08:00:00,0.5527906149905065
2019-10-30 08:00:00,1.2963757476684576
2019-11-06 08:00:00,0.9086231739411521
2019-11-13 08:00:00,0.441697601017053
2019-11-20 08:00:00,0.38663600548453103
2019-11-27 08:00:00,0.56398849600193
2019-12-04 08:00:00,0.6486063919591664
2019-12-11 08:00:00,0.6096491363638715
2019-12-18 08:00:00,0.5789872057148878
2019-12-25 08:00:00,1.5806714821358379
2020-01-01 08:00:00,3.6092215909153547
2020-01-08 08:00:00,0.3283067652713707
2020-01-15 08:00:00,0.49207953782341973
2020-01-22 08:00:00,0.629147524368806
2020-01-29 08:00:00,0.784467090698996
2020-02-05 08:00:00,0.8090068010762929
2020-02-12 08:00:00,0.7010697414780787
2020-02-19 08:00:00,0.7984018697099448
2020-02-26 08:00:00,0.6628086902334761
2020-03-04 08:00:00,0.36172845672901527
2020-03-11 08:00:00,0.5271220258340147
2020-03-18 08:00:00,0.5882666579372632
2020-03-25 08:00:00,0.8928343301661454
2018-01-03 09:00:00,1.4926792668303133
2018-01-10 09:00:00,0.7445334288885622
2018-01-17 09:00:00,0.5389862254038493
2018-01-24 09:00:00,0.7384112264773071
2018-01-31 09:00:00,0.673736006322985
2018-02-14 09:00:00,0.8693725702480953
2018-02-21 09:00:00,0.5548758624839707
2018-02-28 09:00:00,1.084260798477618
2018-03-07 09:00:00,0.5570689328619229
2018-03-14 09:00:00,0.59391256366353
2018-03-21 09:00:00,1.0089130872664829
2018-03-28 09:00:00,0.8703785071151326
2018-04-04 09:00:00,0.8853561989387123
2018-04-11 09:00:00,0.7869350939226694
2018-04-18 09:00:00,0.9229891089127353
2018-04-25 09:00:00,0.46170587395559926
2018-05-02 09:00:00,0.6855158843812872
2018-05-09 09:00:00,0.8284487059262057
2018-05-16 09:00:00,0.5361472895752161
2018-05-23 09:00:00,0.9133368288382953
2018-05-30 09:00:00,1.360340955067616
2018-06-06 09:00:00,0.8382437335685275
2018-06-13 09:00:00,0.608844125009073
2018-06-20 09:00:00,0.8098448072550817
2018-06-27 09:00:00,0.38126885564527235
2018-07-04 09:00:00,0.7394109522291125
2018-07-11 09:00:00,0.8146112195049213
2018-07-18 09:00:00,0.5996058399257201
2018-07-25 09:00:00,0.5412853741024094
2018-08-01 09:00:00,1.8742712007943452
2018-08-08 09:00:00,0.8408784788277828
2018-08-15 09:00:00,0.8201622235205037
2018-08-22 09:00:00,0.732453602966195
2018-08-29 09:00:00,0.6531270880873841
2018-09-05 09:00:00,0.6337761391769238
2018-09-12 09:00:00,0.5836147155903311
2018-09-19 09:00:00,0.9949337812548765
2018-09-26 09:00:00,0.7194200466429327
2018-10-03 09:00:00,1.4526524804627807
2018-10-10 09:00:00,0.46068703140998535
2018-10-17 09:00:00,0.5514455149173617
2018-10-24 09:00:00,0.23182385137700126
2018-10-31 09:00:00,0.5187318311104137
2018-11-07 09:00:00,0.5438864900310048
2018-11-14 09:00:00,0.5956361130510707
2018-11-21 09:00:00,1.5495206760506097
2018-11-28 09:00:00,0.7538952966929285
2018-12-05 09:00:00,0.7964801053886403
2018-12-12 09:00:00,0.5940259757783806
2018-12-19 09:00:00,0.8983766606039179
2018-12-26 09:00:00,2.530867699496202
2019-01-02 09:00:00,0.5040258567759704
2019-01-09 09:00:00,0.8495225767936949
2019-01-16 09:00:00,0.45090630498403644
2019-01-23 09:00:00,0.9357524582907624
2019-01-30 09:00:00,0.5104327940196607
2019-02-06 09:00:00,0.6726027282455089
2019-02-13 09:00:00,1.096370268000954
2019-02-20 09:00:00,0.5440163300344654
2019-02-27 09:00:00,0.7443573221371145
2019-03-06 09:00:00,1.0096271163317998
2019-03-13 09:00:00,1.0088126011330714
2019-03-20 09:00:00,0.777717666331911
2019-03-27 09:00:00,0.5841682859352919
2019-04-03 09:00:00,1.034269453394709
2019-04-10 09:00:00,1.1521523015989465
2019-04-17 09:00:00,0.43984295335769547
2019-05-01 09:00:00,0.7951829929872893
2019-05-08 09:00:00,0.7783327517913856
2019-05-15 09:00:00,0.611889412114
2019-05-22 09:00:00,0.9250505672028516
2019-05-29 09:00:00,0.5345586676243026
2019-06-12 09:00:00,0.3487657469017209
2019-06-19 09:00:00,1.0688625006136072
2019-06-26 09:00:00,0.7371505377586498
2019-07-03 09:00:00,0.4892170287011867
2019-07-17 09:00:00,0.5257560260624642
2019-07-24 09:00:00,0.5673691546130438
2019-07-31 09:00:00,0.5971536901661492
2019-08-07 09:00:00,1.275777374862151
2019-08-14 09:00:00,0.4324778844206949
2019-08-21 09:00:00,0.4635017132351747
2019-08-28 09:00:00,0.9796229763176122
2019-09-04 09:00:00,0.8296405108443807
2019-09-11 09:00:00,0.5072305302343296
2019-09-18 09:00:00,0.4272921467756943
2019-09-25 09:00:00,1.4744101398757232
2019-10-02 09:00:00,0.7608239318372275
2019-10-09 09:00:00,0.5294648003733425
2019-10-16 09:00:00,0.4511806448125716
2019-10-23 09:00:00,0.4976726516932488
2019-10-30 09:00:00,0.8126168309921198
2019-11-06 09:00:00,0.5394328281984427
2019-11-13 09:00:00,1.1080560334529073
2019-11-20 09:00:00,1.27604647937613
2019-11-27 09:00:00,0.5834452176053839
2019-12-04 09:00:00,0.5595908861737316
2019-12-11 09:00:00,0.8834168418822034
2019-12-18 09:00:00,0.8247263595989435
2019-12-25 09:00:00,2.4791010429410547
2020-01-01 09:00:00,3.065311592322448
2020-01-08 09:00:00,0.870883113229642
2020-01-15 09:00:00,1.220687851510003
2020-01-22 09:00:00,0.7827579541266365
2020-01-29 09:00:00,1.1170582026133342
2020-02-05 09:00:00,0.36424403475907463
2020-02-12 09:00:00,0.6039337345342386
2020-02-19 09:00:00,0.673268353568919
2020-02-26 09:00:00,1.2181208217774653
2020-03-04 09:00:00,1.062825528822722
2020-03-11 09:00:00,1.4761596033317022
2020-03-18 09:00:00,1.3783358347651031
2020-03-25 09:00:00,1.1384205467615376
2018-01-03 10:00:00,1.0789447632188665
2018-01-10 10:00:00,0.4284158430459548
2018-01-17 10:00:00,0.44557721589755184
2018-01-24 10:00:00,0.36226730624709574
2018-01-31 10:00:00,0.6629583585140705
2018-02-14 10:00:00,0.9064678910329166
2018-02-21 10:00:00,0.6389440026753778
2018-02-28 10:00:00,0.5565753898460032
2018-03-07 10:00:00,1.0454283704702876
2018-03-14 10:00:00,0.8020988133311505
2018-03-21 10:00:00,0.643215735846015
2018-03-28 10:00:00,0.7495958536962714
2018-04-04 10:00:00,0.4951873220240199
2018-04-11 10:00:00,0.5247123885225954
2018-04-18 10:00:00,0.98539335952538
2018-04-25 10:00:00,0.6103667776025913
2018-05-02 10:00:00,1.327238199475018
2018-05-09 10:00:00,1.1552533617592378
2018-05-16 10:00:00,0.8561473882900802
2018-05-23 10:00:00,0.9521877123799636
2018-05-30 10:00:00,1.0285977804355864
2018-06-06 10:00:00,0.4800013064805162
2018-06-13 10:00:00,0.7811464388945007
2018-06-20 10:00:00,0.9141689398250642
2018-06-27 10:00:00,0.8577399059478483
2018-07-04 10:00:00,0.6526793694903855
2018-07-11 10:00:00,1.1741479882636714
2018-07-18 10:00:00,0.9336947056239009
2018-07-25 10:00:00,1.9425274379675115
2018-08-01 10:00:00,1.4737752627163963
2018-08-08 10:00:00,1.0560225377105847
2018-08-15 10:00:00,0.7326303312452359
2018-08-22 10:00:00,0.8274763159184436
2018-08-29 10:00:00,1.1883445542696551
2018-09-05 10:00:00,0.9457528326147318
2018-09-12 10:00:00,1.0421542225981941
2018-09-19 10:00:00,0.6203048967886968
2018-09-26 10:00:00,0.6312961665374249
2018-10-03 10:00:00,1.2519077566963355
2018-10-10 10:00:00,0.5315132314540552
2018-10-17 10:00:00,0.6765553476390521
2018-10-24 10:00:00,0.6407650334366132
2018-10-31 10:00:00,0.49051802496224134
2018-11-07 10:00:00,0.7249884584465438
2018-11-14 10:00:00,0.42092643021143716
2018-11-21 10:00:00,0.7673684962308777
2018-11-28 10:00:00,1.5869713868690696
2018-12-05 10:00:00,0.5717028877284075
2018-12-12 10:00:00,1.2572752810324612
2018-12-19 10:00:00,0.6777182657296759
2018-12-26 10:00:00,1.2889724043076451
2019-01-02 10:00:00,1.0197665175588029
2019-01-09 10:00:00,0.5465270825203405
2019-01-16 10:00:00,0.7507422073992548
2019-01-23 10:00:00,1.2379063800612946
2019-01-30 10:00:00,0.8879252778445703
2019-02-06 10:00:00,1.243578182752849
2019-02-13 10:00:00,0.9283513692394882
2019-02-20 10:00:00,0.973899313243519
2019-02-27 10:00:00,1.6140501259585287
2019-03-06 10:00:00,0.5786961451781037
2019-03-13 10:00:00,0.7974586933091943
2019-03-20 10:00:00,0.36083857259812685
2019-03-27 10:00:00,0.3773763943581839
2019-04-03 10:00:00,0.6898463760126086
2019-04-10 10:00:00,0.39912409735532695
2019-04-17 10:00:00,1.336374069366884
2019-04-24 10:00:00,1.286826740133356
2019-05-01 10:00:00,0.9064294026467971
2019-05-08 10:00:00,1.0552542583297146
2019-05-15 10:00:00,0.8855475843210102
2019-05-22 10:00:00,0.4934978652082042
2019-05-29 10:00:00,0.5432789527802345
2019-06-12 10:00:00,0.4660711054878096
2019-06-19 10:00:00,0.7295637817113109
2019-06-26 10:00:00,1.4681130738334722
2019-07-03 10:00:00,0.4672585557019356
2019-07-10 10:00:00,0.8966195598490897
2019-07-17 10:00:00,0.7510234161266984
2019-07-24 10:00:00,1.7621049148558667
2019-07-31 10:00:00,0.44645869712284314
2019-08-07 10:00:00,0.7887830026015528
2019-08-14 10:00:00,0.819372647626131
2019-08-21 10:00:00,0.3955603498468534
2019-08-28 10:00:00,0.8832206663860449
2019-09-04 10:00:00,0.7868652217531998
2019-09-11 10:00:00,0.8472923959740158
2019-09-18 10:00:00,0.8395184840778883
2019-09-25 10:00:00,0.6384154944788429
2019-10-02 10:00:00,1.2350585746255416
2019-10-09 10:00:00,0.7762887566851726
2019-10-16 10:00:00,0.6663525792573426
2019-10-23 10:00:00,0.943742532841164
2019-10-30 10:00:00,0.851100765414188
2019-11-06 10:00:00,0.9298461826631382
2019-11-13 10:00:00,0.975817542670421
2019-11-20 10:00:00,0.48400468797472596
2019-11-27 10:00:00,0.9512984420967916
2019-12-04 10:00:00,1.1099556457453663
2019-12-11 10:00:00,1.918664710076013
2019-12-18 10:00:00,1.4128450925786495
2019-12-25 10:00:00,1.6350816300738398
2020-01-01 10:00:00,3.736415543468924
2020-01-08 10:00:00,0.4787709800157337
2020-01-15 10:00:00,1.120600174355804
2020-01-22 10:00:00,0.733182810498799
2020-01-29 10:00:00,0.9094498669242856
2020-02-05 10:00:00,0.4324572976514245
2020-02-12 10:00:00,1.0044176648489551
2020-02-19 10:00:00,0.758455162085448
2020-02-26 10:00:00,0.4466385458397136
2020-03-04 10:00:00,1.2522309345457223
2020-03-11 10:00:00,1.0358048769834924
2020-03-18 10:00:00,0.8989610974519462
2020-03-25 10:00:00,1.458974440189715
2018-01-03 11:00:00,0.5831538095145835
2018-01-10 11:00:00,0.9776355567265098
2018-01-17 11:00:00,0.5068662840542129
2018-01-24 11:00:00,0.6641736833311255
2018-01-31 11:00:00,0.4207306275205909
2018-02-14 11:00:00,0.6570438917547609
2018-02-21 11:00:00,0.8695488429993203
2018-02-28 11:00:00,0.6498629005486564
2018-03-07 11:00:00,0.8295646874148417
2018-03-14 11:00:00,1.0817106190228696
2018-03-21 11:00:00,0.4938009410634175
2018-03-28 11:00:00,1.50528447730242
2018-04-04 11:00:00,1.053143837728394
2018-04-11 11:00:00,0.5837136560725215
2018-04-18 11:00:00,0.8614854549084249
2018-04-25 11:00:00,0.6315402510709396
2018-05-02 11:00:00,0.3898899758793946
2018-05-09 11:00:00,1.015561272736854
2018-05-16 11:00:00,0.7191785498763487
2018-05-23 11:00:00,0.866220577413285
2018-05-30 11:00:00,0.5930848946419185
2018-06-06 11:00:00,0.882154255865738
2018-06-13 11:00:00,0.4104207156240147
2018-06-20 11:00:00,0.6242127745027394
2018-06-27 11:00:00,0.5464156566405146
2018-07-04 11:00:00,0.9782626574241226
2018-07-11 11:00:00,0.35038412462346347
2018-07-18 11:00:00,1.665490090580679
2018-07-25 11:00:00,1.2145153681259357
2018-08-01 11:00:00,1.2690801654288653
2018-08-08 11:00:00,0.7083152783820547
2018-08-15 11:00:00,0.6385693426467117
2018-08-22 11:00:00,1.1268550357804432
2018-08-29 11:00:00,0.23646504793433684
2018-09-05 11:00:00,0.6499956605731407
2018-09-12 11:00:00,0.8180695813420945
2018-09-19 11:00:00,0.5302416266875165
2018-09-26 11:00:00,0.9260663856461809
2018-10-03 11:00:00,0.6945100494904467
2018-10-10 11:00:00,0.7536978813333609
2018-10-17 11:00:00,0.6605064106300748
2018-10-24 11:00:00,0.6747537903532261
2018-10-31 11:00:00,0.4481921074759486
2018-11-07 11:00:00,0.9582055034980723
2018-11-14 11:00:00,1.927080481532596
2018-11-21 11:00:00,1.1706614887452416
2018-11-28 11:00:00,0.47049254530694073
2018-12-05 11:00:00,0.8311881591483455
2018-12-12 11:00:00,1.0165390698487928
2018-12-19 11:00:00,0.7859052888315505
2018-12-26 11:00:00,1.2746838071532693
2019-01-02 11:00:00,0.8250895293880847
2019-01-09 11:00:00,0.7268956157543666
2019-01-16 11:00:00,0.3329668494893313
2019-01-23 11:00:00,0.5097756466349412
2019-01-30 11:00:00,0.2788078690621653
2019-02-06 11:00:00,0.7633063129583318
2019-02-13 11:00:00,0.3779219779184354
2019-02-20 11:00:00,0.6511806652374051
2019-02-27 11:00:00,0.5120089141270622
2019-03-06 11:00:00,0.9345304339325156
2019-03-13 11:00:00,0.881702220337253
2019-03-20 11:00:00,0.35184714790155663
2019-03-27 11:00:00,0.6568706144829979
2019-04-03 11:00:00,0.7393571660125684
2019-04-10 11:00:00,0.7327734780332447
2019-04-17 11:00:00,0.49057876705337555
2019-04-24 11:00:00,0.5464540222619385
2019-05-01 11:00:00,0.8869668904892034
2019-05-08 11:00:00,0.5329937837184673
2019-05-15 11:00:00,0.5209271846190671
2019-05-22 11:00:00,0.7051684888801533
2019-05-29 11:00:00,0.5243156879311939
2019-06-12 11:00:00,0.5878121665244159
2019-06-19 11:00:00,0.4774295307286312
2019-06-26 11:00:00,0.8767705937406561
2019-07-03 11:00:00,0.4190623449638903
2019-07-10 11:00:00,1.0393196696244806
2019-07-17 11:00:00,0.41997104626358706
2019-07-24 11:00:00,0.7128889690833006
2019-07-31 11:00:00,0.779906362288358
2019-08-07 11:00:00,1.1143901993505034
2019-08-14 11:00:00,0.8513754875348105
2019-08-21 11:00:00,0.6394967653522682
2019-08-28 11:00:00,0.6480821984767848
2019-09-04 11:00:00,0.603990763201637
2019-09-11 11:00:00,1.3037940694389742
2019-09-18 11:00:00,0.41660301041108166
2019-09-25 11:00:00,0.6679747337427315
2019-10-02 11:00:00,0.7042151014240604
2019-10-09 11:00:00,1.4988957472724695
2019-10-16 11:00:00,1.0247893758634024
2019-10-23 11:00:00,0.6256486108783985
2019-10-30 11:00:00,0.5533740850728559
2019-11-06 11:00:00,0.6186117066414925
2019-11-13 11:00:00,0.6948264242473905
2019-11-20 11:00:00,1.0807293169574053
2019-11-27 11:00:00,0.5230546740571744
2019-12-04 11:00:00,0.5527198484044537
2019-12-11 11:00:00,0.6570841496531199
2019-12-18 11:00:00,1.7369939948262625
2019-12-25 11:00:00,1.2064219446949078
2020-01-01 11:00:00,1.3437544842275613
2020-01-08 11:00:00,0.6561726629881696
2020-01-15 11:00:00,1.0449401918931265
2020-01-22 11:00:00,1.6898663021774578
2020-01-29 11:00:00,0.7372670260447065
2020-02-05 11:00:00,1.7396407188906555
2020-02-12 11:00:00,1.013468569047391
2020-02-19 11:00:00,0.5464950298683701
2020-02-26 11:00:00,2.0818251993095838
2020-03-04 11:00:00,0.817522739924096
2020-03-11 11:00:00,0.5430628029744415
2020-03-18 11:00:00,0.9699967468591254
2020-03-25 11:00:00,0.7299240505902901
2018-01-03 12:00:00,0.6671536329189562
2018-01-10 12:00:00,0.5069129456527243
2018-01-17 12:00:00,1.0371565164279561
2018-01-24 12:00:00,0.4980412035746406
2018-01-31 12:00:00,0.6892909058385741
2018-02-14 12:00:00,0.694229518564659
2018-02-21 12:00:00,0.7082512786114541
2018-02-28 12:00:00,0.6416231654435156
2018-03-07 12:00:00,1.0726424090842261
2018-03-14 12:00:00,0.5576443203611227
2018-03-21 12:00:00,0.6266901591411209
2018-03-28 12:00:00,1.263349657391588
2018-04-04 12:00:00,1.503826940311356
2018-04-11 12:00:00,0.6177387996191485
2018-04-18 12:00:00,0.559543242932342
2018-04-25 12:00:00,1.4848095531183036
2018-05-02 12:00:00,0.4746922267567675
2018-05-09 12:00:00,0.5464335875343818
2018-05-16 12:00:00,0.6493370216346844
2018-05-23 12:00:00,0.6101713458416927
2018-05-30 12:00:00,1.1448020259117022
2018-06-06 12:00:00,0.5684420421299196
2018-06-13 12:00:00,1.4819400235582778
2018-06-20 12:00:00,1.4669124250148926
2018-06-27 12:00:00,0.9252384931075229
2018-07-04 12:00:00,0.5960213848812783
2018-07-11 12:00:00,1.0236105542562257
2018-07-18 12:00:00,0.7584965508412536
2018-07-25 12:00:00,0.4066239510729995
2018-08-01 12:00:00,0.6001017090036576
2018-08-08 12:00:00,1.1014827358817028
2018-08-15 12:00:00,1.7853587434413736
2018-08-22 12:00:00,0.45902807187330286
2018-08-29 12:00:00,0.48275781529543027
2018-09-05 12:00:00,0.9309617100504799
2018-09-12 12:00:00,0.4181697691831346
2018-09-19 12:00:00,0.9297479418444211
2018-09-26 12:00:00,1.5388667793728767
2018-10-03 12:00:00,0.5485789741639953
2018-10-10 12:00:00,1.3645914564892563
2018-10-17 12:00:00,1.0006229210960211
2018-10-24 12:00:00,0.5578237018614084
2018-10-31 12:00:00,1.4701704956069561
2018-11-07 12:00:00,0.9195095973890711
2018-11-14 12:00:00,0.6732701054338337
2018-11-21 12:00:00,0.34763248303153366
2018-11-28 12:00:00,0.618309058742894
2018-12-05 12:00:00,0.3607239196369973
2018-12-12 12:00:00,0.6645393042392788
2018-12-19 12:00:00,1.3084231631235046
2018-12-26 12:00:00,0.8061718764021739
2019-01-02 12:00:00,0.9013362394345888
2019-01-09 12:00:00,0.8045853374677543
2019-01-16 12:00:00,0.43547180302037647
2019-01-23 12:00:00,0.5853167789437596
2019-01-30 12:00:00,0.7138292404158899
2019-02-06 12:00:00,0.6778321596443505
2019-02-13 12:00:00,0.6146443620745804
2019-02-20 12:00:00,0.5263335305685035
2019-02-27 12:00:00,0.5514371897321583
2019-03-06 12:00:00,0.9142306454687147
2019-03-13 12:00:00,0.9539661991038395
2019-03-20 12:00:00,0.8199027256877259
2019-03-27 12:00:00,1.02386229355933
2019-04-03 12:00:00,0.6579362248250064
2019-04-10 12:00:00,0.9615908731095509
2019-04-17 12:00:00,0.7001389182231904
2019-04-24 12:00:00,0.6454086347179566
2019-05-01 12:00:00,0.675048643703377
2019-05-08 12:00:00,0.7164935235721613
2019-05-15 12:00:00,1.0532096894946776
2019-05-22 12:00:00,0.8814287615621711
2019-05-29 12:00:00,0.5899484666357401
2019-06-12 12:00:00,1.5124361912184874
2019-06-19 12:00:00,0.8302455069828788
2019-06-26 12:00:00,1.4201547468215467
2019-07-03 12:00:00,0.7188950736789677
2019-07-10 12:00:00,0.40325400452604326
2019-07-17 12:00:00,0.6509415558459238
2019-07-24 12:00:00,0.8522182672694465
2019-07-31 12:00:00,0.5788159791997038
2019-08-07 12:00:00,0.8862728981692242
2019-08-14 12:00:00,1.5254324632220118
2019-08-21 12:00:00,0.9327854605373362
2019-08-28 12:00:00,0.8421456235704129
2019-09-04 12:00:00,0.49377996439488786
2019-09-11 12:00:00,1.579343242088656
2019-09-18 12:00:00,0.5934964474700358
2019-09-25 12:00:00,0.5903213441137944
2019-10-02 12:00:00,0.48412189399219363
2019-10-09 12:00:00,1.0736828459365495
2019-10-16 12:00:00,1.3293548653772955
2019-10-23 12:00:00,0.4758458025882115
2019-10-30 12:00:00,0.5556026697442348
2019-11-06 12:00:00,0.7797302497130842
2019-11-13 12:00:00,0.970968580699851
2019-11-20 12:00:00,0.4796544645864173
2019-12-04 12:00:00,0.8351979739146181
2019-12-11 12:00:00,0.8321020708190537
2019-12-18 12:00:00,0.9428159477661001
2019-12-25 12:00:00,1.3041622260646506
2020-01-01 12:00:00,1.3727336944926523
2020-01-08 12:00:00,1.1552321779636479
2020-01-15 12:00:00,1.0763114764766208
2020-01-22 12:00:00,0.5542005586009175
2020-01-29 12:00:00,1.353761121347511
2020-02-05 12:00:00,0.7694976217141859
2020-02-12 12:00:00,1.44297094426252
2020-02-19 12:00:00,0.7307827677693164
2020-02-26 12:00:00,0.9032631275240735
2020-03-04 12:00:00,0.9292723068110071
2020-03-11 12:00:00,0.5004943929972444
2020-03-18 12:00:00,1.4144674444128287
2020-03-25 12:00:00,1.5788164967183504
2018-01-03 13:00:00,1.1309926235637648
2018-01-10 13:00:00,1.110207331224306
2018-01-17 13:00:00,0.6703564228074289
2018-01-24 13:00:00,0.7031088236868146
2018-01-31 13:00:00,2.0559864163386323
2018-02-14 13:00:00,0.5591024390196989
2018-02-21 13:00:00,0.7206470456985311
2018-02-28 13:00:00,1.0969330578711867
2018-03-07 13:00:00,1.1306367618115336
2018-03-14 13:00:00,0.8998447051268658
2018-03-21 13:00:00,0.38310798009184727
2018-03-28 13:00:00,0.7458682130205968
2018-04-04 13:00:00,0.4888706931529523
2018-04-11 13:00:00,1.354169035839667
2018-04-18 13:00:00,0.5909485004392981
2018-04-25 13:00:00,0.8904262953509607
2018-05-02 13:00:00,1.203857441710961
2018-05-09 13:00:00,0.813540253651907
2018-05-16 13:00:00,1.3819744021839355
2018-05-23 13:00:00,1.2134345700932434
2018-05-30 13:00:00,0.6500787191536216
2018-06-06 13:00:00,1.0375193650639851
2018-06-13 13:00:00,0.5567850957089948
2018-06-20 13:00:00,1.0358416285592946
2018-06-27 13:00:00,1.1513220490105036
2018-07-04 13:00:00,0.7348521545059981
2018-07-11 13:00:00,1.0189979268492109
2018-07-18 13:00:00,0.49844462878410384
2018-07-25 13:00:00,1.1223714973591699
2018-08-01 13:00:00,0.7255761677921346
2018-08-08 13:00:00,1.4572149799525524
2018-08-15 13:00:00,0.8357837108858738
2018-08-22 13:00:00,1.7575065901680202
2018-08-29 13:00:00,0.5715817733897414
2018-09-05 13:00:00,0.5960342126104189
2018-09-12 13:00:00,0.5824558977595068
2018-09-19 13:00:00,0.7461170348307234
2018-09-26 13:00:00,0.8909269838094028
2018-10-03 13:00:00,1.1251479828230062
2018-10-10 13:00:00,0.6179162408804385
2018-10-17 13:00:00,0.5522451787984485
2018-10-24 13:00:00,1.5201849685162834
2018-10-31 13:00:00,0.4183942469882204
2018-11-07 13:00:00,1.2641535070380956
2018-11-14 13:00:00,2.4262452092498967
2018-11-21 13:00:00,0.7840952211982991
2018-11-28 13:00:00,0.7977299421752622
2018-12-05 13:00:00,0.8550578955438429
2018-12-12 13:00:00,1.2552605953196008
2018-12-19 13:00:00,0.60373644571503
2018-12-26 13:00:00,0.5802688610208415
2019-01-02 13:00:00,0.41287129774904696
2019-01-09 13:00:00,1.0168324528972477
2019-01-16 13:00:00,1.0517069313975689
2019-01-23 13:00:00,0.6198960918217379
2019-01-30 13:00:00,1.3013448691791605
2019-02-06 13:00:00,1.0193396876024297
2019-02-13 13:00:00,1.8551854881141503
2019-02-20 13:00:00,1.098144650627422
2019-02-27 13:00:00,1.612829337114574
2019-03-06 13:00:00,1.4224015475724128
2019-03-13 13:00:00,0.6061762830213555
2019-03-20 13:00:00,0.6997864007469141
2019-03-27 13:00:00,1.2444883960856692
2019-04-03 13:00:00,0.4462615341135528
2019-04-10 13:00:00,0.42801380957125085
2019-04-17 13:00:00,0.6263766403629618
2019-04-24 13:00:00,0.7239481802337563
2019-05-01 13:00:00,1.2667595418556699
2019-05-08 13:00:00,0.5492818117221224
2019-05-15 13:00:00,0.9824190921268914
2019-05-22 13:00:00,1.3703912770377726
2019-05-29 13:00:00,0.694228128466673
2019-06-12 13:00:00,1.0375371585761788
2019-06-19 13:00:00,1.16786439004397
2019-06-26 13:00:00,1.4238509233242191
2019-07-03 13:00:00,0.899704183981896
2019-07-10 13:00:00,0.6592826542144882
2019-07-17 13:00:00,0.8300164956226046
2019-07-24 13:00:00,0.5259568298880524
2019-07-31 13:00:00,1.7540760530869357
2019-08-07 13:00:00,1.079894074828504
2019-08-14 13:00:00,0.46978529663857854
2019-08-21 13:00:00,0.3605072674205999
2019-08-28 13:00:00,0.6351621318479004
2019-09-04 13:00:00,1.4425405827247901
2019-09-11 13:00:00,0.4771498668435946
2019-09-18 13:00:00,1.4456929905504134
2019-09-25 13:00:00,0.5661001460322915
2019-10-02 13:00:00,0.6272602255825731
2019-10-09 13:00:00,0.7548571104647848
2019-10-16 13:00:00,0.9295797228124297
2019-10-23 13:00:00,0.6996408111018602
2019-10-30 13:00:00,1.0196966536150862
2019-11-06 13:00:00,1.4672976974108611
2019-11-13 13:00:00,0.8530910173640365
2019-11-20 13:00:00,0.6375895660543353
2019-11-27 13:00:00,1.6318053547013733
2019-12-04 13:00:00,0.47072498619631237
2019-12-11 13:00:00,1.095957689549255
2019-12-18 13:00:00,0.6017747381922552
2019-12-25 13:00:00,1.3713741918252356
2020-01-01 13:00:00,2.9485270158534638
2020-01-08 13:00:00,0.7257615888014122
2020-01-15 13:00:00,0.5459281793096827
2020-01-22 13:00:00,0.6015315620231149
2020-01-29 13:00:00,0.8536554465214303
2020-02-05 13:00:00,0.3603915462823567
2020-02-12 13:00:00,0.9377023928762097
2020-02-19 13:00:00,1.5310948525372072
2020-02-26 13:00:00,0.42390530074301686
2020-03-04 13:00:00,0.6141555563823253
2020-03-11 13:00:00,2.86938830321724
2020-03-18 13:00:00,0.571883624458605
2020-03-25 13:00:00,0.5990600165837157
2018-01-03 14:00:00,1.0291584671205376
2018-01-10 14:00:00,0.679531683648841
2018-01-17 14:00:00,0.6274300062165029
2018-01-24 14:00:00,0.720906004589878
2018-01-31 14:00:00,0.7155991454313957
2018-02-14 14:00:00,0.5689911822390106
2018-02-21 14:00:00,0.5618487300354399
2018-02-28 14:00:00,0.7856893766283377
2018-03-07 14:00:00,1.318700931857173
2018-03-14 14:00:00,0.49558218961697165
2018-03-21 14:00:00,0.77860045886573
2018-03-28 14:00:00,0.8855610778042166
2018-04-04 14:00:00,1.2156143453323829
2018-04-11 14:00:00,0.910839845694714
2018-04-18 14:00:00,0.7183112876923717
2018-04-25 14:00:00,0.38803648875424895
2018-05-02 14:00:00,1.3272146327844596
2018-05-09 14:00:00,1.8451737527224221
2018-05-16 14:00:00,1.0027328387833978
2018-05-23 14:00:00,0.6015360371638483
2018-05-30 14:00:00,1.0332995353985017
2018-06-06 14:00:00,1.0487738372250297
2018-06-13 14:00:00,0.7962389736174098
2018-06-20 14:00:00,0.6436214930927835
2018-06-27 14:00:00,2.229932676282963
2018-07-04 14:00:00,0.4846319959008045
2018-07-11 14:00:00,0.8442172196555718
2018-07-18 14:00:00,0.7728071865162429
2018-07-25 14:00:00,0.5755826615753438
2018-08-01 14:00:00,0.5329866591709126
2018-08-08 14:00:00,0.5416132510406971
2018-08-15 14:00:00,0.5944666188776794
2018-08-22 14:00:00,0.7845071857022679
2018-08-29 14:00:00,0.7248404292975635
2018-09-05 14:00:00,0.8079740036369368
2018-09-12 14:00:00,1.8376816154061457
2018-09-19 14:00:00,0.921898756704744
2018-09-26 14:00:00,0.7477112567831111
2018-10-03 14:00:00,1.0325930449161127
2018-10-10 14:00:00,1.0173986122545409
2018-10-17 14:00:00,0.955964698109087
2018-10-24 14:00:00,0.362071336251015
2018-10-31 14:00:00,0.865267364932533
2018-11-07 14:00:00,0.7180003591202192
2018-11-14 14:00:00,0.8148682229557589
2018-11-21 14:00:00,0.6954711529588355
2018-11-28 14:00:00,0.5470507273606204
2018-12-05 14:00:00,0.7937894361629377
2018-12-12 14:00:00,0.5870797514339242
2018-12-19 14:00:00,1.3643638123283737
2018-12-26 14:00:00,0.6438300473553707
2019-01-02 14:00:00,0.5890717316377273
2019-01-09 14:00:00,1.0150183613495805
2019-01-16 14:00:00,1.2516473354094237
2019-01-23 14:00:00,0.718982206191409
2019-01-30 14:00:00,0.5857852177613422
2019-02-06 14:00:00,1.1822181876740347
2019-02-13 14:00:00,0.9897583183651976
2019-02-20 14:00:00,0.8468449710914362
2019-02-27 14:00:00,0.8223798344069774
2019-03-06 14:00:00,0.6600936691555269
2019-03-13 14:00:00,0.7738034079935512
2019-03-20 14:00:00,0.8622325839604965
2019-03-27 14:00:00,0.7832895578550175
2019-04-03 14:00:00,1.545139453614514
2019-04-10 14:00:00,0.4449656742220805
2019-04-17 14:00:00,0.9094704553530177
2019-04-24 14:00:00,1.1322501519735615
2019-05-01 14:00:00,1.055740300108959
2019-05-08 14:00:00,0.8277995173726134
2019-05-15 14:00:00,0.8516721503667709
2019-05-22 14:00:00,0.8080107468682332
2019-05-29 14:00:00,0.7656684553498412
2019-06-12 14:00:00,0.736471869666299
2019-06-19 14:00:00,0.9513698889331388
2019-06-26 14:00:00,0.8496455157598829
2019-07-03 14:00:00,0.4646259316574373
2019-07-10 14:00:00,0.5469376956094248
2019-07-17 14:00:00,1.0815582679399933
2019-07-24 14:00:00,1.2885372720282415
2019-07-31 14:00:00,0.9316832612691431
2019-08-07 14:00:00,0.558884858021631
2019-08-14 14:00:00,0.6396108407243282
2019-08-21 14:00:00,1.022181479119307
2019-08-28 14:00:00,0.49732633081554845
2019-09-04 14:00:00,0.48349822108804624
2019-09-11 14:00:00,0.7554308867005253
2019-09-18 14:00:00,2.025700227910457
2019-09-25 14:00:00,0.6703872345523665
2019-10-02 14:00:00,0.4139073457968143
2019-10-09 14:00:00,0.3699706862856808
2019-10-16 14:00:00,0.7398593118061346
2019-10-23 14:00:00,1.0533523459735619
2019-10-30 14:00:00,0.8619993279125961
2019-11-06 14:00:00,1.4377459794921932
2019-11-13 14:00:00,1.367420110904377
2019-11-20 14:00:00,0.7791805121766161
2019-11-27 14:00:00,0.6921071903359816
2019-12-04 14:00:00,1.4378335323235043
2019-12-11 14:00:00,0.9419476307758481
2019-12-18 14:00:00,0.5564800660841863
2019-12-25 14:00:00,0.5289977788771456
2020-01-01 14:00:00,1.311759510176525
2020-01-08 14:00:00,0.5071885502579389
2020-01-15 14:00:00,0.8981778530023564
2020-01-22 14:00:00,1.0741272933808674
2020-01-29 14:00:00,0.7003154643910697
2020-02-05 14:00:00,1.0903234547698535
2020-02-12 14:00:00,0.49002423873128004
2020-02-19 14:00:00,0.4163187126840493
2020-02-26 14:00:00,0.9496217005098321
2020-03-04 14:00:00,0.8142468441528525
2020-03-11 14:00:00,1.3417769315415125
2020-03-18 14:00:00,0.5812333068798742
2020-03-25 14:00:00,0.6437182708058963
2018-01-03 15:00:00,0.8904058738990215
2018-01-10 15:00:00,0.5900220623171714
2018-01-17 15:00:00,0.3382102080970865
2018-01-24 15:00:00,0.5440496976659818
2018-01-31 15:00:00,0.43162468791172603
2018-02-14 15:00:00,0.8263003121407401
2018-02-21 15:00:00,0.7760124208726621
2018-02-28 15:00:00,1.1095241860678375
2018-03-07 15:00:00,0.787746788319766
2018-03-14 15:00:00,0.5735827953337224
2018-03-21 15:00:00,0.42563609646804756
2018-03-28 15:00:00,0.2966919416321158
2018-04-04 15:00:00,1.434866523270112
2018-04-11 15:00:00,0.9563827046665692
2018-04-18 15:00:00,1.1902332998321683
2018-04-25 15:00:00,0.9872445198765375
2018-05-02 15:00:00,0.3792822772281813
2018-05-09 15:00:00,1.6842156536652921
2018-05-16 15:00:00,0.7583597892528798
2018-05-23 15:00:00,0.6735614706586065
2018-05-30 15:00:00,0.7065586925735289
2018-06-06 15:00:00,0.9620150441277813
2018-06-13 15:00:00,1.0886355887043873
2018-06-20 15:00:00,1.0118647600570114
2018-06-27 15:00:00,0.9274941507870449
2018-07-04 15:00:00,0.6270899827946154
2018-07-11 15:00:00,1.8669669569989455
2018-07-18 15:00:00,0.832268858561488
2018-07-25 15:00:00,0.7081501914236237
2018-08-01 15:00:00,0.5853856444342956
2018-08-08 15:00:00,1.3198836204268
2018-08-15 15:00:00,0.45713137207535337
2018-08-22 15:00:00,0.4998920622189856
2018-08-29 15:00:00,1.398133942555786
2018-09-05 15:00:00,0.6877157948627443
2018-09-12 15:00:00,2.067231382697758
2018-09-19 15:00:00,0.7520625878202455
2018-09-26 15:00:00,0.530966120844111
2018-10-03 15:00:00,1.5850142763620512
2018-10-10 15:00:00,0.839734028822091
2018-10-17 15:00:00,0.6831955749017932
2018-10-24 15:00:00,0.5515032021501959
2018-10-31 15:00:00,1.5685135550132339
2018-11-07 15:00:00,0.9062327086298944
2018-11-14 15:00:00,0.7400636503257771
2018-11-21 15:00:00,0.8980316780762846
2018-11-28 15:00:00,1.0480753367595044
2018-12-05 15:00:00,1.1475170566732489
2018-12-12 15:00:00,0.5562195719330368
2018-12-19 15:00:00,0.5993821170702958
2018-12-26 15:00:00,0.7095904539702002
2019-01-02 15:00:00,0.5694099157947724
2019-01-09 15:00:00,0.6415448489521605
2019-01-16 15:00:00,0.5741222156286051
2019-01-23 15:00:00,0.4145191785814377
2019-01-30 15:00:00,0.4142874634960432
2019-02-06 15:00:00,0.48244596304509246
2019-02-13 15:00:00,1.0445572994041887
2019-02-20 15:00:00,0.5715569722229059
2019-02-27 15:00:00,0.5543621521463843
2019-03-06 15:00:00,0.9212799302515683
2019-03-13 15:00:00,0.592380332429489
2019-03-20 15:00:00,0.3724218256863909
2019-03-27 15:00:00,0.6087249059913769
2019-04-03 15:00:00,0.590385903470667
2019-04-10 15:00:00,0.7731757792269374
2019-04-17 15:00:00,0.7206737281534054
2019-04-24 15:00:00,0.9666918480273374
2019-05-01 15:00:00,0.38150366675157676
2019-05-08 15:00:00,0.9329039272649491
2019-05-15 15:00:00,1.1329500198398905
2019-05-22 15:00:00,1.0215117271661733
2019-05-29 15:00:00,1.1234713249027897
2019-06-12 15:00:00,1.029821847647116
2019-06-19 15:00:00,0.6566907999639997
2019-06-26 15:00:00,0.7197500722573879
2019-07-03 15:00:00,0.5701778636765049
2019-07-10 15:00:00,0.967784949330285
2019-07-17 15:00:00,0.5704924075582458
2019-07-24 15:00:00,1.2521082508522505
2019-07-31 15:00:00,1.7365403783083742
2019-08-07 15:00:00,2.9607115676623565
2019-08-14 15:00:00,1.373670042027257
2019-08-21 15:00:00,0.6269587306591156
2019-08-28 15:00:00,0.6107292406672715
2019-09-04 15:00:00,0.8663593283399417
2019-09-11 15:00:00,0.6114742738717316
2019-09-18 15:00:00,0.6711431990814614
2019-09-25 15:00:00,0.7054341513961832
2019-10-02 15:00:00,1.032034824687973
2019-10-09 15:00:00,1.732558187199156
2019-10-16 15:00:00,0.6339178062355373
2019-10-23 15:00:00,0.709097800807378
2019-10-30 15:00:00,0.7992921933623964
2019-11-06 15:00:00,0.6536510053218308
2019-11-13 15:00:00,1.03317600401875
2019-11-20 15:00:00,1.256265183659673
2019-11-27 15:00:00,0.7178250687780219
2019-12-04 15:00:00,0.7155001926941749
2019-12-11 15:00:00,0.6357200975085456
2019-12-18 15:00:00,0.9892636590239757
2019-12-25 15:00:00,0.5673610133258732
2020-01-01 15:00:00,1.3827017138487854
2020-01-08 15:00:00,1.1044055889320958
2020-01-15 15:00:00,0.4183786738945878
2020-01-22 15:00:00,0.33211754792840714
2020-01-29 15:00:00,1.48225173724609
2020-02-05 15:00:00,1.1015658527557133
2020-02-12 15:00:00,1.356684819288441
2020-02-19 15:00:00,1.025012962227643
2020-02-26 15:00:00,0.47282829853238606
2020-03-04 15:00:00,0.649094058448955
2020-03-11 15:00:00,0.664400176632245
2020-03-18 15:00:00,1.8617563817365579
2020-03-25 15:00:00,0.30586086996658823
2018-01-03 16:00:00,0.5589373535937221
2018-01-10 16:00:00,0.47466867320319756
2018-01-17 16:00:00,1.3058523193743263
2018-01-24 16:00:00,0.5373988847133289
2018-01-31 16:00:00,0.6199775939064083
2018-02-14 16:00:00,0.7366727024957118
2018-02-21 16:00:00,0.9308093214661451
2018-02-28 16:00:00,0.7690205935004089
2018-03-07 16:00:00,1.3207115381161683
2018-03-14 16:00:00,0.9675943815827756
2018-03-21 16:00:00,0.6396811210089556
2018-03-28 16:00:00,0.8798634860412466
2018-04-04 16:00:00,1.2528260135350155
2018-04-11 16:00:00,1.217961352071279
2018-04-18 16:00:00,1.2650412040346377
2018-04-25 16:00:00,0.5052977202811584
2018-05-02 16:00:00,1.6197248563334088
2018-05-09 16:00:00,0.5334149333250566
2018-05-16 16:00:00,0.6882331662964087
2018-05-23 16:00:00,1.5077862144386007
2018-05-30 16:00:00,1.0215236600144622
2018-06-06 16:00:00,0.740719154400719
2018-06-13 16:00:00,0.46649453129011315
2018-06-20 16:00:00,1.409109430307276
2018-06-27 16:00:00,0.4471971779674031
2018-07-04 16:00:00,1.1255913888664457
2018-07-11 16:00:00,0.7739312187514091
2018-07-18 16:00:00,0.793564344199857
2018-07-25 16:00:00,0.579760785798468
2018-08-01 16:00:00,1.512850339241865
2018-08-08 16:00:00,0.3462352770144619
2018-08-15 16:00:00,1.5835836733612974
2018-08-22 16:00:00,0.6140946098452191
2018-08-29 16:00:00,1.0966298639470407
2018-09-05 16:00:00,1.0013045990831093
2018-09-12 16:00:00,0.5850654985952095
2018-09-19 16:00:00,1.7796952082518454
2018-09-26 16:00:00,0.5682758829545361
2018-10-03 16:00:00,1.1919964269220122
2018-10-10 16:00:00,0.7540864269229811
2018-10-17 16:00:00,0.934684519739162
2018-10-24 16:00:00,1.114281537819025
2018-10-31 16:00:00,0.8089756757598275
2018-11-07 16:00:00,1.2619672475206574
2018-11-14 16:00:00,0.9397828670910758
2018-11-21 16:00:00,1.1655974382311374
2018-11-28 16:00:00,0.570547377555264
2018-12-05 16:00:00,0.7143721609258038
2018-12-12 16:00:00,0.7599029798542023
2018-12-19 16:00:00,0.8164239022927536
2018-12-26 16:00:00,1.0627568725015546
2019-01-02 16:00:00,0.6544102213517824
2019-01-09 16:00:00,1.1566979933003791
2019-01-16 16:00:00,0.5287117829919268
2019-01-23 16:00:00,0.712749054627213
2019-01-30 16:00:00,1.3667357608641157
2019-02-06 16:00:00,0.6712380399465947
2019-02-13 16:00:00,0.8330409706457592
2019-02-20 16:00:00,0.7611240737046665
2019-02-27 16:00:00,0.47487999855708
2019-03-06 16:00:00,0.7394286451812938
2019-03-13 16:00:00,0.30254854675686865
2019-03-20 16:00:00,0.7276102295365013
2019-03-27 16:00:00,1.1380702675081162
2019-04-03 16:00:00,1.1728154001350324
2019-04-10 16:00:00,1.0078301192558967
2019-04-17 16:00:00,1.5488256483005027
2019-04-24 16:00:00,1.0448671192802974
2019-05-01 16:00:00,1.1299324192818747
2019-05-08 16:00:00,0.6440582987833893
2019-05-15 16:00:00,0.899064076197861
2019-05-22 16:00:00,1.1084844611451221
2019-05-29 16:00:00,0.3876989208250364
2019-06-12 16:00:00,0.8333716520020298
2019-06-19 16:00:00,0.9419267450984585
2019-06-26 16:00:00,0.6860367675521925
2019-07-03 16:00:00,0.7747123671643293
2019-07-10 16:00:00,0.8938492296731085
2019-07-17 16:00:00,0.5854092682370793
2019-07-24 16:00:00,0.7227475329686388
2019-07-31 16:00:00,1.282500661320087
2019-08-07 16:00:00,1.2411062452709367
2019-08-14 16:00:00,0.7973461613011646
2019-08-21 16:00:00,1.6373211319079561
2019-08-28 16:00:00,1.0087092085401916
2019-09-04 16:00:00,0.7156286968270911
2019-09-11 16:00:00,0.5102827855739321
2019-09-18 16:00:00,0.45782304482361585
2019-09-25 16:00:00,0.4801414766142499
2019-10-02 16:00:00,0.9142369105429058
2019-10-09 16:00:00,1.0844702313145573
2019-10-16 16:00:00,0.7418100326772777
2019-10-23 16:00:00,0.9851570961736925
2019-10-30 16:00:00,0.6134065549190935
2019-11-06 16:00:00,1.1883153717056585
2019-11-13 16:00:00,0.8351183462816797
2019-11-20 16:00:00,0.5748736134725737
2019-11-27 16:00:00,0.5570382611062988
2019-12-04 16:00:00,1.0111235793141577
2019-12-11 16:00:00,2.17211226136934
2019-12-18 16:00:00,0.851941147621731
2019-12-25 16:00:00,1.5162802702662042
2020-01-01 16:00:00,2.63428767146436
2020-01-08 16:00:00,0.6611184704173325
2020-01-15 16:00:00,0.9548363318783136
2020-01-22 16:00:00,1.2695851573884103
2020-01-29 16:00:00,1.1652028599995505
2020-02-05 16:00:00,1.1355297825605057
2020-02-12 16:00:00,0.7779375137654414
2020-02-19 16:00:00,0.702035353752164
2020-02-26 16:00:00,1.0068824973203183
2020-03-04 16:00:00,0.7924898048221783
2020-03-11 16:00:00,0.8680353662179733
2020-03-25 16:00:00,0.4829944864261991
2018-01-03 17:00:00,1.5597626165620124
2018-01-10 17:00:00,0.710331832466019
2018-01-17 17:00:00,0.4401686567159276
2018-01-24 17:00:00,0.768628293553417
2018-01-31 17:00:00,0.7444142421066201
2018-02-14 17:00:00,0.8323480224068516
2018-02-21 17:00:00,0.937316348157957
2018-02-28 17:00:00,0.5004784784789955
2018-03-07 17:00:00,0.756945945685643
2018-03-14 17:00:00,1.1336335562006148
2018-03-21 17:00:00,0.9827725131153032
2018-03-28 17:00:00,0.8957557110445188
2018-04-04 17:00:00,1.2559092418340023
2018-04-11 17:00:00,0.7052361047305699
2018-04-18 17:00:00,0.4451800472520175
2018-04-25 17:00:00,1.1985898549635594
2018-05-02 17:00:00,0.6825388046055316
2018-05-09 17:00:00,1.2081873747717238
2018-05-16 17:00:00,0.45335111214244106
2018-05-23 17:00:00,0.7403423579271783
2018-05-30 17:00:00,0.9783964052057565
2018-06-06 17:00:00,0.8558891308227087
2018-06-13 17:00:00,0.9468152037728994
2018-06-20 17:00:00,1.9857039473635625
2018-06-27 17:00:00,0.8958439282072101
2018-07-04 17:00:00,0.8600927598355295
2018-07-11 17:00:00,0.8102074828818223
2018-07-18 17:00:00,0.5048285724469287
2018-07-25 17:00:00,0.5954790785350649
2018-08-01 17:00:00,0.9516292725714007
2018-08-08 17:00:00,1.1529269792295465
2018-08-15 17:00:00,0.6601705155706603
2018-08-22 17:00:00,1.1044662954599072
2018-08-29 17:00:00,1.477902328471777
2018-09-05 17:00:00,1.5811913151567265
2018-09-12 17:00:00,1.0443519454528565
2018-09-19 17:00:00,0.9972672328094395
2018-09-26 17:00:00,1.6597089204291415
2018-10-03 17:00:00,1.0424261623573816
2018-10-10 17:00:00,1.3602325584984936
2018-10-17 17:00:00,1.737451910669206
2018-10-24 17:00:00,0.9685871688864343
2018-10-31 17:00:00,0.596685095949942
2018-11-07 17:00:00,0.49378361747181787
2018-11-14 17:00:00,0.708542503459944
2018-11-21 17:00:00,1.1955138468295399
2018-11-28 17:00:00,0.7821088086010771
2018-12-05 17:00:00,0.8859368407463223
2018-12-12 17:00:00,1.0723239524821393
2018-12-19 17:00:00,0.7093011020033705
2018-12-26 17:00:00,0.9631977947733465
2019-01-02 17:00:00,1.1941527665270621
2019-01-09 17:00:00,0.7089926900869472
2019-01-16 17:00:00,1.0090500659513044
2019-01-23 17:00:00,1.3492124392198244
2019-01-30 17:00:00,0.6093682302073998
2019-02-06 17:00:00,0.7121919795106979
2019-02-13 17:00:00,1.5329200432709946
2019-02-20 17:00:00,0.5391143112875116
2019-02-27 17:00:00,0.8869590238076627
2019-03-06 17:00:00,0.664022805338433
2019-03-13 17:00:00,1.002499427987258
2019-03-20 17:00:00,0.7189285967532597
2019-03-27 17:00:00,0.41021638796398546
2019-04-03 17:00:00,0.8649846605149745
2019-04-10 17:00:00,1.2350582782697834
2019-04-17 17:00:00,0.37204365323391897
2019-04-24 17:00:00,1.1471532654271328
2019-05-01 17:00:00,0.6506610784001605
2019-05-08 17:00:00,0.7931488672934666
2019-05-15 17:00:00,0.44119965444326814
2019-05-22 17:00:00,1.1810532133856317
2019-05-29 17:00:00,1.2089940564602082
2019-06-12 17:00:00,0.8047945170589139
2019-06-19 17:00:00,0.7121560945251064
2019-06-26 17:00:00,0.386481057920549
2019-07-03 17:00:00,1.5360783037697419
2019-07-10 17:00:00,0.6635831848779686
2019-07-17 17:00:00,0.7438335952764853
2019-07-24 17:00:00,0.7278856365697456
2019-07-31 17:00:00,0.7280414221170627
2019-08-07 17:00:00,1.1092586051165585
2019-08-14 17:00:00,1.5711116575498234
2019-08-21 17:00:00,1.4985544048074273
2019-08-28 17:00:00,0.8948795810729048
2019-09-04 17:00:00,0.5041848110034985
2019-09-11 17:00:00,1.0018889222069531
2019-09-18 17:00:00,0.8995896773234432
2019-09-25 17:00:00,1.0481593845609118
2019-10-02 17:00:00,0.9366815768880147
2019-10-09 17:00:00,6.812962437163144
2019-10-16 17:00:00,1.0002051228695719
2019-10-23 17:00:00,0.8571532518977238
2019-10-30 17:00:00,0.8585125720557174
2019-11-06 17:00:00,0.7442403510480685
2019-11-13 17:00:00,1.3200755476893629
2019-11-20 17:00:00,0.6900947243860653
2019-11-27 17:00:00,1.6409309566918802
2019-12-04 17:00:00,1.3044845324077754
2019-12-11 17:00:00,0.8881060021783121
2019-12-18 17:00:00,0.7044559159674153
2019-12-25 17:00:00,1.0530251814658644
2020-01-01 17:00:00,1.5204424900118365
2020-01-08 17:00:00,1.7555482151165187
2020-01-15 17:00:00,0.6587921868857901
2020-01-22 17:00:00,1.070782667791077
2020-01-29 17:00:00,0.5934187225707226
2020-02-05 17:00:00,0.9352309442845209
2020-02-12 17:00:00,1.0636253415629804
2020-02-19 17:00:00,0.9841111302700889
2020-02-26 17:00:00,0.8685082414895533
2020-03-04 17:00:00,1.4443230929979263
2020-03-11 17:00:00,0.9909640167789688
2020-03-18 17:00:00,1.2373943742622362
2020-03-25 17:00:00,1.4949976383768568
2018-01-03 18:00:00,2.6627938435641756
2018-01-10 18:00:00,1.3958728401534528
2018-01-17 18:00:00,0.840646632386111
2018-01-24 18:00:00,0.8877944373712516
2018-01-31 18:00:00,1.206171892421533
2018-02-14 18:00:00,1.0835722648762762
2018-02-21 18:00:00,1.0291270102859955
2018-02-28 18:00:00,1.4027573319242306
2018-03-07 18:00:00,1.1692151436115203
2018-03-14 18:00:00,1.6213847064823819
2018-03-21 18:00:00,0.6423644517515067
2018-03-28 18:00:00,0.9313146592294632
2018-04-04 18:00:00,1.3460298142453
2018-04-11 18:00:00,0.6724839527132643
2018-04-18 18:00:00,1.768069962561204
2018-04-25 18:00:00,0.516224717149536
2018-05-02 18:00:00,0.5865142435067827
2018-05-09 18:00:00,0.8606932705319086
2018-05-16 18:00:00,0.6107694362581643
2018-05-23 18:00:00,1.2688819527400836
2018-05-30 18:00:00,1.0618233639027985
2018-06-06 18:00:00,0.8632247764435386
2018-06-13 18:00:00,1.1137998150699098
2018-06-20 18:00:00,0.5390030095299395
2018-06-27 18:00:00,1.1158384082078492
2018-07-04 18:00:00,0.4522094934084735
2018-07-11 18:00:00,1.35808036697529
2018-07-18 18:00:00,1.5964290258440177
2018-07-25 18:00:00,1.9810995980057182
2018-08-01 18:00:00,1.3277503577668297
2018-08-08 18:00:00,1.3430377205848905
2018-08-15 18:00:00,1.0363107749306435
2018-08-22 18:00:00,1.7223452911442445
2018-08-29 18:00:00,1.1196054111027613
2018-09-05 18:00:00,1.8218854303711651
2018-09-12 18:00:00,0.7010183621073508
2018-09-19 18:00:00,1.0939739923000444
2018-09-26 18:00:00,0.7785364965957237
2018-10-03 18:00:00,0.8892370220902666
2018-10-10 18:00:00,1.1836513543628548
2018-10-17 18:00:00,0.6564440019215495
2018-10-24 18:00:00,1.8208279720913543
2018-10-31 18:00:00,0.5616413168731147
2018-11-07 18:00:00,0.6817893044106711
2018-11-14 18:00:00,1.02307805909799
2018-11-21 18:00:00,1.3150770654875026
2018-11-28 18:00:00,1.43917368768108
2018-12-05 18:00:00,0.6007872480401341
2018-12-12 18:00:00,2.027495488804579
2018-12-19 18:00:00,0.8142794852047721
2018-12-26 18:00:00,0.45071149584869197
2019-01-02 18:00:00,1.0767717291186079
2019-01-09 18:00:00,1.3223001427667882
2019-01-16 18:00:00,0.6206725352838588
2019-01-23 18:00:00,1.2679090979001395
2019-01-30 18:00:00,1.1777697743684457
2019-02-06 18:00:00,0.5699405888148503
2019-02-13 18:00:00,0.8136894666070774
2019-02-20 18:00:00,1.0581336093695382
2019-02-27 18:00:00,1.557585049563916
2019-03-06 18:00:00,0.39532290481686755
2019-03-13 18:00:00,1.0640015731037722
2019-03-20 18:00:00,0.6351577995022805
2019-03-27 18:00:00,1.139558205117348
2019-04-03 18:00:00,1.2380259208258728
2019-04-10 18:00:00,1.015121136798649
2019-04-17 18:00:00,1.3143340476220646
2019-04-24 18:00:00,0.8889090913791152
2019-05-01 18:00:00,1.426418665965176
2019-05-08 18:00:00,1.2971228690540044
2019-05-15 18:00:00,0.4873390587017357
2019-05-22 18:00:00,0.9849378808938127
2019-05-29 18:00:00,0.658836732213846
2019-06-12 18:00:00,0.8523631249134173
2019-06-19 18:00:00,2.285819538023041
2019-06-26 18:00:00,0.7668079106438688
2019-07-03 18:00:00,0.9766138045900514
2019-07-10 18:00:00,0.5067869877249873
2019-07-17 18:00:00,1.1129270000591371
2019-07-24 18:00:00,1.0056308055620595
2019-07-31 18:00:00,1.6429895771960201
2019-08-07 18:00:00,1.180351463498221
2019-08-14 18:00:00,1.7704622951662503
2019-08-21 18:00:00,0.7132384370824615
2019-08-28 18:00:00,1.4738921018421698
2019-09-04 18:00:00,0.7276109355252964
2019-09-11 18:00:00,0.6868857869472074
2019-09-18 18:00:00,0.6937096892297147
2019-09-25 18:00:00,1.2182384054812696
2019-10-02 18:00:00,1.0091378862401899
2019-10-09 18:00:00,4.967423484560208
2019-10-16 18:00:00,1.1240494179029197
2019-10-23 18:00:00,1.2978281254162225
2019-10-30 18:00:00,1.413911585963145
2019-11-06 18:00:00,1.0299636520071174
2019-11-13 18:00:00,0.9951219379110944
2019-11-20 18:00:00,0.9510009588305449
2019-11-27 18:00:00,0.8975289636579626
2019-12-04 18:00:00,0.6869588828885198
2019-12-11 18:00:00,0.5700715411496087
2019-12-18 18:00:00,1.0895462058869219
2019-12-25 18:00:00,2.3197340205938053
2020-01-01 18:00:00,0.8885404102648141
2020-01-08 18:00:00,1.2487015772484291
2020-01-15 18:00:00,1.1997204787156301
2020-01-22 18:00:00,1.4183562161064143
2020-01-29 18:00:00,0.8171875085356685
2020-02-05 18:00:00,1.4815447505579022
2020-02-12 18:00:00,0.932581916071258
2020-02-19 18:00:00,1.3656577474091858
2020-02-26 18:00:00,0.7295432856408236
2020-03-04 18:00:00,0.6224383447065509
2020-03-11 18:00:00,1.4762807628280352
2020-03-18 18:00:00,1.5848534420251155
2020-03-25 18:00:00,0.8279538909819145
2018-01-03 19:00:00,0.8656816108828903
2018-01-10 19:00:00,2.0832321354249927
2018-01-17 19:00:00,0.8909631235271638
2018-01-24 19:00:00,0.8258171499451193
2018-01-31 19:00:00,0.9843624351141991
2018-02-14 19:00:00,0.6211115364470344
2018-02-21 19:00:00,0.9935098889465254
2018-02-28 19:00:00,0.6582712447330146
2018-03-07 19:00:00,1.2019822011314967
2018-03-14 19:00:00,0.3530643419631224
2018-03-21 19:00:00,0.7887117375540525
2018-03-28 19:00:00,0.6299655190963295
2018-04-04 19:00:00,0.9897557357873253
2018-04-11 19:00:00,0.7508540633355675
2018-04-18 19:00:00,1.0094350735783575
2018-04-25 19:00:00,0.5757755277758959
2018-05-02 19:00:00,0.9848716913377585
2018-05-09 19:00:00,0.6925981938608272
2018-05-16 19:00:00,0.7251162124367431
2018-05-23 19:00:00,0.7948524889772786
2018-05-30 19:00:00,1.7675702403578666
2018-06-06 19:00:00,0.7290914770121855
2018-06-13 19:00:00,0.7183873394847347
2018-06-20 19:00:00,0.6260581234850046
2018-06-27 19:00:00,0.4769184351530209
2018-07-04 19:00:00,0.6894013271312945
2018-07-11 19:00:00,0.8225768653604753
2018-07-18 19:00:00,0.9729613482893991
2018-07-25 19:00:00,0.6381211264665805
2018-08-01 19:00:00,0.38196053137798486
2018-08-08 19:00:00,0.47228328178756424
2018-08-15 19:00:00,0.42969473194812785
2018-08-22 19:00:00,1.3190054025125895
2018-08-29 19:00:00,0.6608217295766863
2018-09-05 19:00:00,0.6461866332550551
2018-09-12 19:00:00,0.3672004852911423
2018-09-19 19:00:00,1.6901909174268512
2018-09-26 19:00:00,0.5320153637142836
2018-10-03 19:00:00,0.516830689782194
2018-10-10 19:00:00,0.8304328103882097
2018-10-17 19:00:00,0.8864904437093343
2018-10-24 19:00:00,1.1917090867809683
2018-10-31 19:00:00,1.3203890980116917
2018-11-07 19:00:00,0.29314020671191765
2018-11-14 19:00:00,1.6038609555991215
2018-11-21 19:00:00,0.9324872137366995
2018-11-28 19:00:00,1.2409118779887591
2018-12-05 19:00:00,2.034522050745207
2018-12-12 19:00:00,0.7754630175389468
2018-12-19 19:00:00,0.45403502674864993
2018-12-26 19:00:00,1.334168158686687
2019-01-02 19:00:00,0.9477336295455709
2019-01-09 19:00:00,1.2583235538406923
2019-01-16 19:00:00,1.5228429053492882
2019-01-23 19:00:00,0.7297891388911973
2019-01-30 19:00:00,0.8220780173003063
2019-02-06 19:00:00,0.656025425880373
2019-02-13 19:00:00,0.640099539592776
2019-02-20 19:00:00,0.8160048557742563
2019-02-27 19:00:00,0.9582129946766418
2019-03-06 19:00:00,0.6874189976383597
2019-03-13 19:00:00,0.6375657623358187
2019-03-20 19:00:00,0.6614658116782673
2019-03-27 19:00:00,0.36232246434674004
2019-04-03 19:00:00,0.7028097295949816
2019-04-10 19:00:00,0.38813604026678705
2019-04-17 19:00:00,1.0423692275022534
2019-04-24 19:00:00,0.2794648822177527
2019-05-01 19:00:00,1.180291104996747
2019-05-08 19:00:00,1.332501743658171
2019-05-15 19:00:00,1.2195478013890897
2019-05-22 19:00:00,1.0584466036141758
2019-05-29 19:00:00,0.9868891615711782
2019-06-12 19:00:00,1.0653040676427457
2019-06-19 19:00:00,0.8020952039547979
2019-06-26 19:00:00,0.8413179978145048
2019-07-03 19:00:00,0.5839417303356259
2019-07-10 19:00:00,0.7944867131446962
2019-07-17 19:00:00,2.3909271957782385
2019-07-24 19:00:00,0.8105597497723773
2019-07-31 19:00:00,0.9429236966297161
2019-08-07 19:00:00,0.6923538340755133
2019-08-14 19:00:00,0.5579038334079247
2019-08-21 19:00:00,0.49087547405966375
2019-08-28 19:00:00,0.9205321450432541
2019-09-04 19:00:00,0.81664978986031
2019-09-11 19:00:00,0.9586621659332415
2019-09-18 19:00:00,0.49329853688332365
2019-09-25 19:00:00,1.2302622062174653
2019-10-02 19:00:00,1.3986291226399212
2019-10-09 19:00:00,7.513518621568844
2019-10-16 19:00:00,0.4166749087805841
2019-10-23 19:00:00,1.246021040119022
2019-10-30 19:00:00,0.8610270856411029
2019-11-06 19:00:00,0.7201605183522871
2019-11-13 19:00:00,0.4118122785473322
2019-11-20 19:00:00,0.4817788995645881
2019-11-27 19:00:00,0.399788767470308
2019-12-04 19:00:00,1.1411288044060366
2019-12-11 19:00:00,0.5476333926165348
2019-12-18 19:00:00,0.6696220372673439
2019-12-25 19:00:00,0.9343027287894623
2020-01-01 19:00:00,1.3848793125959593
2020-01-08 19:00:00,1.2528699368547194
2020-01-15 19:00:00,2.0750010412895
2020-01-22 19:00:00,0.9974952145234188
2020-01-29 19:00:00,0.943151070332956
2020-02-05 19:00:00,1.3992573981232606
2020-02-12 19:00:00,1.6049908853368118
2020-02-19 19:00:00,0.6165677374423681
2020-02-26 19:00:00,0.9252904791767668
2020-03-04 19:00:00,0.4769396668205361
2020-03-11 19:00:00,1.201038756504817
2020-03-18 19:00:00,2.3884636907772876
2020-03-25 19:00:00,0.6789094872972204
2018-01-03 20:00:00,0.5359385751328177
2018-01-10 20:00:00,0.6498852904495902
2018-01-17 20:00:00,1.0833632847306096
2018-01-24 20:00:00,1.2175279442781717
2018-01-31 20:00:00,1.4234095305298242
2018-02-14 20:00:00,0.5758679022657214
2018-02-21 20:00:00,1.386457141986644
2018-02-28 20:00:00,0.9181419354664858
2018-03-07 20:00:00,1.0085999063842115
2018-03-14 20:00:00,1.0597065502292669
2018-03-21 20:00:00,0.7456256061725048
2018-03-28 20:00:00,0.8707519401111703
2018-04-04 20:00:00,1.0439741016983834
2018-04-11 20:00:00,0.8598551826853607
2018-04-18 20:00:00,0.8924706387110273
2018-04-25 20:00:00,0.7806806659686959
2018-05-02 20:00:00,0.7221816541680681
2018-05-09 20:00:00,0.7981205715106781
2018-05-16 20:00:00,0.4742987009434001
2018-05-23 20:00:00,0.6418987125202881
2018-05-30 20:00:00,0.9580232253418407
2018-06-06 20:00:00,1.1174782211566412
2018-06-13 20:00:00,0.803483994583571
2018-06-20 20:00:00,0.755540692207524
2018-06-27 20:00:00,0.7407319372646897
2018-07-04 20:00:00,0.3674278232245535
2018-07-11 20:00:00,1.5446768550443466
2018-07-18 20:00:00,0.5183563911221657
2018-07-25 20:00:00,1.0053799652695992
2018-08-01 20:00:00,2.5830370974744383
2018-08-08 20:00:00,1.7654661416519049
2018-08-15 20:00:00,0.5650876966190584
2018-08-22 20:00:00,0.997688522817746
2018-08-29 20:00:00,1.152129759904682
2018-09-05 20:00:00,0.9620108416724287
2018-09-12 20:00:00,1.3557006949542743
2018-09-19 20:00:00,0.589963805481149
2018-09-26 20:00:00,0.9661670154170972
2018-10-03 20:00:00,0.838749611199992
2018-10-10 20:00:00,0.3790641401702805
2018-10-17 20:00:00,0.8906003090835503
2018-10-24 20:00:00,0.7834444294834921
2018-10-31 20:00:00,1.78799440173992
2018-11-07 20:00:00,1.2684749036327252
2018-11-14 20:00:00,1.171533606643128
2018-11-21 20:00:00,1.0119663630651308
2018-11-28 20:00:00,1.7860612668295661
2018-12-05 20:00:00,0.7337636034631583
2018-12-12 20:00:00,0.6421277084492979
2018-12-19 20:00:00,1.4626730310899392
2018-12-26 20:00:00,0.6861324978639677
2019-01-02 20:00:00,0.6918104309730858
2019-01-09 20:00:00,0.9618929405278036
2019-01-16 20:00:00,0.8492996817050106
2019-01-23 20:00:00,0.8742767005419293
2019-01-30 20:00:00,1.2148195829508281
2019-02-06 20:00:00,1.6472891421711422
2019-02-13 20:00:00,0.8881269696102365
2019-02-20 20:00:00,0.7395495922024289
2019-02-27 20:00:00,0.8771343590609066
2019-03-06 20:00:00,0.8611437043811809
2019-03-13 20:00:00,0.285538568601189
2019-03-20 20:00:00,0.47060993597429285
2019-03-27 20:00:00,1.423514761314756
2019-04-03 20:00:00,0.9114715830054987
2019-04-10 20:00:00,0.6971101083702661
2019-04-17 20:00:00,1.0919947777201595
2019-04-24 20:00:00,1.3770411140858185
2019-05-01 20:00:00,0.6662678640988721
2019-05-08 20:00:00,0.9423800235937287
2019-05-15 20:00:00,0.831867547214547
2019-05-22 20:00:00,1.251388169067977
2019-05-29 20:00:00,0.5550024188471487
2019-06-12 20:00:00,1.9351000348515373
2019-06-19 20:00:00,0.9756854176192589
2019-06-26 20:00:00,1.8714194264725503
2019-07-03 20:00:00,0.5740383831361451
2019-07-10 20:00:00,1.2662217153732018
2019-07-17 20:00:00,0.9918024884787705
2019-07-24 20:00:00,0.6532460093981876
2019-07-31 20:00:00,1.0244062459187344
2019-08-07 20:00:00,1.2429410948964414
2019-08-14 20:00:00,0.5345293610529727
2019-08-21 20:00:00,0.7052014650868608
2019-08-28 20:00:00,0.7058943824856577
2019-09-04 20:00:00,1.1291501338849903
2019-09-11 20:00:00,1.0663918846323657
2019-09-18 20:00:00,0.6814297602109127
2019-09-25 20:00:00,0.3240933631834467
2019-10-02 20:00:00,0.7582051675789558
2019-10-09 20:00:00,0.9008907221918293
2019-10-16 20:00:00,0.8183044166424676
2019-10-23 20:00:00,0.7696361228962914
2019-10-30 20:00:00,0.9426587050239754
2019-11-06 20:00:00,0.8874874105914836
2019-11-13 20:00:00,1.104456853369301
2019-11-20 20:00:00,0.822367606557469
2019-11-27 20:00:00,0.8869006933223131
2019-12-04 20:00:00,0.8245854346158723
2019-12-11 20:00:00,0.9661818646387916
2019-12-18 20:00:00,2.0722980367870814
2019-12-25 20:00:00,0.6182313766634935
2020-01-01 20:00:00,1.2109759739474473
2020-01-08 20:00:00,0.5130248452216032
2020-01-15 20:00:00,1.227405380328945
2020-01-22 20:00:00,0.32678625260908645
2020-01-29 20:00:00,1.2518818195758141
2020-02-05 20:00:00,2.0227026017082403
2020-02-12 20:00:00,2.196796186636611
2020-02-19 20:00:00,1.557590305930831
2020-02-26 20:00:00,0.8073967025809847
2020-03-04 20:00:00,0.4326406385236355
2020-03-11 20:00:00,1.3341286849813345
2020-03-18 20:00:00,1.44363534989505
2020-03-25 20:00:00,1.039566506719128
2018-01-03 21:00:00,0.9240622926483174
2018-01-10 21:00:00,1.0658709889102078
2018-01-17 21:00:00,0.5033252447562908
2018-01-24 21:00:00,0.7894725072664336
2018-01-31 21:00:00,1.4841901169102343
2018-02-14 21:00:00,1.4784192033438792
2018-02-21 21:00:00,1.2363015321431423
2018-02-28 21:00:00,1.1705063623305294
2018-03-07 21:00:00,0.6140849422406569
2018-03-14 21:00:00,1.455461957959469
2018-03-21 21:00:00,1.5788395550201721
2018-03-28 21:00:00,1.5216291211251411
2018-04-04 21:00:00,1.2995922790220011
2018-04-11 21:00:00,2.2551695285003546
2018-04-18 21:00:00,1.6994332106174337
2018-04-25 21:00:00,0.7637243419660673
2018-05-02 21:00:00,1.499377428719965
2018-05-09 21:00:00,0.3133287958433466
2018-05-16 21:00:00,0.7082820231127772
2018-05-23 21:00:00,0.6518021256495936
2018-05-30 21:00:00,0.9014897728406513
2018-06-06 21:00:00,0.8938998979538155
2018-06-13 21:00:00,1.1125212861748324
2018-06-20 21:00:00,1.392120946423378
2018-06-27 21:00:00,1.0939047161926636
2018-07-04 21:00:00,0.8969472622769128
2018-07-11 21:00:00,1.462130530189006
2018-07-18 21:00:00,1.7232272755023148
2018-07-25 21:00:00,1.1037879253173721
2018-08-01 21:00:00,1.114153721452425
2018-08-08 21:00:00,1.3343131215558501
2018-08-15 21:00:00,2.195396320975107
2018-08-22 21:00:00,0.9026970441329664
2018-08-29 21:00:00,0.3510976219175571
2018-09-05 21:00:00,1.0009110575946265
2018-09-12 21:00:00,0.8161019030256714
2018-09-19 21:00:00,1.3902305639864987
2018-09-26 21:00:00,0.6077781346819999
2018-10-03 21:00:00,0.6956311826694328
2018-10-10 21:00:00,0.879807376897715
2018-10-17 21:00:00,0.39958176187792377
2018-10-24 21:00:00,0.8438318203971751
2018-10-31 21:00:00,2.126534718640337
2018-11-07 21:00:00,1.3052665785317703
2018-11-14 21:00:00,1.7961344814772409
2018-11-21 21:00:00,0.5952553307980739
2018-11-28 21:00:00,0.8271944203103806
2018-12-05 21:00:00,1.2463306962097531
2018-12-12 21:00:00,0.506304311939967
2018-12-19 21:00:00,1.2936880921059006
2018-12-26 21:00:00,1.78052537779187
2019-01-02 21:00:00,2.9303364225779607
2019-01-09 21:00:00,0.6735524708080111
2019-01-16 21:00:00,0.47225296700988617
2019-01-23 21:00:00,1.408094339924015
2019-01-30 21:00:00,0.7430857444753274
2019-02-06 21:00:00,0.1978090145344503
2019-02-13 21:00:00,0.8054600249708489
2019-02-20 21:00:00,1.4273551535919287
2019-02-27 21:00:00,0.7915837718103795
2019-03-06 21:00:00,1.1000964926748824
2019-03-13 21:00:00,0.6822534566452482
2019-03-20 21:00:00,1.295119007144659
2019-03-27 21:00:00,1.3635058667996536
2019-04-03 21:00:00,1.047825059437471
2019-04-10 21:00:00,0.6252471155580234
2019-04-17 21:00:00,0.9085972024841745
2019-04-24 21:00:00,1.683184364454666
2019-05-01 21:00:00,0.6078272263510934
2019-05-08 21:00:00,0.77837731162073
2019-05-15 21:00:00,1.404270642370141
2019-05-22 21:00:00,1.0669985681818472
2019-05-29 21:00:00,1.706586139907233
2019-06-12 21:00:00,1.835365807777531
2019-06-19 21:00:00,1.3297292198731976
2019-06-26 21:00:00,0.904965233144125
2019-07-03 21:00:00,1.5411693117036518
2019-07-10 21:00:00,1.3737784849174082
2019-07-17 21:00:00,0.7550871029830302
2019-07-24 21:00:00,0.9804340226519707
2019-07-31 21:00:00,0.715480342753267
2019-08-07 21:00:00,1.731094430269918
2019-08-14 21:00:00,1.767693314363708
2019-08-21 21:00:00,0.47234212172460277
2019-08-28 21:00:00,1.8451598869496906
2019-09-04 21:00:00,1.9282592070832958
2019-09-11 21:00:00,1.1214975611001754
2019-09-18 21:00:00,1.4295958689052146
2019-09-25 21:00:00,0.46779836512500655
2019-10-02 21:00:00,0.7820126712223251
2019-10-09 21:00:00,1.2795922419267607
2019-10-16 21:00:00,0.5074560658341496
2019-10-23 21:00:00,1.3108361862054445
2019-10-30 21:00:00,0.3948958712458168
2019-11-06 21:00:00,0.41258669959607175
2019-11-13 21:00:00,1.1007210636525406
2019-11-20 21:00:00,1.071632921914954
2019-11-27 21:00:00,1.0979305559949795
2019-12-04 21:00:00,0.7395324171034315
2019-12-11 21:00:00,0.5217542016424401
2019-12-18 21:00:00,1.2905287689962588
2019-12-25 21:00:00,0.8543642483915661
2020-01-01 21:00:00,0.7694711047735356
2020-01-08 21:00:00,1.581056816946302
2020-01-15 21:00:00,0.8988165884486374
2020-01-22 21:00:00,1.0682078817553682
2020-01-29 21:00:00,0.27542644454698895
2020-02-05 21:00:00,0.36931297434681143
2020-02-12 21:00:00,0.9553737209309121
2020-02-19 21:00:00,0.7510018945902501
2020-02-26 21:00:00,0.7492643376005135
2020-03-04 21:00:00,1.2250727321569037
2020-03-11 21:00:00,0.5960778686589852
2020-03-18 21:00:00,0.920511484990469
2020-03-25 21:00:00,1.709028042466377
2018-01-03 22:00:00,1.5811392776528834
2018-01-10 22:00:00,1.3027413191050556
2018-01-17 22:00:00,0.9927748776736652
2018-01-24 22:00:00,0.7966177852792284
2018-01-31 22:00:00,0.5030051850088014
2018-02-14 22:00:00,1.531994212056838
2018-02-21 22:00:00,1.0549484905989155
2018-02-28 22:00:00,1.1357863639039039
2018-03-07 22:00:00,1.249777563422282
2018-03-14 22:00:00,1.3828921416840956
2018-03-21 22:00:00,1.554148219694855
2018-03-28 22:00:00,0.750431820297353
2018-04-04 22:00:00,1.3505319330991254
2018-04-11 22:00:00,0.9731506552053992
2018-04-18 22:00:00,0.49145639854604334
2018-04-25 22:00:00,1.4714587700335684
2018-05-02 22:00:00,1.144940547623206
2018-05-09 22:00:00,1.202707985456835
2018-05-16 22:00:00,0.9416604435283973
2018-05-23 22:00:00,0.763064655404566
2018-05-30 22:00:00,1.348553384541188
2018-06-06 22:00:00,0.6096244256635731
2018-06-13 22:00:00,0.9202669551084449
2018-06-20 22:00:00,0.3892478932209916
2018-06-27 22:00:00,0.608239173769948
2018-07-04 22:00:00,0.8985981290483176
2018-07-11 22:00:00,0.7120523690057888
2018-07-18 22:00:00,1.1680571119409902
2018-07-25 22:00:00,0.6808764992375718
2018-08-01 22:00:00,1.2259687688535643
2018-08-08 22:00:00,1.4676370349963586
2018-08-15 22:00:00,0.7063998548317474
2018-08-22 22:00:00,0.8949992122883497
2018-08-29 22:00:00,1.5719254076797011
2018-09-05 22:00:00,0.6443808749615877
2018-09-12 22:00:00,0.6375954745967881
2018-09-19 22:00:00,1.9368879320677599
2018-09-26 22:00:00,1.3162970514033416
2018-10-03 22:00:00,0.7945020497660163
2018-10-10 22:00:00,0.8043955906391491
2018-10-17 22:00:00,0.5722397156269671
2018-10-24 22:00:00,1.596375052519376
2018-10-31 22:00:00,2.954885045240408
2018-11-07 22:00:00,1.851195777005645
2018-11-14 22:00:00,1.411883991842609
2018-11-21 22:00:00,0.7341867043227904
2018-11-28 22:00:00,1.3181241838655424
2018-12-05 22:00:00,1.2381539165090603
2018-12-12 22:00:00,0.5327138798173007
2018-12-19 22:00:00,0.4267610257499086
2018-12-26 22:00:00,0.897821170416782
2019-01-02 22:00:00,0.5715444965364057
2019-01-09 22:00:00,1.701884579071708
2019-01-16 22:00:00,0.7023921250549958
2019-01-23 22:00:00,1.5846352387862126
2019-01-30 22:00:00,1.993657380473798
2019-02-06 22:00:00,0.2873393430189251
2019-02-13 22:00:00,2.481694690989666
2019-02-20 22:00:00,1.3671129204408707
2019-02-27 22:00:00,1.119264242104637
2019-03-06 22:00:00,0.9473982312379878
2019-03-13 22:00:00,1.3006150666868739
2019-03-20 22:00:00,1.2795936062942455
2019-03-27 22:00:00,1.5557614869411647
2019-04-03 22:00:00,1.0364977661964547
2019-04-10 22:00:00,1.5792907533114262
2019-04-17 22:00:00,1.6490702204029306
2019-04-24 22:00:00,0.5746497231549628
2019-05-01 22:00:00,0.8463949286567889
2019-05-08 22:00:00,1.237578847387969
2019-05-15 22:00:00,1.4345882364798852
2019-05-22 22:00:00,0.4120254764925703
2019-05-29 22:00:00,1.2085710853462617
2019-06-12 22:00:00,0.95930099352792
2019-06-19 22:00:00,1.0984526816278493
2019-06-26 22:00:00,1.3442619583675677
2019-07-03 22:00:00,1.6114559542180147
2019-07-10 22:00:00,0.7590175274387979
2019-07-17 22:00:00,0.6244630664891061
2019-07-24 22:00:00,0.878291395567866
2019-07-31 22:00:00,1.3564938437898675
2019-08-07 22:00:00,1.1464881785642418
2019-08-14 22:00:00,0.9267267233241616
2019-08-21 22:00:00,1.0816448469112214
2019-08-28 22:00:00,1.316683382028369
2019-09-04 22:00:00,0.8178519419488252
2019-09-11 22:00:00,1.7444604890353292
2019-09-18 22:00:00,0.8912333020401119
2019-09-25 22:00:00,0.8964857066818227
2019-10-02 22:00:00,0.6103725563945205
2019-10-09 22:00:00,1.6078388139187567
2019-10-16 22:00:00,0.7578559417591492
2019-10-23 22:00:00,1.0019088363764692
2019-10-30 22:00:00,0.43571305141459815
2019-11-06 22:00:00,1.161226206742321
2019-11-13 22:00:00,2.1208451221868736
2019-11-20 22:00:00,0.8571956409834677
2019-11-27 22:00:00,1.1671161293316423
2019-12-04 22:00:00,0.6627029331121834
2019-12-11 22:00:00,0.8037054393200276
2019-12-18 22:00:00,0.8773865628456473
2019-12-25 22:00:00,0.5924896882356167
2020-01-01 22:00:00,1.2494793404173792
2020-01-08 22:00:00,1.2613808365801438
2020-01-15 22:00:00,0.7168372537894832
2020-01-22 22:00:00,0.8959853404205427
2020-01-29 22:00:00,2.079292811661032
2020-02-05 22:00:00,0.8790029083402253
2020-02-12 22:00:00,1.8064070018642233
2020-02-19 22:00:00,0.8018326099019458
2020-02-26 22:00:00,0.4026268844870779
2020-03-04 22:00:00,0.7296105556065395
2020-03-11 22:00:00,1.8184383255439143
2020-03-18 22:00:00,1.228421325130134
2020-03-25 22:00:00,0.4404517815294733
2018-01-03 23:00:00,1.720691625508586
2018-01-10 23:00:00,2.5524101925940674
2018-01-17 23:00:00,2.5522321638358227
2018-01-31 23:00:00,1.5415143916775436
2018-02-14 23:00:00,1.9298743298279213
2018-02-21 23:00:00,2.8817619271937747
2018-02-28 23:00:00,1.5884505381368796
2018-03-07 23:00:00,1.5484631965942415
2018-03-14 23:00:00,1.7837535402458187
2018-03-21 23:00:00,1.615535156947016
2018-03-28 23:00:00,1.6148040746825005
2018-04-04 23:00:00,1.7676414660610589
2018-04-11 23:00:00,1.8781566222476092
2018-04-18 23:00:00,0.9396270879446607
2018-04-25 23:00:00,1.7157761101611195
2018-05-02 23:00:00,1.9190183843474016
2018-05-09 23:00:00,1.8581929675202977
2018-05-16 23:00:00,0.6712925562316413
2018-05-23 23:00:00,1.18546327096594
2018-05-30 23:00:00,0.334382788611841
2018-06-06 23:00:00,1.2295063957185288
2018-06-13 23:00:00,0.6701918530014394
2018-06-20 23:00:00,0.8713157209306851
2018-06-27 23:00:00,1.1261166257072452
2018-07-04 23:00:00,1.4174776774792417
2018-07-11 23:00:00,0.341090876899098
2018-07-18 23:00:00,0.9661650118686896
2018-07-25 23:00:00,0.43065351602561
2018-08-01 23:00:00,0.8694725121451566
2018-08-08 23:00:00,1.6953740024274349
2018-08-15 23:00:00,1.6149665201912602
2018-08-22 23:00:00,1.1892036010182119
2018-08-29 23:00:00,1.0323434598668804
2018-09-05 23:00:00,1.7441003620548852
2018-09-12 23:00:00,2.0983038729254755
2018-09-19 23:00:00,1.4972911847401509
2018-09-26 23:00:00,1.4699088252676284
2018-10-03 23:00:00,0.8430930543513665
2018-10-10 23:00:00,1.438282381529557
2018-10-17 23:00:00,0.6569083963428953
2018-10-24 23:00:00,1.2119903737323579
2018-10-31 23:00:00,1.6044914950644953
2018-11-07 23:00:00,1.3687460847016368
2018-11-14 23:00:00,1.0673780903226342
2018-11-21 23:00:00,3.1608896305929317
2018-11-28 23:00:00,1.9716644933314855
2018-12-05 23:00:00,0.7816159965084931
2018-12-12 23:00:00,1.0281949903059435
2018-12-19 23:00:00,1.3264433554489443
2018-12-26 23:00:00,2.0409865356655565
2019-01-02 23:00:00,0.5738624929392482
2019-01-09 23:00:00,1.2004335107529303
2019-01-16 23:00:00,3.3186100003462777
2019-01-23 23:00:00,0.9403759974662493
2019-01-30 23:00:00,1.667099186834083
2019-02-06 23:00:00,3.8532867085197147
2019-02-13 23:00:00,0.8740212183690506
2019-02-20 23:00:00,1.967995624892324
2019-02-27 23:00:00,1.3987710920529601
2019-03-06 23:00:00,2.0325416414297663
2019-03-13 23:00:00,1.3227940563184541
2019-03-20 23:00:00,0.9375680459379566
2019-03-27 23:00:00,2.491382336841574
2019-04-03 23:00:00,0.959250721499978
2019-04-10 23:00:00,1.4724804491526648
2019-04-17 23:00:00,2.3736270318830117
2019-04-24 23:00:00,0.5480976115550993
2019-05-01 23:00:00,0.9820234139255651
2019-05-08 23:00:00,0.7996308548892168
2019-05-15 23:00:00,1.4510843862694052
2019-05-29 23:00:00,0.7635065924642962
2019-06-12 23:00:00,0.8097469568339875
2019-06-19 23:00:00,1.3302025455585669
2019-06-26 23:00:00,0.7822537713353432
2019-07-03 23:00:00,1.2634686514734919
2019-07-10 23:00:00,1.7629003344176004
2019-07-17 23:00:00,1.047103786997219
2019-07-24 23:00:00,1.2665085086850603
2019-07-31 23:00:00,1.1989167492000297
2019-08-07 23:00:00,0.7257564555800808
2019-08-14 23:00:00,1.345148663316771
2019-08-21 23:00:00,1.3548253680843374
2019-08-28 23:00:00,0.6114525288925845
2019-09-04 23:00:00,1.2849322324852537
2019-09-11 23:00:00,2.549315608161426
2019-09-18 23:00:00,0.7136021038582692
2019-09-25 23:00:00,1.6800929477564233
2019-10-02 23:00:00,0.8993270852376907
2019-10-09 23:00:00,1.497457967576561
2019-10-16 23:00:00,1.2807262089378022
2019-10-23 23:00:00,1.4395136940535178
2019-10-30 23:00:00,1.2505267440958918
2019-11-06 23:00:00,1.8629157570517125
2019-11-13 23:00:00,1.9380081145663353
2019-11-20 23:00:00,0.944861299165035
2019-11-27 23:00:00,1.477227298263646
2019-12-04 23:00:00,2.2006106867340387
2019-12-11 23:00:00,1.327045130490366
2019-12-18 23:00:00,0.6886891751203715
2019-12-25 23:00:00,0.7437031982671519
2020-01-01 23:00:00,0.9575134627672534
2020-01-08 23:00:00,1.8807920632851463
2020-01-15 23:00:00,1.4696171680030388
2020-01-22 23:00:00,2.272034823391203
2020-01-29 23:00:00,0.7982881594569224
2020-02-05 23:00:00,1.5227026921768072
2020-02-12 23:00:00,0.8436928794187523
2020-02-19 23:00:00,1.9292379372414021
2020-02-26 23:00:00,1.3286141839427066
2020-03-04 23:00:00,1.5740404333584421
2020-03-11 23:00:00,0.8407293570955434
2020-03-18 23:00:00,1.8770103095309845
2020-03-25 23:00:00,4.1484931556506845
2018-01-04 00:00:00,1.1538434935693525
2018-01-11 00:00:00,0.6278959321857726
2018-01-18 00:00:00,1.42534230986919
2018-02-01 00:00:00,1.1011188026413994
2018-02-15 00:00:00,1.2748180392701411
2018-02-22 00:00:00,1.9047785376534545
2018-03-01 00:00:00,8.158285252630598
2018-03-08 00:00:00,2.8148590065266568
2018-03-15 00:00:00,0.9901324895670159
2018-03-22 00:00:00,0.34806423523759644
2018-03-29 00:00:00,1.3980120809677445
2018-04-05 00:00:00,1.343613657458638
2018-04-12 00:00:00,2.209820399454895
2018-04-19 00:00:00,1.0157648543659479
2018-04-26 00:00:00,1.365852787059381
2018-05-03 00:00:00,3.134963665378321
2018-05-10 00:00:00,1.3464513397641713
2018-05-17 00:00:00,1.7299640483277992
2018-05-24 00:00:00,0.8940471582199305
2018-05-31 00:00:00,1.0763495501400586
2018-06-07 00:00:00,1.4291283246166426
2018-06-14 00:00:00,0.49979423885451824
2018-06-21 00:00:00,0.7595122463471972
2018-06-28 00:00:00,1.9251302068283507
2018-07-05 00:00:00,2.2736399638139266
2018-07-12 00:00:00,2.033686807515803
2018-07-19 00:00:00,2.2210892500516906
2018-07-26 00:00:00,2.38612662801884
2018-08-02 00:00:00,1.5384612327134854
2018-08-09 00:00:00,1.2389809747122695
2018-08-16 00:00:00,1.2217132123580374
2018-08-23 00:00:00,1.2918834845007978
2018-08-30 00:00:00,2.0281800693087737
2018-09-06 00:00:00,1.0608070557498523
2018-09-13 00:00:00,2.1100009898350356
2018-09-20 00:00:00,0.8685568855818001
2018-09-27 00:00:00,1.117050618577666
2018-10-04 00:00:00,2.0513102980384645
2018-10-11 00:00:00,1.365865144854164
2018-10-18 00:00:00,1.1392024480414538
2018-10-25 00:00:00,0.948842228415058
2018-11-01 00:00:00,2.872730061485901
2018-11-08 00:00:00,2.4075940577378474
2018-11-15 00:00:00,2.1828436111651994
2018-11-22 00:00:00,1.268411956996421
2018-11-29 00:00:00,0.6628283058958956
2018-12-06 00:00:00,2.562766639549561
2018-12-13 00:00:00,2.1032327348453497
2018-12-20 00:00:00,0.710974378915197
2018-12-27 00:00:00,1.4057277938676718
2019-01-03 00:00:00,1.7243880617579352
2019-01-10 00:00:00,1.1618975111909795
2019-01-17 00:00:00,2.3944067432832083
2019-01-24 00:00:00,0.9658300915713489
2019-01-31 00:00:00,0.7193159665464082
2019-02-07 00:00:00,0.7077471812452975
2019-02-14 00:00:00,0.8262059298531201
2019-02-21 00:00:00,1.3975268522710311
2019-02-28 00:00:00,2.4690753776401677
2019-03-07 00:00:00,1.382017858904601
2019-03-14 00:00:00,0.7519792443817839
2019-03-21 00:00:00,1.876344575497729
2019-03-28 00:00:00,2.1933926941883253
2019-04-04 00:00:00,1.3638599052447762
2019-04-11 00:00:00,2.1278951820649787
2019-04-18 00:00:00,2.204431177908273
2019-04-25 00:00:00,1.2307688343407412
2019-05-02 00:00:00,1.391265859226248
2019-05-09 00:00:00,0.686076139595568
2019-05-16 00:00:00,0.5548174259422596
2019-05-23 00:00:00,1.4292460758112309
2019-05-30 00:00:00,0.3768042775502814
2019-06-13 00:00:00,0.5756741852178547
2019-06-20 00:00:00,0.919885563026505
2019-06-27 00:00:00,0.8762857605415217
2019-07-04 00:00:00,0.919125915916944
2019-07-11 00:00:00,0.8082208558778482
2019-07-18 00:00:00,0.9326887086320957
2019-07-25 00:00:00,0.2677381014354752
2019-08-01 00:00:00,1.0885690686323521
2019-08-08 00:00:00,1.3477290317942376
2019-08-15 00:00:00,0.6569037512198018
2019-08-22 00:00:00,0.9451636705394449
2019-08-29 00:00:00,1.539749177137271
2019-09-05 00:00:00,1.1589429958528665
2019-09-12 00:00:00,0.5976681085356039
2019-09-19 00:00:00,0.9161011365166386
2019-09-26 00:00:00,2.3248909876808015
2019-10-03 00:00:00,1.9113523048780559
2019-10-10 00:00:00,1.359733196547298
2019-10-17 00:00:00,1.4210158141611677
2019-10-24 00:00:00,1.4342388976160112
2019-10-31 00:00:00,1.0968740024407375
2019-11-07 00:00:00,1.1279193313198046
2019-11-14 00:00:00,0.683036526027651
2019-11-21 00:00:00,2.2793618365299366
2019-11-28 00:00:00,0.7306866778355358
2019-12-05 00:00:00,1.1549432258392536
2019-12-12 00:00:00,1.1675384211331852
2019-12-19 00:00:00,0.4984745906541936
2019-12-26 00:00:00,0.3456073499660979
2020-01-02 00:00:00,1.2059830403260818
2020-01-09 00:00:00,1.4166801817310535
2020-01-16 00:00:00,2.5186206237908917
2020-01-23 00:00:00,0.8609843854143439
2020-01-30 00:00:00,0.6923811797858689
2020-02-06 00:00:00,1.2837035723780004
2020-02-13 00:00:00,1.5617369709645208
2020-02-20 00:00:00,2.582167502839786
2020-02-27 00:00:00,1.1725889480852416
2020-03-05 00:00:00,1.2567541763505674
2020-03-12 00:00:00,1.3108954955372845
2020-03-19 00:00:00,0.5892524266890333
2020-03-26 00:00:00,2.1049806472603
2018-01-04 01:00:00,0.8817764820296865
2018-01-11 01:00:00,0.6266711846134091
2018-01-18 01:00:00,1.1983313425505409
2018-01-25 01:00:00,1.0018567835429737
2018-02-01 01:00:00,1.6464575153112804
2018-02-15 01:00:00,1.3446560285322393
2018-02-22 01:00:00,0.9173794525471555
2018-03-01 01:00:00,0.8352837744962803
2018-03-08 01:00:00,1.2976525689621619
2018-03-15 01:00:00,1.1045134522633566
2018-03-22 01:00:00,0.3199759563991588
2018-03-29 01:00:00,1.2693079614927156
2018-04-05 01:00:00,1.1586072244952388
2018-04-12 01:00:00,1.4689352445528534
2018-04-19 01:00:00,0.9831285216177414
2018-04-26 01:00:00,0.5959315599126014
2018-05-03 01:00:00,0.8305816823988822
2018-05-10 01:00:00,1.4104696535463803
2018-05-17 01:00:00,0.8125003586210988
2018-05-24 01:00:00,2.1387588868363614
2018-05-31 01:00:00,0.6975449095653655
2018-06-07 01:00:00,1.7639435394533218
2018-06-14 01:00:00,0.9016907020269713
2018-06-21 01:00:00,0.8497412901482767
2018-06-28 01:00:00,1.7502167968231368
2018-07-05 01:00:00,0.46237772306755826
2018-07-12 01:00:00,1.9390364094232224
2018-07-19 01:00:00,2.2791568888130715
2018-07-26 01:00:00,0.8390032027646711
2018-08-02 01:00:00,1.701655656606669
2018-08-09 01:00:00,1.2106273209279186
2018-08-16 01:00:00,1.3846115830311148
2018-08-23 01:00:00,1.252087440068415
2018-08-30 01:00:00,1.7211134030378747
2018-09-06 01:00:00,1.7740899231711402
2018-09-13 01:00:00,1.6736614641831582
2018-09-20 01:00:00,1.0533701218022662
2018-09-27 01:00:00,1.1263932754060453
2018-10-04 01:00:00,1.8237846866029905
2018-10-11 01:00:00,0.736071854233668
2018-10-18 01:00:00,2.752281387663973
2018-10-25 01:00:00,0.8532182328382514
2018-11-01 01:00:00,0.9167870848027088
2018-11-08 01:00:00,1.748774539238405
2018-11-15 01:00:00,1.0745829166906777
2018-11-22 01:00:00,0.6210293793852417
2018-11-29 01:00:00,2.262478038064972
2018-12-06 01:00:00,1.092488317463406
2018-12-13 01:00:00,3.0097842393807506
2018-12-20 01:00:00,0.9994786081297727
2018-12-27 01:00:00,0.6574194012386025
2019-01-03 01:00:00,0.9626107340632423
2019-01-10 01:00:00,0.6378684350480551
2019-01-17 01:00:00,3.244572428866654
2019-01-24 01:00:00,2.3807586458519525
2019-01-31 01:00:00,1.8029208992599193
2019-02-14 01:00:00,2.4629163745143714
2019-02-21 01:00:00,1.2271867729739558
2019-02-28 01:00:00,0.8293532434851615
2019-03-07 01:00:00,1.549433093371695
2019-03-14 01:00:00,1.6220387933325473
2019-03-28 01:00:00,2.796184016976971
2019-04-04 01:00:00,1.4900909059344931
2019-04-11 01:00:00,1.2657452109054896
2019-04-18 01:00:00,1.7967387600301097
2019-04-25 01:00:00,1.5140931318725415
2019-05-02 01:00:00,1.118401718038493
2019-05-09 01:00:00,0.5440423805398908
2019-05-16 01:00:00,0.8258868459033225
2019-05-23 01:00:00,1.0622104277122228
2019-05-30 01:00:00,0.7339762662533759
2019-06-13 01:00:00,0.908280099392079
2019-06-20 01:00:00,1.1165891980486593
2019-06-27 01:00:00,0.9232866085550528
2019-07-04 01:00:00,0.6149850600564633
2019-07-11 01:00:00,1.4092155280103627
2019-07-18 01:00:00,1.3883731935834345
2019-07-25 01:00:00,1.2427019041247094
2019-08-01 01:00:00,1.5512104641533646
2019-08-08 01:00:00,0.7389649855688949
2019-08-15 01:00:00,1.4410293286074984
2019-08-22 01:00:00,1.3281515681325495
2019-08-29 01:00:00,0.8824798072270356
2019-09-05 01:00:00,2.4132512030953963
2019-09-12 01:00:00,0.7992594057686899
2019-09-19 01:00:00,1.3449556146584651
2019-09-26 01:00:00,1.7630096108737725
2019-10-03 01:00:00,1.2616554601213144
2019-10-10 01:00:00,1.6463096150649916
2019-10-17 01:00:00,0.390389809450076
2019-10-24 01:00:00,1.2525966693833064
2019-10-31 01:00:00,0.9118997747070126
2019-11-07 01:00:00,1.655634109107784
2019-11-14 01:00:00,1.9776106657798254
2019-11-21 01:00:00,1.4763235416020801
2019-11-28 01:00:00,0.8830108962053345
2019-12-05 01:00:00,0.8623853740559029
2019-12-12 01:00:00,0.7560804971185351
2019-12-19 01:00:00,1.2955611122594237
2019-12-26 01:00:00,0.8780880778945038
2020-01-02 01:00:00,0.7402594441334078
2020-01-09 01:00:00,1.069319706118876
2020-01-16 01:00:00,2.2406624391080565
2020-01-23 01:00:00,2.4670690463390534
2020-01-30 01:00:00,1.9495600687455716
2020-02-06 01:00:00,1.4829760052363823
2020-02-13 01:00:00,0.8641770775017168
2020-02-20 01:00:00,1.471454197848165
2020-02-27 01:00:00,0.9353247490423454
2020-03-05 01:00:00,1.6466509962510545
2020-03-12 01:00:00,1.9736711291004445
2020-03-19 01:00:00,1.472358723799514
2020-03-26 01:00:00,0.7978412035114999
2018-01-04 02:00:00,1.055258236359498
2018-01-11 02:00:00,1.2032871610253557
2018-01-18 02:00:00,1.4257131992510288
2018-01-25 02:00:00,2.0999256189021707
2018-02-01 02:00:00,1.3925468448286937
2018-02-15 02:00:00,4.2013152268709275
2018-02-22 02:00:00,1.288150582975948
2018-03-01 02:00:00,1.2658948692030214
2018-03-08 02:00:00,2.1575095775563313
2018-03-15 02:00:00,1.2118012848942774
2018-03-22 02:00:00,2.1571179769850333
2018-03-29 02:00:00,0.8537207435839745
2018-04-05 02:00:00,2.545781336854463
2018-04-12 02:00:00,1.5032248078638277
2018-04-19 02:00:00,1.197529079459082
2018-04-26 02:00:00,1.597347607379575
2018-05-03 02:00:00,1.853309723050314
2018-05-10 02:00:00,0.472299384201516
2018-05-17 02:00:00,2.2234682072307206
2018-05-24 02:00:00,0.9171494938425064
2018-05-31 02:00:00,2.0028684699217134
2018-06-07 02:00:00,1.6011651710480108
2018-06-14 02:00:00,0.6158662709850701
2018-06-21 02:00:00,0.908031061860303
2018-06-28 02:00:00,2.228280307406649
2018-07-05 02:00:00,2.3273730582885133
2018-07-12 02:00:00,1.634857707702368
2018-07-19 02:00:00,2.2779708180506906
2018-07-26 02:00:00,0.6748789475949959
2018-08-02 02:00:00,0.9598471781071658
2018-08-09 02:00:00,2.2515173934394683
2018-08-16 02:00:00,1.3384609352705599
2018-08-23 02:00:00,0.7176973429507826
2018-08-30 02:00:00,1.83695312577726
2018-09-06 02:00:00,1.6363491524604024
2018-09-13 02:00:00,2.4650301157948307
2018-09-20 02:00:00,1.1916017837740025
2018-09-27 02:00:00,1.1649770408814428
2018-10-04 02:00:00,1.946205032033205
2018-10-11 02:00:00,1.4176711461913098
2018-10-18 02:00:00,2.0105009325393466
2018-10-25 02:00:00,0.857887026133708
2018-11-01 02:00:00,1.194109412073152
2018-11-08 02:00:00,2.7561493005547666
2018-11-15 02:00:00,1.6555180657976383
2018-11-22 02:00:00,1.510631881772231
2018-11-29 02:00:00,1.4419908476474752
2018-12-06 02:00:00,1.24912226381533
2018-12-13 02:00:00,1.417241052959844
2018-12-20 02:00:00,2.3367321999648323
2018-12-27 02:00:00,0.8413761159717627
2019-01-03 02:00:00,1.7317779691210635
2019-01-10 02:00:00,1.2080763125193634
2019-01-17 02:00:00,2.1811582499877127
2019-01-24 02:00:00,1.7842889507602273
2019-01-31 02:00:00,1.3058713302497726
2019-02-14 02:00:00,1.9186559984652176
2019-02-21 02:00:00,1.3279262314760376
2019-02-28 02:00:00,3.589783744166758
2019-03-07 02:00:00,2.3203618183514014
2019-03-14 02:00:00,1.5529299694500434
2019-03-28 02:00:00,4.035106201590656
2019-04-04 02:00:00,0.7393944977419575
2019-04-11 02:00:00,2.0579127778342063
2019-04-18 02:00:00,1.211164653084002
2019-04-25 02:00:00,0.9148669212930393
2019-05-02 02:00:00,1.3304560780887633
2019-05-09 02:00:00,0.9289106024968841
2019-05-16 02:00:00,1.0861067723879771
2019-05-23 02:00:00,0.8939884768067173
2019-05-30 02:00:00,1.1722308518475753
2019-06-13 02:00:00,1.585571815642484
2019-06-20 02:00:00,2.0603937759560655
2019-06-27 02:00:00,2.5615601402708807
2019-07-04 02:00:00,1.3155490993071948
2019-07-11 02:00:00,0.3903339169886064
2019-07-18 02:00:00,2.5855247456757184
2019-07-25 02:00:00,0.9177128278644267
2019-08-01 02:00:00,1.625326570382463
2019-08-08 02:00:00,0.578723487106559
2019-08-15 02:00:00,1.3692150600023607
2019-08-22 02:00:00,1.6829639463035546
2019-08-29 02:00:00,1.1444436851176656
2019-09-05 02:00:00,1.0161704186811136
2019-09-12 02:00:00,2.747792825713003
2019-09-19 02:00:00,2.1034140798020857
2019-09-26 02:00:00,1.376062076539102
2019-10-03 02:00:00,1.0526697754724046
2019-10-10 02:00:00,0.7699902316981176
2019-10-17 02:00:00,1.7344622678512243
2019-10-24 02:00:00,0.9385304578341297
2019-10-31 02:00:00,1.3317682908909156
2019-11-07 02:00:00,1.7443874556771306
2019-11-14 02:00:00,1.1660135534482716
2019-11-21 02:00:00,1.8775217399248851
2019-11-28 02:00:00,1.7886207377889503
2019-12-05 02:00:00,1.8855632963218643
2019-12-12 02:00:00,1.0961584507334003
2019-12-19 02:00:00,2.298166706997017
2019-12-26 02:00:00,0.9646453995316299
2020-01-09 02:00:00,1.1887292065637312
2020-01-16 02:00:00,2.0806938560079264
2020-01-23 02:00:00,2.2083130703344303
2020-01-30 02:00:00,1.0469877643513883
2020-02-06 02:00:00,2.0462310738175478
2020-02-13 02:00:00,1.7827869796171887
2020-02-20 02:00:00,3.0464954705380616
2020-02-27 02:00:00,1.9342028637373831
2020-03-05 02:00:00,1.9489903028852906
2020-03-12 02:00:00,1.7248393027270768
2020-03-19 02:00:00,2.4617668092277323
2018-01-04 03:00:00,1.9269083248464287
2018-01-11 03:00:00,1.6121731515579025
2018-01-25 03:00:00,1.0811396745089747
2018-02-01 03:00:00,0.7977210750515787
2018-02-15 03:00:00,0.9772273572969634
2018-02-22 03:00:00,1.4603489652582242
2018-03-01 03:00:00,1.1066826743658624
2018-03-08 03:00:00,1.0516797432697096
2018-03-15 03:00:00,1.446351709359138
2018-03-22 03:00:00,1.4471103205290292
2018-03-29 03:00:00,1.8383275035796287
2018-04-05 03:00:00,2.1726628234343095
2018-04-12 03:00:00,1.4318077824055409
2018-04-19 03:00:00,1.2292158639825097
2018-04-26 03:00:00,1.3321684285001134
2018-05-03 03:00:00,0.8684605507804773
2018-05-10 03:00:00,0.6876619178816714
2018-05-17 03:00:00,1.7738187759252928
2018-05-24 03:00:00,0.577237173710022
2018-05-31 03:00:00,2.004397861754477
2018-06-07 03:00:00,1.7923301042444677
2018-06-14 03:00:00,0.9829882043991249
2018-06-21 03:00:00,0.6319434330760517
2018-06-28 03:00:00,0.8870987856229587
2018-07-05 03:00:00,0.6824123440401315
2018-07-12 03:00:00,1.5068225520900043
2018-07-19 03:00:00,1.0828545774646205
2018-07-26 03:00:00,1.5313136375926824
2018-08-02 03:00:00,2.1759454503114046
2018-08-09 03:00:00,1.8062003127136153
2018-08-16 03:00:00,1.1706632041203486
2018-08-23 03:00:00,1.0749499648409222
2018-08-30 03:00:00,1.9297244801037325
2018-09-13 03:00:00,2.421834238371089
2018-09-20 03:00:00,2.4471137682298827
2018-10-04 03:00:00,1.7955619290765255
2018-10-11 03:00:00,1.060247873733296
2018-10-18 03:00:00,2.3383036550543554
2018-10-25 03:00:00,0.894115673325578
2018-11-01 03:00:00,1.6626758395824794
2018-11-08 03:00:00,1.7635678444904073
2018-11-15 03:00:00,1.9167956710612717
2018-11-22 03:00:00,1.1175508568503423
2018-11-29 03:00:00,1.7738083034843393
2018-12-06 03:00:00,1.1659029094626474
2018-12-13 03:00:00,0.9253552476796076
2018-12-20 03:00:00,1.2835876463595945
2018-12-27 03:00:00,0.3808901200187813
2019-01-03 03:00:00,0.846535122548041
2019-01-10 03:00:00,0.8925444845172051
2019-01-17 03:00:00,1.677042534538893
2019-01-24 03:00:00,1.770127353997366
2019-02-07 03:00:00,0.7769401575772859
2019-02-14 03:00:00,1.14061513402516
2019-02-21 03:00:00,2.3303099499773805
2019-02-28 03:00:00,1.833093551820803
2019-03-07 03:00:00,3.122401992535074
2019-03-14 03:00:00,1.351290099159403
2019-03-21 03:00:00,1.752525725139174
2019-03-28 03:00:00,0.7869186708117937
2019-04-04 03:00:00,1.180272604547103
2019-04-11 03:00:00,0.4879482072106699
2019-04-18 03:00:00,1.0105357633711052
2019-04-25 03:00:00,1.604797130841384
2019-05-02 03:00:00,1.559403955474501
2019-05-09 03:00:00,1.4986239423341832
2019-05-23 03:00:00,1.040852069007679
2019-05-30 03:00:00,1.3997914775600404
2019-06-13 03:00:00,1.3965389486650812
2019-06-20 03:00:00,1.3764884440405567
2019-06-27 03:00:00,1.0013086907034545
2019-07-04 03:00:00,1.9449340850989543
2019-07-11 03:00:00,1.052560713632262
2019-07-18 03:00:00,0.47473181585655394
2019-07-25 03:00:00,0.3672117324309018
2019-08-01 03:00:00,1.224115640306297
2019-08-08 03:00:00,0.9736781217951805
2019-08-15 03:00:00,2.67697931991423
2019-08-22 03:00:00,0.9739638771893725
2019-08-29 03:00:00,1.1596793512575476
2019-09-05 03:00:00,2.1969663302360916
2019-09-12 03:00:00,1.644041145909093
2019-09-19 03:00:00,1.3362639004689536
2019-09-26 03:00:00,1.4490650634721831
2019-10-03 03:00:00,1.6485883872790232
2019-10-10 03:00:00,0.9294606535662896
2019-10-17 03:00:00,0.7281159914594888
2019-10-24 03:00:00,0.6245876042797988
2019-10-31 03:00:00,1.0305241431316055
2019-11-07 03:00:00,0.6312144329383437
2019-11-14 03:00:00,1.64622346207874
2019-11-21 03:00:00,0.368893261375029
2019-11-28 03:00:00,1.4752301594140187
2019-12-12 03:00:00,0.5789972302354587
2019-12-19 03:00:00,1.4053124968218043
2019-12-26 03:00:00,0.8927970617244851
2020-01-02 03:00:00,0.9397312308421184
2020-01-09 03:00:00,2.071535445358661
2020-01-16 03:00:00,1.5786597362352184
2020-01-23 03:00:00,0.6248182338645302
2020-01-30 03:00:00,1.7335550776101714
2020-02-06 03:00:00,1.5932171158461446
2020-02-13 03:00:00,1.6738460389776106
2020-02-20 03:00:00,2.190827615577234
2020-02-27 03:00:00,1.3997186388871232
2020-03-05 03:00:00,1.4456562198845784
2020-03-12 03:00:00,1.662320593774431
2020-03-19 03:00:00,1.8208433631896437
2018-01-04 04:00:00,1.8228729076178913
2018-01-11 04:00:00,1.0554002773040871
2018-01-18 04:00:00,0.9567842286507442
2018-01-25 04:00:00,0.584026205820056
2018-02-01 04:00:00,0.5511043753171141
2018-02-15 04:00:00,0.5529436605992541
2018-02-22 04:00:00,1.3072971385969943
2018-03-01 04:00:00,0.6109707999064835
2018-03-08 04:00:00,1.35521924914968
2018-03-15 04:00:00,1.8806405429520734
2018-03-22 04:00:00,0.7240680197819185
2018-03-29 04:00:00,0.75179570990152
2018-04-05 04:00:00,0.5865428232839208
2018-04-12 04:00:00,0.3741929790397737
2018-04-19 04:00:00,0.7880457723662052
2018-04-26 04:00:00,0.5839234356900667
2018-05-03 04:00:00,0.6413625700716424
2018-05-10 04:00:00,0.45120974659150176
2018-05-17 04:00:00,1.0396343791608886
2018-05-24 04:00:00,0.7865868875484092
2018-05-31 04:00:00,1.6285333211255049
2018-06-07 04:00:00,1.0265669181449977
2018-06-14 04:00:00,0.5896884443438317
2018-06-21 04:00:00,1.0447777793782587
2018-06-28 04:00:00,0.4100855662435125
2018-07-05 04:00:00,0.7111251549945619
2018-07-12 04:00:00,0.5989461101096307
2018-07-19 04:00:00,1.3686373043005011
2018-07-26 04:00:00,0.8661724270206391
2018-08-02 04:00:00,1.2641837062559942
2018-08-09 04:00:00,0.6906982405387361
2018-08-16 04:00:00,0.5728984767788363
2018-08-23 04:00:00,0.7687007953242351
2018-08-30 04:00:00,0.817573537087617
2018-09-06 04:00:00,0.40180597761205056
2018-09-13 04:00:00,1.4304173118309396
2018-09-20 04:00:00,0.30892941298041626
2018-09-27 04:00:00,0.9573854765084302
2018-10-04 04:00:00,1.5913385909167643
2018-10-11 04:00:00,0.76408461457497
2018-10-18 04:00:00,1.4907355040061505
2018-10-25 04:00:00,1.1812818018071234
2018-11-01 04:00:00,0.37727802918523706
2018-11-08 04:00:00,0.5113209257952408
2018-11-15 04:00:00,0.9412395592025649
2018-11-22 04:00:00,0.5476408955695793
2018-11-29 04:00:00,1.156430560151461
2018-12-06 04:00:00,1.6103883680474043
2018-12-13 04:00:00,0.708737180643141
2018-12-20 04:00:00,1.0532919925750341
2018-12-27 04:00:00,1.0289315937968637
2019-01-03 04:00:00,0.6850084863046152
2019-01-10 04:00:00,1.4216452423424755
2019-01-17 04:00:00,1.1758238414842155
2019-01-24 04:00:00,1.4468052970364935
2019-01-31 04:00:00,0.582997038520389
2019-02-07 04:00:00,0.951173450095382
2019-02-14 04:00:00,0.6030150887096187
2019-02-21 04:00:00,1.0804677821398427
2019-02-28 04:00:00,0.21696737152120493
2019-03-07 04:00:00,0.5586338882984175
2019-03-21 04:00:00,0.6187242334606389
2019-03-28 04:00:00,0.8813659671257849
2019-04-04 04:00:00,0.5269495743260613
2019-04-11 04:00:00,1.095262808250163
2019-04-25 04:00:00,0.596664440621943
2019-05-02 04:00:00,0.5594673181344856
2019-05-09 04:00:00,0.39072989983065276
2019-05-16 04:00:00,0.24860275562504933
2019-05-23 04:00:00,0.5652786465364341
2019-05-30 04:00:00,1.0718584458090639
2019-06-13 04:00:00,1.066516523773764
2019-06-20 04:00:00,0.45717638434196106
2019-06-27 04:00:00,0.9846279170358204
2019-07-04 04:00:00,0.6829135861353678
2019-07-11 04:00:00,0.5874449910905144
2019-07-18 04:00:00,1.1973583944032322
2019-07-25 04:00:00,0.8071529053674585
2019-08-01 04:00:00,0.6850059764442961
2019-08-08 04:00:00,0.3805069986648839
2019-08-15 04:00:00,0.32176008726170496
2019-08-22 04:00:00,0.905967949658829
2019-08-29 04:00:00,0.8824660222353972
2019-09-05 04:00:00,1.0312386028266904
2019-09-12 04:00:00,0.5604884280431188
2019-09-19 04:00:00,0.8089837552896589
2019-09-26 04:00:00,0.9819697007447072
2019-10-03 04:00:00,0.8057626643622354
2019-10-10 04:00:00,1.2773981986910539
2019-10-17 04:00:00,0.724503071063198
2019-10-24 04:00:00,0.5426698071699146
2019-10-31 04:00:00,1.0058624507098421
2019-11-07 04:00:00,0.45696945838194436
2019-11-14 04:00:00,1.862438507205534
2019-11-21 04:00:00,0.6582254370042504
2019-11-28 04:00:00,0.6070117058465464
2019-12-05 04:00:00,0.7690803417239048
2019-12-12 04:00:00,0.8078263507291147
2019-12-19 04:00:00,1.613494965870058
2019-12-26 04:00:00,0.5297177984714863
2020-01-02 04:00:00,0.675659534620143
2020-01-09 04:00:00,0.6143113558831121
2020-01-16 04:00:00,1.1559105244828698
2020-01-23 04:00:00,0.46718955814803526
2020-01-30 04:00:00,1.0686617822088351
2020-02-06 04:00:00,0.7676674695418961
2020-02-13 04:00:00,0.865593275969947
2020-02-20 04:00:00,2.1050174476070063
2020-02-27 04:00:00,0.9498628590438852
2020-03-05 04:00:00,0.5502429807981074
2020-03-12 04:00:00,1.0781273726098217
2020-03-19 04:00:00,0.4753356603685691
2020-03-26 04:00:00,1.5738720718172197
2018-01-04 05:00:00,0.37132777679852735
2018-01-11 05:00:00,0.2682826451197029
2018-01-18 05:00:00,0.5890935271956067
2018-01-25 05:00:00,0.42539395631976024
2018-02-01 05:00:00,0.714276204235932
2018-02-15 05:00:00,0.9123144981013331
2018-02-22 05:00:00,0.26863662508668806
2018-03-01 05:00:00,0.2533347052378702
2018-03-08 05:00:00,0.32236391933475905
2018-03-15 05:00:00,0.4041691236277267
2018-03-22 05:00:00,0.2055084776967195
2018-03-29 05:00:00,0.30053997431046275
2018-04-05 05:00:00,0.281473722498663
2018-04-12 05:00:00,0.20048559855816311
2018-04-19 05:00:00,0.2858527428790681
2018-04-26 05:00:00,0.10963201062809474
2018-05-03 05:00:00,0.3875395650114752
2018-05-10 05:00:00,0.6759021128488963
2018-05-17 05:00:00,0.4844076922887863
2018-05-24 05:00:00,0.35807195212167725
2018-05-31 05:00:00,0.16900431184621423
2018-06-07 05:00:00,0.33133696140618846
2018-06-14 05:00:00,0.2888098350242474
2018-06-21 05:00:00,0.42793758295439066
2018-06-28 05:00:00,0.3559590524483135
2018-07-05 05:00:00,0.5315982435914404
2018-07-12 05:00:00,0.49345153108146894
2018-07-19 05:00:00,1.4401457348289255
2018-07-26 05:00:00,0.26134899064483097
2018-08-02 05:00:00,0.5771327143706179
2018-08-09 05:00:00,0.8538055667700415
2018-08-16 05:00:00,0.3087574387369507
2018-08-23 05:00:00,0.7140640911694537
2018-08-30 05:00:00,0.32593282034503307
2018-09-06 05:00:00,0.33403272157566666
2018-09-13 05:00:00,0.44883304176861394
2018-09-20 05:00:00,0.37115456931090257
2018-09-27 05:00:00,0.2445623878203286
2018-10-04 05:00:00,0.39952028541207063
2018-10-11 05:00:00,0.40741151718641583
2018-10-18 05:00:00,0.34309669779500035
2018-10-25 05:00:00,0.2094461349292643
2018-11-01 05:00:00,0.37688873621411606
2018-11-08 05:00:00,0.6663503865637506
2018-11-15 05:00:00,0.5569948727663838
2018-11-22 05:00:00,0.6235710587398572
2018-11-29 05:00:00,0.7343131406733614
2018-12-06 05:00:00,0.4566806095679601
2018-12-13 05:00:00,0.6784164440350912
2018-12-20 05:00:00,0.4791198842528726
2018-12-27 05:00:00,0.4116300354539101
2019-01-03 05:00:00,0.41216080674793715
2019-01-10 05:00:00,0.8279547653033572
2019-01-17 05:00:00,0.5933916797107592
2019-01-24 05:00:00,0.5938597530920735
2019-01-31 05:00:00,1.0127810482791326
2019-02-07 05:00:00,0.21236855378986086
2019-02-14 05:00:00,0.25825149110560247
2019-02-21 05:00:00,0.8194411867722217
2019-02-28 05:00:00,0.6537042504028527
2019-03-07 05:00:00,0.34259469704359147
2019-03-14 05:00:00,0.31423197016593507
2019-03-21 05:00:00,0.293738849276578
2019-03-28 05:00:00,0.5712506039526816
2019-04-04 05:00:00,0.3764103632022421
2019-04-11 05:00:00,0.3572778847458638
2019-04-18 05:00:00,0.3652290812001748
2019-04-25 05:00:00,0.5467799421136389
2019-05-02 05:00:00,0.23778138087873227
2019-05-09 05:00:00,0.7127582907819413
2019-05-16 05:00:00,0.34057692467859296
2019-05-23 05:00:00,0.2853817208007204
2019-05-30 05:00:00,0.6136211127641752
2019-06-13 05:00:00,0.31573166474330727
2019-06-20 05:00:00,0.728898655578641
2019-06-27 05:00:00,0.2769053368969413
2019-07-04 05:00:00,0.4429404310135035
2019-07-11 05:00:00,0.48485646549431294
2019-07-18 05:00:00,0.4408578632151529
2019-07-25 05:00:00,0.5710859814509637
2019-08-01 05:00:00,0.24660597197891135
2019-08-08 05:00:00,0.5936264522273921
2019-08-15 05:00:00,0.6303532914915817
2019-08-22 05:00:00,0.48568751888839257
2019-08-29 05:00:00,0.365727143613919
2019-09-05 05:00:00,0.515881458002006
2019-09-12 05:00:00,0.3392764894187237
2019-09-19 05:00:00,0.6932110345878282
2019-09-26 05:00:00,0.7001795379582623
2019-10-03 05:00:00,0.9582306492515293
2019-10-17 05:00:00,0.9623393441922801
2019-10-24 05:00:00,1.2710640767116748
2019-10-31 05:00:00,0.5924493534601954
2019-11-07 05:00:00,0.5414941545219528
2019-11-14 05:00:00,0.30673491955326404
2019-11-21 05:00:00,0.33391737802899496
2019-11-28 05:00:00,0.4096903709558123
2019-12-05 05:00:00,0.4253590658429216
2019-12-12 05:00:00,0.5049400153678086
2019-12-19 05:00:00,0.502656275766099
2019-12-26 05:00:00,0.9326413613279368
2020-01-02 05:00:00,0.6184211008339626
2020-01-09 05:00:00,0.4886644771340798
2020-01-16 05:00:00,0.34964489173289975
2020-01-23 05:00:00,0.23805477710871462
2020-01-30 05:00:00,0.2479007823093588
2020-02-06 05:00:00,0.6278335837709945
2020-02-13 05:00:00,0.6430599023363076
2020-02-20 05:00:00,0.6831794086846894
2020-02-27 05:00:00,0.5255970721729853
2020-03-05 05:00:00,0.4306941722606712
2020-03-12 05:00:00,1.534891669254082
2020-03-19 05:00:00,0.6504812097552787
2020-03-26 05:00:00,0.5072007232660861
2018-01-04 06:00:00,0.39637895354214164
2018-01-11 06:00:00,0.48988715400542293
2018-01-18 06:00:00,0.35782326309427226
2018-01-25 06:00:00,0.21047213497211154
2018-02-01 06:00:00,0.20763117539572262
2018-02-15 06:00:00,0.2501258879649855
2018-02-22 06:00:00,0.22482881384102127
2018-03-01 06:00:00,0.19303111233490453
2018-03-08 06:00:00,0.35097178950587665
2018-03-15 06:00:00,0.27459730237325175
2018-03-22 06:00:00,0.27998869962088363
2018-03-29 06:00:00,0.25029340590441634
2018-04-05 06:00:00,0.25734731287945734
2018-04-12 06:00:00,0.17485094287716743
2018-04-19 06:00:00,0.29705114793591075
2018-04-26 06:00:00,0.29145987682267505
2018-05-03 06:00:00,0.5119064484766418
2018-05-10 06:00:00,0.3025028066825962
2018-05-17 06:00:00,0.7204960507583158
2018-05-24 06:00:00,0.23411539883978574
2018-05-31 06:00:00,0.3088775727867988
2018-06-07 06:00:00,0.38591298022575093
2018-06-14 06:00:00,0.29115440381252927
2018-06-21 06:00:00,0.3551318737423804
2018-06-28 06:00:00,0.3499881649732135
2018-07-05 06:00:00,0.37442525888383554
2018-07-12 06:00:00,0.4095650305075771
2018-07-19 06:00:00,0.4988241725163074
2018-07-26 06:00:00,0.5211974027867211
2018-08-02 06:00:00,0.4262851485057195
2018-08-09 06:00:00,0.3621033662377076
2018-08-16 06:00:00,0.3920061934265229
2018-08-23 06:00:00,0.5775953305571649
2018-08-30 06:00:00,0.43826010715130403
2018-09-06 06:00:00,0.4176012187194691
2018-09-13 06:00:00,0.23229490078107193
2018-09-20 06:00:00,0.6569206326414749
2018-09-27 06:00:00,0.30544710836069344
2018-10-04 06:00:00,0.2906588388812044
2018-10-11 06:00:00,0.3220788519334706
2018-10-18 06:00:00,0.48207273113196003
2018-10-25 06:00:00,0.28287572998323124
2018-11-01 06:00:00,0.17670483452562424
2018-11-08 06:00:00,0.33811136093182576
2018-11-15 06:00:00,0.24921879940199204
2018-11-22 06:00:00,0.3482591388130291
2018-11-29 06:00:00,0.427238987789592
2018-12-06 06:00:00,0.14408462046450266
2018-12-13 06:00:00,0.22201421240892363
2018-12-20 06:00:00,0.2852571473427528
2018-12-27 06:00:00,0.5113993319344101
2019-01-03 06:00:00,0.5047555968305162
2019-01-10 06:00:00,0.41610776821214757
2019-01-17 06:00:00,0.39874858092852894
2019-01-24 06:00:00,0.4152300223241271
2019-01-31 06:00:00,0.3761032732509375
2019-02-07 06:00:00,0.2767982677311352
2019-02-14 06:00:00,0.34370891378122076
2019-02-21 06:00:00,0.37964384587096817
2019-02-28 06:00:00,0.30155097075597864
2019-03-07 06:00:00,0.32421478365964157
2019-03-14 06:00:00,0.2585128560971986
2019-03-21 06:00:00,0.341185207552842
2019-03-28 06:00:00,0.4011251097624738
2019-04-04 06:00:00,0.5075307951239596
2019-04-11 06:00:00,0.4203195231272504
2019-04-18 06:00:00,0.5267650419717571
2019-04-25 06:00:00,0.17404470722212542
2019-05-02 06:00:00,0.2572077644152005
2019-05-09 06:00:00,0.25981918085278016
2019-05-16 06:00:00,0.1238637787774783
2019-05-23 06:00:00,0.2346567047080739
2019-05-30 06:00:00,0.6756262598218614
2019-06-13 06:00:00,0.4119662099928972
2019-06-20 06:00:00,0.2562305769870302
2019-06-27 06:00:00,0.33715622714975724
2019-07-04 06:00:00,0.2569306144220786
2019-07-11 06:00:00,0.29873367538169715
2019-07-18 06:00:00,0.1909653973694894
2019-07-25 06:00:00,0.5666532325240672
2019-08-01 06:00:00,0.617950581971653
2019-08-08 06:00:00,1.1207250239970508
2019-08-15 06:00:00,0.6603867278190229
2019-08-22 06:00:00,0.58506453179589
2019-08-29 06:00:00,0.4264835531664731
2019-09-05 06:00:00,0.4033948703940641
2019-09-12 06:00:00,0.16371311267510424
2019-09-19 06:00:00,0.5912096077408614
2019-09-26 06:00:00,0.4396160615846882
2019-10-03 06:00:00,0.2945412527040703
2019-10-10 06:00:00,0.5006103942790414
2019-10-17 06:00:00,0.46744348989719464
2019-10-24 06:00:00,0.305101657000148
2019-10-31 06:00:00,0.39727816445004105
2019-11-07 06:00:00,0.352627664581856
2019-11-14 06:00:00,0.5851126266166999
2019-11-21 06:00:00,0.26394947542583386
2019-11-28 06:00:00,0.32256502469910675
2019-12-05 06:00:00,0.3067080831686231
2019-12-12 06:00:00,0.45903573058658387
2019-12-19 06:00:00,0.2777231399326892
2019-12-26 06:00:00,1.2508989118105291
2020-01-02 06:00:00,0.7596554760749004
2020-01-09 06:00:00,0.4705595729371276
2020-01-16 06:00:00,0.2335449475409175
2020-01-23 06:00:00,0.6292544064982638
2020-01-30 06:00:00,0.2813040553936338
2020-02-06 06:00:00,0.6799234257528353
2020-02-13 06:00:00,0.7744676114670965
2020-02-20 06:00:00,0.3535495755764082
2020-02-27 06:00:00,0.4856242510863988
2020-03-05 06:00:00,0.5284348182081797
2020-03-12 06:00:00,0.21264042183822027
2020-03-19 06:00:00,1.25650601094734
2020-03-26 06:00:00,0.2755062573311321
2018-01-04 07:00:00,0.1430531331759577
2018-01-11 07:00:00,0.7960881705905888
2018-01-18 07:00:00,0.601412488757524
2018-01-25 07:00:00,0.3040046472742218
2018-02-01 07:00:00,0.9759727225865384
2018-02-15 07:00:00,0.33271898553571433
2018-02-22 07:00:00,0.34454914525264274
2018-03-01 07:00:00,0.4447069170597331
2018-03-08 07:00:00,0.6504989920386441
2018-03-15 07:00:00,0.20966143480885965
2018-03-22 07:00:00,0.4290156743348981
2018-03-29 07:00:00,0.3410050299428408
2018-04-05 07:00:00,0.34082977700376016
2018-04-12 07:00:00,0.38904128838759394
2018-04-19 07:00:00,0.4190595862306318
2018-04-26 07:00:00,0.2958716598826743
2018-05-03 07:00:00,0.6574740624295765
2018-05-10 07:00:00,0.5462367397319438
2018-05-17 07:00:00,0.1920189028147564
2018-05-24 07:00:00,0.1446113329173547
2018-05-31 07:00:00,0.4466669214526774
2018-06-07 07:00:00,0.9241013374644989
2018-06-14 07:00:00,0.5253925028664176
2018-06-21 07:00:00,0.3370518619005746
2018-06-28 07:00:00,0.6713598284274033
2018-07-05 07:00:00,0.5291195927125063
2018-07-12 07:00:00,0.23052597606587624
2018-07-19 07:00:00,0.6571657130998043
2018-07-26 07:00:00,0.4311014633754687
2018-08-02 07:00:00,0.39864326544869455
2018-08-09 07:00:00,0.356105470392346
2018-08-16 07:00:00,0.8590504612846052
2018-08-23 07:00:00,0.20392721872425615
2018-08-30 07:00:00,0.49971984169123496
2018-09-06 07:00:00,0.39674374985678373
2018-09-13 07:00:00,0.4299293858240421
2018-09-20 07:00:00,0.3303480285136822
2018-09-27 07:00:00,0.5682602486885089
2018-10-04 07:00:00,0.5473831234257689
2018-10-11 07:00:00,0.5302050275617551
2018-10-18 07:00:00,0.3054773246906609
2018-10-25 07:00:00,0.3208420790504308
2018-11-01 07:00:00,0.5250122518152599
2018-11-08 07:00:00,0.5204641002325335
2018-11-15 07:00:00,0.4005921419088377
2018-11-22 07:00:00,0.3494701497250232
2018-11-29 07:00:00,0.2550854377649324
2018-12-06 07:00:00,0.4875241009519731
2018-12-13 07:00:00,0.5607597639013632
2018-12-20 07:00:00,0.36338343422786773
2018-12-27 07:00:00,0.4990952805422545
2019-01-03 07:00:00,0.5543070027910224
2019-01-10 07:00:00,0.43205663177453846
2019-01-17 07:00:00,0.3197712415510761
2019-01-24 07:00:00,0.4381195957716518
2019-01-31 07:00:00,0.38489483868760416
2019-02-07 07:00:00,0.5481441551974385
2019-02-14 07:00:00,0.25760730959625366
2019-02-21 07:00:00,0.4043608155316195
2019-02-28 07:00:00,0.698477150038381
2019-03-07 07:00:00,0.5977303422170369
2019-03-14 07:00:00,0.4086344011747785
2019-03-21 07:00:00,0.22578240161409346
2019-03-28 07:00:00,0.5851805662909216
2019-04-04 07:00:00,0.6280640961718726
2019-04-11 07:00:00,0.6439497085806432
2019-04-18 07:00:00,0.7410602141880447
2019-04-25 07:00:00,0.570716089693445
2019-05-02 07:00:00,0.481199027353564
2019-05-09 07:00:00,0.623726907848271
2019-05-16 07:00:00,0.6628064569583347
2019-05-23 07:00:00,0.5934352914216021
2019-05-30 07:00:00,1.2020831848380225
2019-06-13 07:00:00,0.9854694296907507
2019-06-20 07:00:00,0.5780251973001412
2019-06-27 07:00:00,0.37496703899116
2019-07-04 07:00:00,0.46374163171386534
2019-07-11 07:00:00,0.5024755086592136
2019-07-18 07:00:00,0.38501405782710074
2019-07-25 07:00:00,0.3557455109477181
2019-08-01 07:00:00,0.9213313844392993
2019-08-08 07:00:00,0.4486744948573168
2019-08-15 07:00:00,0.9230400854637629
2019-08-22 07:00:00,0.464439968132052
2019-08-29 07:00:00,0.6071191165344723
2019-09-05 07:00:00,0.4001320041929129
2019-09-12 07:00:00,0.284227714988478
2019-09-19 07:00:00,0.3668612134723885
2019-09-26 07:00:00,0.3600532494045554
2019-10-03 07:00:00,0.29145648385622863
2019-10-10 07:00:00,0.29482140805786194
2019-10-17 07:00:00,0.6728442443394991
2019-10-24 07:00:00,0.4169312151053228
2019-10-31 07:00:00,0.7882987513724328
2019-11-07 07:00:00,0.7043394599442504
2019-11-14 07:00:00,0.1544396019338368
2019-11-21 07:00:00,0.7160622398592708
2019-11-28 07:00:00,0.8595548370678439
2019-12-05 07:00:00,0.4919224248476142
2019-12-12 07:00:00,0.39992514586664824
2019-12-19 07:00:00,0.8691113901843603
2019-12-26 07:00:00,1.3824125625584303
2020-01-02 07:00:00,0.8783143679513293
2020-01-09 07:00:00,0.8703299351465962
2020-01-16 07:00:00,0.41643599311841456
2020-01-23 07:00:00,0.6310871187807454
2020-01-30 07:00:00,0.34965152850794934
2020-02-06 07:00:00,0.8112995830865639
2020-02-13 07:00:00,1.030543297568873
2020-02-20 07:00:00,0.6178604216549469
2020-02-27 07:00:00,0.5049489482082262
2020-03-05 07:00:00,0.34754374530380594
2020-03-12 07:00:00,0.9302426058387757
2020-03-19 07:00:00,0.6444400323326783
2020-03-26 07:00:00,0.27163757994855336
2018-01-04 08:00:00,0.6587622975152099
2018-01-11 08:00:00,0.3070874045977043
2018-01-18 08:00:00,0.27773497419568566
2018-01-25 08:00:00,0.28915590959113546
2018-02-01 08:00:00,0.49957995399134875
2018-02-15 08:00:00,0.3180543163994606
2018-02-22 08:00:00,0.29442269927022513
2018-03-01 08:00:00,0.5327856132400219
2018-03-08 08:00:00,0.23845691531662433
2018-03-15 08:00:00,0.2572313995810994
2018-03-22 08:00:00,0.3690869356373963
2018-03-29 08:00:00,0.6021321647639538
2018-04-05 08:00:00,0.5330020703682967
2018-04-12 08:00:00,0.6442821056635616
2018-04-19 08:00:00,0.23448671721654116
2018-04-26 08:00:00,0.771875696381407
2018-05-03 08:00:00,0.33960914785281576
2018-05-10 08:00:00,0.48311739326146264
2018-05-17 08:00:00,0.6476412318639113
2018-05-24 08:00:00,0.48487000713034906
2018-05-31 08:00:00,0.6084434225643877
2018-06-07 08:00:00,0.6756094379922084
2018-06-14 08:00:00,0.38077163821067006
2018-06-21 08:00:00,0.24041679678027822
2018-06-28 08:00:00,1.109605706942435
2018-07-05 08:00:00,0.38636385977630117
2018-07-12 08:00:00,0.9441694942012643
2018-07-19 08:00:00,0.3477189272649149
2018-07-26 08:00:00,1.0967095229441963
2018-08-02 08:00:00,0.7313405738282033
2018-08-09 08:00:00,0.6503814299537383
2018-08-16 08:00:00,0.5065325085574007
2018-08-23 08:00:00,0.8335188910249218
2018-08-30 08:00:00,0.5301280072507416
2018-09-06 08:00:00,0.5115593637240351
2018-09-13 08:00:00,0.2174017907592867
2018-09-20 08:00:00,0.7926106609548246
2018-09-27 08:00:00,0.6857252280394968
2018-10-04 08:00:00,0.5773303696091374
2018-10-11 08:00:00,0.6396947610049569
2018-10-18 08:00:00,0.6399229052304963
2018-10-25 08:00:00,0.8249605662693912
2018-11-01 08:00:00,0.7499322871886073
2018-11-08 08:00:00,1.1061091395205138
2018-11-15 08:00:00,0.79409071024189
2018-11-22 08:00:00,0.5512236183872093
2018-11-29 08:00:00,0.5929894267440993
2018-12-06 08:00:00,0.36230291710966583
2018-12-13 08:00:00,0.5577583686172607
2018-12-20 08:00:00,0.8943848474481313
2018-12-27 08:00:00,0.7931001781550239
2019-01-03 08:00:00,0.6498409189136132
2019-01-10 08:00:00,0.46774560160090345
2019-01-17 08:00:00,0.47533796427050223
2019-01-24 08:00:00,0.4079995194655399
2019-01-31 08:00:00,0.5194843724607582
2019-02-07 08:00:00,0.6609335673810111
2019-02-14 08:00:00,0.7027084599639452
2019-02-21 08:00:00,0.6397573782333906
2019-02-28 08:00:00,0.46347134142017005
2019-03-07 08:00:00,1.021944865885901
2019-03-14 08:00:00,0.40884635789996104
2019-03-21 08:00:00,0.515754192036984
2019-03-28 08:00:00,0.5962985053150395
2019-04-04 08:00:00,0.5558171538231104
2019-04-11 08:00:00,0.4312192047456717
2019-04-18 08:00:00,0.6929729477917993
2019-04-25 08:00:00,0.22429405603237554
2019-05-02 08:00:00,0.41189000693976063
2019-05-09 08:00:00,0.8998283848504789
2019-05-16 08:00:00,0.595806960055939
2019-05-23 08:00:00,0.7561933915028181
2019-05-30 08:00:00,0.9663116120806577
2019-06-13 08:00:00,0.7819885726996204
2019-06-20 08:00:00,0.7684189242840858
2019-06-27 08:00:00,1.3531890983898294
2019-07-04 08:00:00,1.1717099344847157
2019-07-11 08:00:00,0.7712580537238414
2019-07-18 08:00:00,0.48491376213664034
2019-07-25 08:00:00,1.0338287295448105
2019-08-01 08:00:00,0.7583768133258583
2019-08-08 08:00:00,1.4535063732006928
2019-08-15 08:00:00,0.7412209288812822
2019-08-22 08:00:00,0.7670730968634758
2019-08-29 08:00:00,0.566281978555786
2019-09-05 08:00:00,0.40841093831085545
2019-09-12 08:00:00,0.8991591790627524
2019-09-19 08:00:00,0.4925041924518242
2019-09-26 08:00:00,0.4553999786789197
2019-10-03 08:00:00,0.9869110131265748
2019-10-10 08:00:00,0.5063883960649818
2019-10-17 08:00:00,0.630732408984594
2019-10-24 08:00:00,0.468151396112106
2019-10-31 08:00:00,0.6940137411788618
2019-11-07 08:00:00,0.9092310878288465
2019-11-14 08:00:00,0.4126745092093863
2019-11-21 08:00:00,0.7352683614018837
2019-11-28 08:00:00,0.8150472487801103
2019-12-05 08:00:00,0.9364462814434876
2019-12-12 08:00:00,0.6327219866936756
2019-12-19 08:00:00,0.4779962206902485
2019-12-26 08:00:00,2.483497319335211
2020-01-02 08:00:00,0.6051103967682467
2020-01-09 08:00:00,0.7138553188775888
2020-01-16 08:00:00,0.7951099812965399
2020-01-23 08:00:00,0.6380954222108478
2020-01-30 08:00:00,0.6220391091522246
2020-02-06 08:00:00,0.5130172268857845
2020-02-13 08:00:00,0.5978760801360237
2020-02-20 08:00:00,0.77176574418489
2020-02-27 08:00:00,1.48851653848353
2020-03-05 08:00:00,1.5945712121670836
2020-03-12 08:00:00,0.9006173903318441
2020-03-19 08:00:00,0.7003799029191494
2020-03-26 08:00:00,1.1678726226839002
2018-01-04 09:00:00,1.6789238727324496
2018-01-11 09:00:00,0.7823807816800852
2018-01-18 09:00:00,0.4803430515545712
2018-01-25 09:00:00,0.9744093149048366
2018-02-01 09:00:00,1.7558155580472217
2018-02-15 09:00:00,0.6385391026288582
2018-02-22 09:00:00,1.4070008819940396
2018-03-01 09:00:00,1.1774956143647564
2018-03-08 09:00:00,1.032100773426538
2018-03-15 09:00:00,0.5782206539001643
2018-03-22 09:00:00,0.9030778636282994
2018-03-29 09:00:00,0.8155211665484929
2018-04-05 09:00:00,0.9534562815380359
2018-04-12 09:00:00,1.3343261720588913
2018-04-19 09:00:00,0.6064907240692303
2018-04-26 09:00:00,1.2326742310476446
2018-05-03 09:00:00,0.802450391085973
2018-05-10 09:00:00,0.8780791099124023
2018-05-17 09:00:00,1.008924979095566
2018-05-24 09:00:00,0.7526652909261516
2018-05-31 09:00:00,0.7359981200624615
2018-06-07 09:00:00,1.0143936057226774
2018-06-14 09:00:00,1.1965258746869256
2018-06-21 09:00:00,1.332500886811547
2018-06-28 09:00:00,1.1788623985664453
2018-07-05 09:00:00,0.6286425517844736
2018-07-12 09:00:00,0.6907783787198678
2018-07-19 09:00:00,1.524797175415599
2018-07-26 09:00:00,0.8534157959652374
2018-08-02 09:00:00,0.8425513977604336
2018-08-09 09:00:00,0.42597580890369724
2018-08-16 09:00:00,0.6059732285995579
2018-08-23 09:00:00,0.5162565942162795
2018-08-30 09:00:00,0.6919264599665191
2018-09-06 09:00:00,1.2717009881386176
2018-09-13 09:00:00,0.8828233386453913
2018-09-20 09:00:00,1.0927746824083833
2018-09-27 09:00:00,1.533598569978334
2018-10-04 09:00:00,1.1737774209727756
2018-10-11 09:00:00,1.0236861524970435
2018-10-18 09:00:00,1.875997114596888
2018-10-25 09:00:00,1.0002707003784024
2018-11-01 09:00:00,0.8709683739768348
2018-11-08 09:00:00,1.2783235571047236
2018-11-15 09:00:00,0.6605771063355016
2018-11-22 09:00:00,0.8470289260000132
2018-11-29 09:00:00,0.8105706136011421
2018-12-06 09:00:00,0.9307421513889388
2018-12-13 09:00:00,1.2452628728635515
2018-12-20 09:00:00,0.9242797023170974
2018-12-27 09:00:00,0.5514407318517104
2019-01-03 09:00:00,0.4250598239568451
2019-01-10 09:00:00,0.5313260643887654
2019-01-17 09:00:00,0.8206952205609145
2019-01-24 09:00:00,0.7122083928568776
2019-01-31 09:00:00,0.7129455490942466
2019-02-07 09:00:00,1.2384814828781174
2019-02-14 09:00:00,0.6673940821297439
2019-02-21 09:00:00,1.342748256765125
2019-02-28 09:00:00,1.0770292410659734
2019-03-07 09:00:00,2.0921757418902547
2019-03-14 09:00:00,1.0894920415700067
2019-03-21 09:00:00,0.9911274947519713
2019-03-28 09:00:00,0.86398322780447
2019-04-04 09:00:00,1.0008460086688915
2019-04-11 09:00:00,1.1387313950168607
2019-04-18 09:00:00,0.492503352924516
2019-04-25 09:00:00,0.4613048775357597
2019-05-02 09:00:00,0.5114957946212607
2019-05-09 09:00:00,1.0167864159398623
2019-05-16 09:00:00,1.596579188279675
2019-05-23 09:00:00,0.6287686216528553
2019-05-30 09:00:00,1.0000545192317545
2019-06-13 09:00:00,0.7713909825396145
2019-06-20 09:00:00,0.7842208084390907
2019-06-27 09:00:00,0.36113514728280843
2019-07-04 09:00:00,1.086812240886176
2019-07-11 09:00:00,0.5965078757284198
2019-07-18 09:00:00,1.2223518484513223
2019-07-25 09:00:00,0.5680248290737236
2019-08-01 09:00:00,0.795543026900492
2019-08-08 09:00:00,0.586706985564499
2019-08-15 09:00:00,0.7802350973220761
2019-08-22 09:00:00,1.2598293392686448
2019-08-29 09:00:00,1.0221656188068486
2019-09-05 09:00:00,0.3839497506496652
2019-09-12 09:00:00,0.9526829461591922
2019-09-19 09:00:00,0.47740264579855424
2019-09-26 09:00:00,0.5490386634870942
2019-10-03 09:00:00,0.5594963895445548
2019-10-10 09:00:00,0.7623934289740946
2019-10-17 09:00:00,0.5300301775932622
2019-10-24 09:00:00,1.1226200084996998
2019-10-31 09:00:00,1.2762932594953458
2019-11-07 09:00:00,1.1578624605979548
2019-11-14 09:00:00,1.058264364860458
2019-11-21 09:00:00,0.8049755374168085
2019-11-28 09:00:00,0.6368509356946023
2019-12-05 09:00:00,0.42650771683166655
2019-12-12 09:00:00,0.8475878857191492
2019-12-19 09:00:00,0.8499973497288258
2019-12-26 09:00:00,1.6734718455911555
2020-01-02 09:00:00,1.093496238508144
2020-01-09 09:00:00,2.534580228640736
2020-01-16 09:00:00,0.6225155054156974
2020-01-23 09:00:00,0.7961479843816172
2020-01-30 09:00:00,1.2728686711679307
2020-02-06 09:00:00,1.0962326740327524
2020-02-13 09:00:00,0.9337353041487503
2020-02-20 09:00:00,1.0288897811967646
2020-02-27 09:00:00,1.4540318228580027
2020-03-05 09:00:00,1.7369306957891635
2020-03-12 09:00:00,0.68608842869829
2020-03-19 09:00:00,1.0380730177171056
2020-03-26 09:00:00,0.28151405141301733
2018-01-04 10:00:00,0.6743758819899847
2018-01-11 10:00:00,1.3429159762395009
2018-01-18 10:00:00,0.3424818153432354
2018-01-25 10:00:00,0.8650161387064338
2018-02-01 10:00:00,0.6308104265741346
2018-02-08 10:00:00,0.42397251776480155
2018-02-15 10:00:00,1.0870185729289552
2018-02-22 10:00:00,0.4889240442791406
2018-03-01 10:00:00,0.9125074397137781
2018-03-08 10:00:00,1.5197097528573467
2018-03-15 10:00:00,0.8701428995512245
2018-03-22 10:00:00,0.558857353405614
2018-03-29 10:00:00,0.8507307930771073
2018-04-05 10:00:00,0.6841677841983753
2018-04-12 10:00:00,1.8218358667299548
2018-04-19 10:00:00,0.9089193623637409
2018-04-26 10:00:00,0.8045880351807189
2018-05-03 10:00:00,0.5163766579871246
2018-05-10 10:00:00,0.9615946999290309
2018-05-17 10:00:00,0.8983377540671977
2018-05-24 10:00:00,0.39750931969470543
2018-05-31 10:00:00,2.541784754603645
2018-06-07 10:00:00,1.6200425679265258
2018-06-14 10:00:00,0.928847473397688
2018-06-21 10:00:00,1.014169256616129
2018-06-28 10:00:00,1.57522683413333
2018-07-05 10:00:00,0.5559817613941972
2018-07-12 10:00:00,0.8786317283299718
2018-07-19 10:00:00,0.6708444396269343
2018-07-26 10:00:00,1.6471586390947528
2018-08-02 10:00:00,0.6476760038506977
2018-08-09 10:00:00,1.002661542364073
2018-08-16 10:00:00,1.0345621907535876
2018-08-23 10:00:00,0.46971578076001874
2018-08-30 10:00:00,1.443890689385211
2018-09-06 10:00:00,0.24627600250656742
2018-09-13 10:00:00,0.4425541385717106
2018-09-20 10:00:00,0.9200366653110043
2018-09-27 10:00:00,0.6818864752432332
2018-10-04 10:00:00,0.22036933418164872
2018-10-11 10:00:00,1.0408448982255107
2018-10-18 10:00:00,0.8535138117211265
2018-10-25 10:00:00,0.5469635461470007
2018-11-01 10:00:00,0.49229900093619516
2018-11-08 10:00:00,1.3351546918113097
2018-11-15 10:00:00,0.5044521164124818
2018-11-22 10:00:00,0.9323227934200676
2018-11-29 10:00:00,0.5554964241061873
2018-12-06 10:00:00,1.8430376099314967
2018-12-13 10:00:00,1.4017710499433376
2018-12-20 10:00:00,0.5598489828782128
2018-12-27 10:00:00,0.8789738874306496
2019-01-03 10:00:00,0.45837018079039654
2019-01-10 10:00:00,0.741888084702022
2019-01-17 10:00:00,0.3424080175149673
2019-01-24 10:00:00,1.7385995941093544
2019-01-31 10:00:00,1.6936055569553792
2019-02-07 10:00:00,1.5195678645781159
2019-02-14 10:00:00,0.868199640346951
2019-02-21 10:00:00,0.6660871776311825
2019-02-28 10:00:00,1.3945755120121555
2019-03-07 10:00:00,0.2754966788320827
2019-03-14 10:00:00,0.8985284908018935
2019-03-21 10:00:00,0.6628671701379089
2019-03-28 10:00:00,0.36740715989914574
2019-04-04 10:00:00,1.1052024914375835
2019-04-11 10:00:00,1.146352263635057
2019-04-18 10:00:00,0.5460045175235623
2019-04-25 10:00:00,0.568656488462054
2019-05-02 10:00:00,0.7298417975607837
2019-05-09 10:00:00,1.287151844973716
2019-05-16 10:00:00,0.9029312430023004
2019-05-23 10:00:00,0.7098642695955962
2019-05-30 10:00:00,1.0034811031979174
2019-06-13 10:00:00,0.96747776751055
2019-06-20 10:00:00,0.9357938621809168
2019-06-27 10:00:00,0.5583298647857137
2019-07-04 10:00:00,0.3427021337550613
2019-07-11 10:00:00,0.6114461885143849
2019-07-18 10:00:00,1.0764417622447493
2019-07-25 10:00:00,0.3589956687982034
2019-08-01 10:00:00,0.8751055971827896
2019-08-08 10:00:00,0.9686677268488835
2019-08-15 10:00:00,0.8727261061131014
2019-08-22 10:00:00,1.423119420120437
2019-08-29 10:00:00,0.9067128476033562
2019-09-05 10:00:00,0.9493414626293818
2019-09-12 10:00:00,0.5805579618465269
2019-09-19 10:00:00,1.0601142984554437
2019-09-26 10:00:00,1.2072082390024388
2019-10-03 10:00:00,2.2720342148444534
2019-10-10 10:00:00,1.2066211251742773
2019-10-17 10:00:00,0.6993565290603854
2019-10-24 10:00:00,1.0051656594473701
2019-10-31 10:00:00,0.5484556286174928
2019-11-07 10:00:00,1.0699149527534428
2019-11-14 10:00:00,0.6824028938048056
2019-11-21 10:00:00,0.5764037379545301
2019-11-28 10:00:00,1.0276768371722331
2019-12-05 10:00:00,0.4474367994684168
2019-12-12 10:00:00,0.9490832518285164
2019-12-19 10:00:00,0.7817903035797926
2019-12-26 10:00:00,0.769590011848057
2020-01-02 10:00:00,0.2927985641532665
2020-01-09 10:00:00,1.0408821734388312
2020-01-16 10:00:00,0.5090778308209345
2020-01-23 10:00:00,0.6551879171818707
2020-01-30 10:00:00,1.2648517027286894
2020-02-06 10:00:00,0.6670708513140137
2020-02-13 10:00:00,0.6590929382520213
2020-02-20 10:00:00,0.6742184273116567
2020-02-27 10:00:00,0.6809342563122355
2020-03-05 10:00:00,0.8036738262219406
2020-03-12 10:00:00,0.8021190787340999
2020-03-19 10:00:00,1.1568166379057576
2020-03-26 10:00:00,0.9724813234513401
2018-01-04 11:00:00,1.3723420780370972
2018-01-11 11:00:00,0.37809000360589634
2018-01-18 11:00:00,0.5535760922646179
2018-01-25 11:00:00,0.345797636943159
2018-02-01 11:00:00,0.6771915209090249
2018-02-08 11:00:00,0.7494203477823375
2018-02-15 11:00:00,1.0096074990615969
2018-02-22 11:00:00,0.8965518058537133
2018-03-01 11:00:00,0.5463349005648378
2018-03-08 11:00:00,1.7141711899799725
2018-03-15 11:00:00,1.642804812746665
2018-03-22 11:00:00,0.8874586301745289
2018-03-29 11:00:00,0.4150881631648212
2018-04-05 11:00:00,0.6099694692618459
2018-04-12 11:00:00,1.0291239729189825
2018-04-19 11:00:00,1.2342336738218733
2018-04-26 11:00:00,0.32083107820647166
2018-05-03 11:00:00,0.48994638194780854
2018-05-10 11:00:00,1.0181047965657952
2018-05-17 11:00:00,0.5784525314542023
2018-05-24 11:00:00,1.0243326178819276
2018-05-31 11:00:00,0.5388246686732575
2018-06-07 11:00:00,0.41929703058924045
2018-06-14 11:00:00,0.5945251720057271
2018-06-21 11:00:00,0.8850755484473628
2018-06-28 11:00:00,0.6346940598420671
2018-07-05 11:00:00,0.6598017678089105
2018-07-12 11:00:00,1.1674862275474898
2018-07-19 11:00:00,0.728744865359574
2018-07-26 11:00:00,0.33989537708454165
2018-08-02 11:00:00,0.615912268185971
2018-08-09 11:00:00,1.3365743982690217
2018-08-16 11:00:00,1.5363117481096278
2018-08-23 11:00:00,1.787591797496119
2018-08-30 11:00:00,0.35745893727176564
2018-09-06 11:00:00,0.691859432712053
2018-09-13 11:00:00,0.6377759894710574
2018-09-20 11:00:00,0.8179885447014559
2018-09-27 11:00:00,0.8481474719986047
2018-10-04 11:00:00,0.3417206647702444
2018-10-11 11:00:00,1.2145233667141715
2018-10-18 11:00:00,1.7358679229069265
2018-10-25 11:00:00,0.3047014972429304
2018-11-01 11:00:00,1.0078022440953496
2018-11-08 11:00:00,1.4503580819486357
2018-11-15 11:00:00,0.3471681149336979
2018-11-22 11:00:00,0.4442768141015229
2018-11-29 11:00:00,1.2332253639823094
2018-12-06 11:00:00,0.5612959439732037
2018-12-13 11:00:00,0.6694096143227245
2018-12-20 11:00:00,0.8083295940218298
2018-12-27 11:00:00,0.9290876676343428
2019-01-03 11:00:00,0.8641271593581954
2019-01-10 11:00:00,1.2305945766370248
2019-01-17 11:00:00,0.5958090385147474
2019-01-24 11:00:00,0.8593491491273662
2019-01-31 11:00:00,0.75738255495233
2019-02-07 11:00:00,0.3334942261176121
2019-02-14 11:00:00,0.7591326116516963
2019-02-21 11:00:00,0.9549245354630183
2019-02-28 11:00:00,0.9786562769873441
2019-03-07 11:00:00,0.4714753903290362
2019-03-14 11:00:00,1.410936642466137
2019-03-21 11:00:00,0.6904734560545222
2019-03-28 11:00:00,0.5411490201987981
2019-04-04 11:00:00,0.7574505251214081
2019-04-11 11:00:00,0.9998918156661876
2019-04-18 11:00:00,0.46357622577262747
2019-04-25 11:00:00,0.7857769767466508
2019-05-02 11:00:00,0.9927008704549379
2019-05-09 11:00:00,0.8753051773737861
2019-05-16 11:00:00,0.579733349097235
2019-05-23 11:00:00,0.7329706474213927
2019-05-30 11:00:00,0.2763493369211773
2019-06-13 11:00:00,0.2939545326241639
2019-06-20 11:00:00,0.944266073176315
2019-06-27 11:00:00,0.3412367587165858
2019-07-04 11:00:00,0.6059979627274974
2019-07-11 11:00:00,1.6965241432476748
2019-07-18 11:00:00,0.7732510061196859
2019-07-25 11:00:00,1.1482015735166216
2019-08-01 11:00:00,1.1292586524429977
2019-08-08 11:00:00,1.2574355579689285
2019-08-15 11:00:00,1.1828708246118518
2019-08-22 11:00:00,0.5174138952909364
2019-08-29 11:00:00,1.4924002835337058
2019-09-05 11:00:00,1.4754763449640287
2019-09-12 11:00:00,0.5999078642697291
2019-09-19 11:00:00,1.2363157847592219
2019-09-26 11:00:00,0.6276398008958736
2019-10-03 11:00:00,0.3953659022004798
2019-10-10 11:00:00,1.1047729471774101
2019-10-17 11:00:00,0.44938548283103125
2019-10-24 11:00:00,0.9447180586252226
2019-10-31 11:00:00,0.8197048924168779
2019-11-07 11:00:00,0.7607188323794813
2019-11-14 11:00:00,1.2285047085877532
2019-11-21 11:00:00,1.9510305741938236
2019-11-28 11:00:00,0.5235336106809937
2019-12-05 11:00:00,0.9998985971019376
2019-12-12 11:00:00,0.6482343147186972
2019-12-19 11:00:00,1.0085109751700903
2019-12-26 11:00:00,0.9622316570024371
2020-01-02 11:00:00,1.2818792977193274
2020-01-09 11:00:00,0.5103052525402114
2020-01-16 11:00:00,0.33583589355595767
2020-01-23 11:00:00,0.7433333844971419
2020-01-30 11:00:00,1.180269076165303
2020-02-06 11:00:00,0.5670604018319498
2020-02-13 11:00:00,1.3935515198026642
2020-02-20 11:00:00,0.3287970275604136
2020-02-27 11:00:00,0.7943011372699447
2020-03-05 11:00:00,2.7727059750819616
2020-03-12 11:00:00,0.8380476486404654
2020-03-19 11:00:00,0.7724904719234701
2020-03-26 11:00:00,0.652661420578587
2018-01-04 12:00:00,0.5028686361700618
2018-01-11 12:00:00,0.9070442989908037
2018-01-18 12:00:00,0.8949108230547624
2018-01-25 12:00:00,1.2096320683246364
2018-02-01 12:00:00,0.6555088946964711
2018-02-08 12:00:00,1.263189611448796
2018-02-15 12:00:00,1.8359173437313854
2018-02-22 12:00:00,1.0462834554686087
2018-03-01 12:00:00,0.7614755130432334
2018-03-08 12:00:00,1.0190800440367835
2018-03-15 12:00:00,0.42775727132106556
2018-03-22 12:00:00,1.0746867899409462
2018-03-29 12:00:00,1.4542700395646149
2018-04-05 12:00:00,0.9664085147157178
2018-04-12 12:00:00,0.7068293927106502
2018-04-19 12:00:00,0.5711879001048631
2018-04-26 12:00:00,0.9332750788608333
2018-05-03 12:00:00,1.413727387958593
2018-05-10 12:00:00,1.1513734385868606
2018-05-17 12:00:00,0.31059699255549056
2018-05-24 12:00:00,0.6477533167673856
2018-05-31 12:00:00,1.3834591420120743
2018-06-07 12:00:00,0.844795725335945
2018-06-14 12:00:00,0.46891204935933034
2018-06-21 12:00:00,0.6861323198402807
2018-06-28 12:00:00,1.4277300913991928
2018-07-05 12:00:00,0.2507393544356981
2018-07-12 12:00:00,1.23817510343299
2018-07-19 12:00:00,1.378010347648735
2018-07-26 12:00:00,0.5416367611538971
2018-08-02 12:00:00,1.9382865976575645
2018-08-09 12:00:00,0.5606666678536816
2018-08-16 12:00:00,0.7478376074096192
2018-08-23 12:00:00,1.600581549721474
2018-08-30 12:00:00,0.2816252032403422
2018-09-06 12:00:00,1.644689941383239
2018-09-13 12:00:00,0.5827952260113627
2018-09-20 12:00:00,1.2613949811926999
2018-09-27 12:00:00,0.8698470659503674
2018-10-04 12:00:00,0.39302088481333497
2018-10-18 12:00:00,0.4908229733451973
2018-10-25 12:00:00,0.5320880368251305
2018-11-01 12:00:00,1.0692232792647227
2018-11-08 12:00:00,0.9081507994093939
2018-11-15 12:00:00,1.2989141339574424
2018-11-22 12:00:00,0.5508319949434951
2018-11-29 12:00:00,0.7154872197097617
2018-12-06 12:00:00,0.9231289417750879
2018-12-13 12:00:00,1.1672857348083427
2018-12-20 12:00:00,0.8953198722138176
2018-12-27 12:00:00,0.9524663920845039
2019-01-03 12:00:00,0.6581850306570972
2019-01-10 12:00:00,0.46583126759260557
2019-01-17 12:00:00,1.3824405708618015
2019-01-24 12:00:00,0.6950309859828153
2019-01-31 12:00:00,1.232523437106564
2019-02-07 12:00:00,1.30223262713145
2019-02-14 12:00:00,0.5245891375935149
2019-02-21 12:00:00,0.7050563858655299
2019-02-28 12:00:00,0.740618388108974
2019-03-07 12:00:00,1.3540395453893712
2019-03-14 12:00:00,1.5889232711894103
2019-03-21 12:00:00,0.7418687819665968
2019-03-28 12:00:00,0.992281005118164
2019-04-04 12:00:00,0.37569538972355926
2019-04-11 12:00:00,1.0696488371527582
2019-04-18 12:00:00,0.8530207284607664
2019-04-25 12:00:00,0.8983788730256637
2019-05-02 12:00:00,0.8675260259388899
2019-05-09 12:00:00,0.6416869998496018
2019-05-16 12:00:00,0.6529624326411697
2019-05-23 12:00:00,0.8218416022992749
2019-05-30 12:00:00,1.108762021976203
2019-06-13 12:00:00,0.3713458403341783
2019-06-20 12:00:00,0.6299480236033819
2019-06-27 12:00:00,1.3336459422298197
2019-07-04 12:00:00,0.6733998028072109
2019-07-11 12:00:00,0.2740993063107329
2019-07-18 12:00:00,1.0755683653109591
2019-07-25 12:00:00,1.988881969460743
2019-08-01 12:00:00,0.8875785857561755
2019-08-08 12:00:00,1.054021502297557
2019-08-15 12:00:00,0.5069323893511483
2019-08-22 12:00:00,0.4722754718750877
2019-08-29 12:00:00,0.9785671264327884
2019-09-05 12:00:00,1.6789254713932686
2019-09-12 12:00:00,1.4705832136847732
2019-09-19 12:00:00,1.4719312405965153
2019-09-26 12:00:00,0.33113954731072465
2019-10-03 12:00:00,0.8680064381268503
2019-10-10 12:00:00,1.7744321436507233
2019-10-17 12:00:00,1.0606146005201096
2019-10-24 12:00:00,0.5134207296776364
2019-10-31 12:00:00,1.445091785257316
2019-11-07 12:00:00,1.36679956550315
2019-11-14 12:00:00,0.4264266005611935
2019-11-21 12:00:00,1.4018270366105454
2019-11-28 12:00:00,0.403417199399875
2019-12-05 12:00:00,0.6494564766970491
2019-12-12 12:00:00,1.0578561949913243
2019-12-19 12:00:00,0.45260015165307943
2019-12-26 12:00:00,1.0751060261675693
2020-01-02 12:00:00,0.7302366674084059
2020-01-09 12:00:00,1.9107370739559464
2020-01-16 12:00:00,0.3635097177570036
2020-01-23 12:00:00,1.2759183172755646
2020-01-30 12:00:00,0.936260900911028
2020-02-06 12:00:00,1.3793894626971948
2020-02-13 12:00:00,1.0837772870817817
2020-02-20 12:00:00,1.3392460049947716
2020-02-27 12:00:00,1.0514169321151803
2020-03-05 12:00:00,0.6081186330792506
2020-03-12 12:00:00,0.5958709402260429
2020-03-19 12:00:00,1.8501445457488936
2020-03-26 12:00:00,2.2325230819026407
2018-01-04 13:00:00,1.5009175809227024
2018-01-11 13:00:00,1.273440200946028
2018-01-18 13:00:00,0.5257765546578578
2018-01-25 13:00:00,0.915385070372528
2018-02-01 13:00:00,0.6492748773680614
2018-02-08 13:00:00,1.2015320438997228
2018-02-15 13:00:00,1.0300451717473145
2018-02-22 13:00:00,0.6616513551859239
2018-03-01 13:00:00,1.169418449630151
2018-03-08 13:00:00,0.9338388488603526
2018-03-15 13:00:00,0.542650689275684
2018-03-22 13:00:00,0.26983139998816097
2018-03-29 13:00:00,0.8023674768221669
2018-04-05 13:00:00,0.4156303340214135
2018-04-12 13:00:00,0.8109778965479041
2018-04-19 13:00:00,0.9883398640564576
2018-04-26 13:00:00,0.45664302257395356
2018-05-03 13:00:00,2.541757093831364
2018-05-10 13:00:00,0.36375369512166283
2018-05-17 13:00:00,0.746285603249205
2018-05-24 13:00:00,0.31498031192692405
2018-05-31 13:00:00,0.6097701573701423
2018-06-07 13:00:00,0.6720349662422817
2018-06-14 13:00:00,1.037601735926898
2018-06-21 13:00:00,0.6636213315130277
2018-06-28 13:00:00,0.3474390045850195
2018-07-05 13:00:00,0.5051873739703895
2018-07-12 13:00:00,0.6140719868568842
2018-07-19 13:00:00,0.6683071390598194
2018-07-26 13:00:00,0.7916449736032647
2018-08-02 13:00:00,0.8229886714455386
2018-08-09 13:00:00,1.118224439081829
2018-08-16 13:00:00,0.6000972575384053
2018-08-23 13:00:00,0.6126278409538142
2018-08-30 13:00:00,1.5507211879655312
2018-09-06 13:00:00,0.999005335017362
2018-09-13 13:00:00,0.6850567169869618
2018-09-20 13:00:00,1.31628171006696
2018-09-27 13:00:00,0.7245773036548059
2018-10-04 13:00:00,0.46755767067455595
2018-10-18 13:00:00,0.7720344956654082
2018-10-25 13:00:00,0.8542797230842161
2018-11-01 13:00:00,0.973674855446372
2018-11-08 13:00:00,0.975416067923412
2018-11-15 13:00:00,0.9785478152383663
2018-11-22 13:00:00,0.46834159624806476
2018-11-29 13:00:00,1.60611594921287
2018-12-06 13:00:00,0.9273372989584332
2018-12-13 13:00:00,0.57711330278544
2018-12-20 13:00:00,1.5321784944638073
2018-12-27 13:00:00,0.292884232305281
2019-01-03 13:00:00,0.42143203491978715
2019-01-10 13:00:00,1.0511319431042518
2019-01-17 13:00:00,0.6882638738362036
2019-01-24 13:00:00,0.39692727244211473
2019-01-31 13:00:00,1.3122247328461485
2019-02-07 13:00:00,0.96038524224539
2019-02-14 13:00:00,0.8927054294089691
2019-02-21 13:00:00,1.6657607543284627
2019-02-28 13:00:00,1.1359292806806744
2019-03-07 13:00:00,1.327839517451668
2019-03-14 13:00:00,0.9569693328458966
2019-03-21 13:00:00,0.3931734657464087
2019-03-28 13:00:00,0.7629230313229658
2019-04-04 13:00:00,0.8670234945237771
2019-04-11 13:00:00,0.5027153914910094
2019-04-18 13:00:00,0.6089059201467596
2019-04-25 13:00:00,0.5851156489836481
2019-05-02 13:00:00,1.6998522480121194
2019-05-09 13:00:00,1.482213473155903
2019-05-16 13:00:00,0.43793841241761816
2019-05-23 13:00:00,0.9214456872414044
2019-05-30 13:00:00,0.7028175988218395
2019-06-13 13:00:00,0.695620184693212
2019-06-20 13:00:00,0.6056093416304248
2019-06-27 13:00:00,0.27492559536712347
2019-07-04 13:00:00,0.5079384991338363
2019-07-11 13:00:00,0.8336256486336118
2019-07-18 13:00:00,0.44611548039698695
2019-07-25 13:00:00,0.4733454237814893
2019-08-01 13:00:00,0.39437319802902837
2019-08-08 13:00:00,1.454059840229603
2019-08-15 13:00:00,0.471056020649866
2019-08-22 13:00:00,1.1597170526710308
2019-08-29 13:00:00,0.6224657292833707
2019-09-05 13:00:00,1.55689235011303
2019-09-12 13:00:00,0.5592075606280801
2019-09-19 13:00:00,0.6133326665296592
2019-09-26 13:00:00,0.8736972423112772
2019-10-03 13:00:00,0.4689742308624652
2019-10-10 13:00:00,0.7343913297856804
2019-10-17 13:00:00,0.8354450779369968
2019-10-24 13:00:00,1.643149528558058
2019-10-31 13:00:00,1.1372861897221478
2019-11-07 13:00:00,0.7485381282110581
2019-11-14 13:00:00,0.9969974037576118
2019-11-21 13:00:00,1.340587797640555
2019-11-28 13:00:00,0.5852616976132844
2019-12-05 13:00:00,1.575963608879922
2019-12-12 13:00:00,1.072245493730857
2019-12-19 13:00:00,0.6456450960264876
2019-12-26 13:00:00,1.2944074728076682
2020-01-02 13:00:00,1.3046822265641316
2020-01-09 13:00:00,1.0585392922136072
2020-01-16 13:00:00,0.7545074831781298
2020-01-23 13:00:00,0.8679551973434542
2020-01-30 13:00:00,1.2488635464812852
2020-02-06 13:00:00,0.8640272730820199
2020-02-13 13:00:00,1.5455900465325605
2020-02-20 13:00:00,1.1394324555649153
2020-02-27 13:00:00,0.6259752567905441
2020-03-05 13:00:00,0.6835407640457929
2020-03-12 13:00:00,0.4741779259733344
2020-03-19 13:00:00,0.6134521138795275
2020-03-26 13:00:00,2.6567470522727628
2018-01-04 14:00:00,1.1856745664243367
2018-01-11 14:00:00,0.887329218952332
2018-01-18 14:00:00,0.6065829895436299
2018-01-25 14:00:00,0.4277423515352685
2018-02-01 14:00:00,0.40872286249294915
2018-02-08 14:00:00,1.1473741321146655
2018-02-15 14:00:00,1.0778880639364874
2018-02-22 14:00:00,0.9100709310717218
2018-03-01 14:00:00,0.9491654218824973
2018-03-08 14:00:00,0.5724094846134166
2018-03-15 14:00:00,0.7641969649111647
2018-03-22 14:00:00,1.418340621669338
2018-03-29 14:00:00,0.6244013433277162
2018-04-12 14:00:00,0.7611640425510812
2018-04-19 14:00:00,1.0082430178762851
2018-04-26 14:00:00,0.7495156256481762
2018-05-03 14:00:00,0.805521709512394
2018-05-10 14:00:00,0.9465728181093169
2018-05-17 14:00:00,0.8354887435849416
2018-05-24 14:00:00,0.2931792153024523
2018-05-31 14:00:00,1.002283385003256
2018-06-07 14:00:00,0.8586175242513675
2018-06-14 14:00:00,0.7764849168657121
2018-06-21 14:00:00,0.8653082991644883
2018-06-28 14:00:00,0.709093793898144
2018-07-05 14:00:00,0.9262465261702035
2018-07-12 14:00:00,0.7625944920052073
2018-07-19 14:00:00,0.6175490469658497
2018-07-26 14:00:00,0.806647133763988
2018-08-02 14:00:00,1.8503559917519723
2018-08-09 14:00:00,0.7576896385903465
2018-08-16 14:00:00,1.472219391602103
2018-08-23 14:00:00,0.49988559188990694
2018-08-30 14:00:00,1.9229259540173167
2018-09-06 14:00:00,0.756407064648738
2018-09-13 14:00:00,1.047284616887196
2018-09-20 14:00:00,0.8686875291382163
2018-09-27 14:00:00,1.2218719420673378
2018-10-04 14:00:00,0.9083131170120762
2018-10-11 14:00:00,1.1069891117154957
2018-10-18 14:00:00,0.6742230890042812
2018-10-25 14:00:00,0.6728208593914687
2018-11-01 14:00:00,0.9006779998272101
2018-11-08 14:00:00,0.46150618531687515
2018-11-15 14:00:00,0.649884295719031
2018-11-22 14:00:00,1.70269639898261
2018-11-29 14:00:00,0.8688540356089652
2018-12-06 14:00:00,0.28417683420616946
2018-12-13 14:00:00,0.5455945847311461
2018-12-20 14:00:00,0.9883823246920731
2018-12-27 14:00:00,0.5946984317731869
2019-01-03 14:00:00,0.9724768467609987
2019-01-10 14:00:00,0.972368181622768
2019-01-17 14:00:00,0.9848125362180855
2019-01-24 14:00:00,0.5980501684185684
2019-01-31 14:00:00,1.561110376456752
2019-02-07 14:00:00,0.9625770740187028
2019-02-14 14:00:00,1.197062488598448
2019-02-21 14:00:00,0.5140129465490428
2019-02-28 14:00:00,2.7594293795853417
2019-03-07 14:00:00,0.6721510579228899
2019-03-14 14:00:00,0.7339335236677815
2019-03-21 14:00:00,1.0008346080896389
2019-03-28 14:00:00,0.3999991147308551
2019-04-04 14:00:00,0.883726605483877
2019-04-11 14:00:00,1.1692789369337222
2019-04-18 14:00:00,0.5127438694578129
2019-04-25 14:00:00,0.8951482380272515
2019-05-02 14:00:00,0.5938494287119772
2019-05-09 14:00:00,0.8345720790267535
2019-05-16 14:00:00,0.9654416600066804
2019-05-23 14:00:00,0.6338654345445023
2019-05-30 14:00:00,1.142644161123664
2019-06-13 14:00:00,0.34630628379996614
2019-06-20 14:00:00,0.9963975849446429
2019-06-27 14:00:00,0.4485309848873853
2019-07-04 14:00:00,1.0339620322061396
2019-07-11 14:00:00,0.989194124243289
2019-07-18 14:00:00,0.4618648976959963
2019-07-25 14:00:00,0.635198373946911
2019-08-01 14:00:00,1.0159857182582614
2019-08-08 14:00:00,1.7049718785819292
2019-08-15 14:00:00,1.8535687272082046
2019-08-22 14:00:00,0.6768299679442356
2019-08-29 14:00:00,1.0005120267567766
2019-09-05 14:00:00,0.5099099408560046
2019-09-12 14:00:00,0.9788503134891559
2019-09-19 14:00:00,0.7057447491520487
2019-09-26 14:00:00,1.321368125534309
2019-10-03 14:00:00,0.7337500590503846
2019-10-10 14:00:00,1.4722370957141033
2019-10-17 14:00:00,0.9712320844389633
2019-10-24 14:00:00,0.5016302266284165
2019-10-31 14:00:00,0.519199678311717
2019-11-07 14:00:00,0.9555164348652437
2019-11-14 14:00:00,1.2378480902180948
2019-11-21 14:00:00,0.6058257180687303
2019-11-28 14:00:00,1.4518513048550932
2019-12-05 14:00:00,0.8852300520603937
2019-12-12 14:00:00,0.9803615625816541
2019-12-19 14:00:00,0.7665719647074435
2019-12-26 14:00:00,0.5252528151779139
2020-01-02 14:00:00,0.6892162537079047
2020-01-09 14:00:00,1.032695165406829
2020-01-16 14:00:00,0.7258513889869894
2020-01-23 14:00:00,0.6707075905468934
2020-01-30 14:00:00,0.47648314420039933
2020-02-06 14:00:00,0.39832328959980967
2020-02-13 14:00:00,0.9585875900356158
2020-02-20 14:00:00,0.6396924303046311
2020-02-27 14:00:00,0.46724825222733407
2020-03-05 14:00:00,0.7976750877310573
2020-03-12 14:00:00,1.3574645545050192
2020-03-19 14:00:00,1.0609316684950194
2020-03-26 14:00:00,1.7346779686946883
2018-01-04 15:00:00,1.167062915896813
2018-01-11 15:00:00,0.8028083717633915
2018-01-18 15:00:00,0.4957091012633456
2018-01-25 15:00:00,0.4833051157609171
2018-02-01 15:00:00,0.5268053962133863
2018-02-08 15:00:00,1.2628329400431029
2018-02-15 15:00:00,0.4445520632753104
2018-02-22 15:00:00,0.4214698868400008
2018-03-01 15:00:00,1.0007668451110654
2018-03-08 15:00:00,0.7474309258889508
2018-03-15 15:00:00,0.5716401985060121
2018-03-22 15:00:00,1.2706805498948486
2018-03-29 15:00:00,0.7186010373411935
2018-04-12 15:00:00,0.5348008681638905
2018-04-19 15:00:00,1.0725790049250437
2018-04-26 15:00:00,0.9363628381161739
2018-05-03 15:00:00,1.0776033254502722
2018-05-10 15:00:00,0.9137491581365665
2018-05-17 15:00:00,0.9190501333762713
2018-05-24 15:00:00,0.9980200604656126
2018-05-31 15:00:00,0.9796139831698794
2018-06-07 15:00:00,0.4189985583057857
2018-06-14 15:00:00,1.6189250765247916
2018-06-21 15:00:00,1.1098107374573918
2018-06-28 15:00:00,0.6488848307389967
2018-07-05 15:00:00,0.9431543182576458
2018-07-12 15:00:00,0.47873094611812317
2018-07-19 15:00:00,0.6355901169263735
2018-07-26 15:00:00,1.2778308608863265
2018-08-02 15:00:00,0.3839671352748427
2018-08-09 15:00:00,0.4603801090318104
2018-08-16 15:00:00,0.7288538201510303
2018-08-23 15:00:00,0.3656456343628564
2018-08-30 15:00:00,1.2548208829226248
2018-09-06 15:00:00,0.4358091080821764
2018-09-13 15:00:00,0.47937632120027407
2018-09-20 15:00:00,0.299325319557572
2018-09-27 15:00:00,1.0122373512704708
2018-10-04 15:00:00,1.0166271898960018
2018-10-11 15:00:00,1.2663758042008217
2018-10-18 15:00:00,0.28736748962591935
2018-10-25 15:00:00,0.7711761552114036
2018-11-01 15:00:00,0.6662272808095483
2018-11-08 15:00:00,0.48974808601022674
2018-11-15 15:00:00,0.972887163685522
2018-11-22 15:00:00,0.7093468399532274
2018-11-29 15:00:00,0.784061259785061
2018-12-06 15:00:00,0.7038432407823602
2018-12-13 15:00:00,1.0673222063708823
2018-12-20 15:00:00,0.501670374558687
2018-12-27 15:00:00,0.9796019270326228
2019-01-03 15:00:00,0.5548260708490159
2019-01-10 15:00:00,0.3775276845894702
2019-01-17 15:00:00,0.6197913524949882
2019-01-24 15:00:00,0.7015444300547291
2019-01-31 15:00:00,0.663751435573124
2019-02-07 15:00:00,0.7932465924983085
2019-02-14 15:00:00,0.4749115926570466
2019-02-21 15:00:00,0.22776628031902107
2019-02-28 15:00:00,0.909712248171878
2019-03-07 15:00:00,0.5481584428258502
2019-03-14 15:00:00,0.8046710381004986
2019-03-21 15:00:00,0.7719717511433852
2019-03-28 15:00:00,0.42080508354348845
2019-04-04 15:00:00,0.8007994232107324
2019-04-11 15:00:00,1.5057508303360563
2019-04-18 15:00:00,0.9741073829072645
2019-04-25 15:00:00,1.8706977005616994
2019-05-02 15:00:00,0.658727606955754
2019-05-09 15:00:00,0.768602828594049
2019-05-16 15:00:00,0.8660300163745867
2019-05-23 15:00:00,0.9453263264742633
2019-05-30 15:00:00,0.8858149069670986
2019-06-13 15:00:00,0.5153955784304066
2019-06-20 15:00:00,0.4489765415127049
2019-06-27 15:00:00,1.0449370852734432
2019-07-04 15:00:00,0.7181164279634942
2019-07-11 15:00:00,1.0435744872000237
2019-07-18 15:00:00,0.5601589016244561
2019-07-25 15:00:00,1.049833716549652
2019-08-01 15:00:00,1.0295494807847536
2019-08-08 15:00:00,0.7083777345130581
2019-08-15 15:00:00,0.7910293433326866
2019-08-22 15:00:00,1.3695596507536925
2019-08-29 15:00:00,0.907087317427926
2019-09-05 15:00:00,0.8392807045030463
2019-09-12 15:00:00,0.32730864887363703
2019-09-19 15:00:00,1.069314882464213
2019-09-26 15:00:00,1.0200376841066143
2019-10-03 15:00:00,0.6986348620647308
2019-10-10 15:00:00,0.7129914344145697
2019-10-17 15:00:00,0.3399913792227757
2019-10-24 15:00:00,0.8813504034967434
2019-10-31 15:00:00,0.7869210569640298
2019-11-07 15:00:00,0.4417022292047867
2019-11-14 15:00:00,1.342023192830833
2019-11-21 15:00:00,2.2610815544970335
2019-11-28 15:00:00,0.6331277684232265
2019-12-05 15:00:00,0.9769524025512465
2019-12-12 15:00:00,1.0694218497405021
2019-12-19 15:00:00,0.6012173595777104
2019-12-26 15:00:00,2.074595007771972
2020-01-02 15:00:00,1.1291387882627595
2020-01-16 15:00:00,0.826453918967689
2020-01-23 15:00:00,1.0491248990527506
2020-01-30 15:00:00,0.9742126844601265
2020-02-06 15:00:00,1.149283557133125
2020-02-13 15:00:00,2.1426315034855663
2020-02-20 15:00:00,0.8685244800915264
2020-02-27 15:00:00,1.014883952009814
2020-03-05 15:00:00,0.4856243236839205
2020-03-12 15:00:00,0.394251790082856
2020-03-19 15:00:00,1.256001645422147
2020-03-26 15:00:00,1.5825779181300639
2018-01-04 16:00:00,1.360640250258266
2018-01-11 16:00:00,0.8777748099177928
2018-01-18 16:00:00,0.7366675308693275
2018-01-25 16:00:00,0.5202056218880026
2018-02-01 16:00:00,0.36616558175271646
2018-02-08 16:00:00,0.36672224183331875
2018-02-15 16:00:00,0.7166064121179412
2018-02-22 16:00:00,0.731218838729177
2018-03-01 16:00:00,0.316937195985252
2018-03-08 16:00:00,0.8003573583026612
2018-03-15 16:00:00,1.197076584427568
2018-03-22 16:00:00,1.1225568035598776
2018-03-29 16:00:00,1.1433052556676073
2018-04-12 16:00:00,0.743181296759928
2018-04-19 16:00:00,1.0672347292343365
2018-04-26 16:00:00,1.4548940507444559
2018-05-03 16:00:00,1.6626887223609748
2018-05-10 16:00:00,1.0311286204014651
2018-05-17 16:00:00,0.7911417960821304
2018-05-24 16:00:00,0.5353270741225824
2018-05-31 16:00:00,0.3835391482237674
2018-06-07 16:00:00,0.8559091157272489
2018-06-14 16:00:00,0.8048356688795051
2018-06-21 16:00:00,0.7779701507531491
2018-07-05 16:00:00,0.8584416729579979
2018-07-12 16:00:00,1.384820325187656
2018-07-19 16:00:00,0.975265616897291
2018-07-26 16:00:00,1.2028114509772336
2018-08-02 16:00:00,0.5682127000097684
2018-08-09 16:00:00,0.4793506691648843
2018-08-16 16:00:00,1.1882584181446358
2018-08-23 16:00:00,0.5782829003929004
2018-08-30 16:00:00,0.29952262514334
2018-09-06 16:00:00,1.3637365807687691
2018-09-13 16:00:00,1.1138643643139694
2018-09-20 16:00:00,0.8214132281926706
2018-09-27 16:00:00,0.7004678505707997
2018-10-04 16:00:00,1.3482533535741297
2018-10-11 16:00:00,0.5256591233134694
2018-10-18 16:00:00,1.1847247042667624
2018-10-25 16:00:00,0.5634570004334388
2018-11-01 16:00:00,1.9563042391304786
2018-11-08 16:00:00,1.0095115138941493
2018-11-15 16:00:00,1.0082798662198078
2018-11-22 16:00:00,0.4056512137693178
2018-11-29 16:00:00,1.2761961501767725
2018-12-06 16:00:00,0.6758874533294822
2018-12-13 16:00:00,0.4510492722935211
2018-12-20 16:00:00,1.1718325033778725
2018-12-27 16:00:00,0.7097318721186445
2019-01-03 16:00:00,1.4635461285926563
2019-01-10 16:00:00,0.5259995748155532
2019-01-17 16:00:00,0.36333529340689563
2019-01-24 16:00:00,0.716867690989809
2019-01-31 16:00:00,1.6028368168826719
2019-02-07 16:00:00,0.5850429877386186
2019-02-14 16:00:00,0.717710706811034
2019-02-21 16:00:00,0.6255802722278402
2019-02-28 16:00:00,0.6020643290944917
2019-03-07 16:00:00,0.44519391461701696
2019-03-14 16:00:00,0.7185862567866903
2019-03-21 16:00:00,0.6141983022999826
2019-03-28 16:00:00,1.4772437168559258
2019-04-04 16:00:00,0.9454651786331689
2019-04-11 16:00:00,0.8670299164442077
2019-04-25 16:00:00,1.5013243933283318
2019-05-02 16:00:00,0.8162901556581517
2019-05-09 16:00:00,0.8345839783163136
2019-05-16 16:00:00,0.8467919379449774
2019-05-23 16:00:00,0.6330622020002026
2019-05-30 16:00:00,1.0643208464820466
2019-06-13 16:00:00,0.4217378518452873
2019-06-20 16:00:00,0.31934432855928535
2019-06-27 16:00:00,1.2730823273661354
2019-07-04 16:00:00,0.951692961040725
2019-07-11 16:00:00,1.3503186563094585
2019-07-18 16:00:00,0.40131228809763336
2019-07-25 16:00:00,1.0662259063018635
2019-08-01 16:00:00,1.283396777403174
2019-08-08 16:00:00,0.5384288971006055
2019-08-15 16:00:00,1.1658424752917267
2019-08-22 16:00:00,1.4890927682184387
2019-08-29 16:00:00,0.9653923651454974
2019-09-05 16:00:00,0.536945321762492
2019-09-12 16:00:00,1.2810546898802544
2019-09-19 16:00:00,1.1191897629500223
2019-09-26 16:00:00,1.411565089435342
2019-10-03 16:00:00,0.6770336082715265
2019-10-10 16:00:00,1.014736620349466
2019-10-17 16:00:00,1.3541157186017136
2019-10-24 16:00:00,0.9952189917173516
2019-10-31 16:00:00,0.868665742923415
2019-11-07 16:00:00,2.2948091503824077
2019-11-14 16:00:00,1.1795574206626593
2019-11-21 16:00:00,0.6892808771199478
2019-11-28 16:00:00,0.3443759248243032
2019-12-05 16:00:00,1.6334916562500554
2019-12-12 16:00:00,0.7978720032477573
2019-12-19 16:00:00,1.0600730484506962
2019-12-26 16:00:00,0.6832999805314557
2020-01-02 16:00:00,0.8354049437397729
2020-01-09 16:00:00,0.5365275960410206
2020-01-23 16:00:00,1.6203688357881818
2020-01-30 16:00:00,0.7129283653888527
2020-02-06 16:00:00,1.0720744144604426
2020-02-13 16:00:00,1.104336465559768
2020-02-20 16:00:00,1.0336403331592152
2020-02-27 16:00:00,1.2400898566230079
2020-03-05 16:00:00,0.45690746147150263
2020-03-12 16:00:00,0.46915891539912463
2020-03-19 16:00:00,0.791897395920217
2020-03-26 16:00:00,0.9076434553274826
2018-01-04 17:00:00,0.9490906829772714
2018-01-11 17:00:00,1.635889363917754
2018-01-18 17:00:00,0.818405425922188
2018-01-25 17:00:00,0.7846177463477876
2018-02-01 17:00:00,0.8897398365738884
2018-02-08 17:00:00,0.8669619402441202
2018-02-15 17:00:00,0.6955829023841491
2018-02-22 17:00:00,1.0450897048265275
2018-03-01 17:00:00,1.0138098698367128
2018-03-08 17:00:00,0.8934880143635343
2018-03-15 17:00:00,1.5154010321595728
2018-03-22 17:00:00,0.6041699823388422
2018-03-29 17:00:00,0.3119125442267576
2018-04-12 17:00:00,1.298787831017181
2018-04-19 17:00:00,0.7788018171880874
2018-04-26 17:00:00,0.84065357820277
2018-05-03 17:00:00,0.856070786990015
2018-05-10 17:00:00,0.7479365687517001
2018-05-17 17:00:00,0.788848660328796
2018-05-24 17:00:00,0.836292667703852
2018-05-31 17:00:00,1.1171890015104713
2018-06-07 17:00:00,0.9129443488916198
2018-06-14 17:00:00,0.5906917800388275
2018-06-21 17:00:00,0.8387133165645954
2018-07-05 17:00:00,0.5775175809672843
2018-07-12 17:00:00,0.5080123310174356
2018-07-19 17:00:00,1.9809412743897759
2018-07-26 17:00:00,0.6771316733607978
2018-08-02 17:00:00,1.1194370210228617
2018-08-09 17:00:00,1.6355201926226033
2018-08-16 17:00:00,0.8742709716520566
2018-08-23 17:00:00,0.4738260381970731
2018-08-30 17:00:00,0.7458450996229863
2018-09-06 17:00:00,1.711869515777561
2018-09-13 17:00:00,0.7777079286145921
2018-09-20 17:00:00,1.2939889468107806
2018-09-27 17:00:00,2.305263091295305
2018-10-04 17:00:00,0.6809272374265459
2018-10-11 17:00:00,0.3801024807328286
2018-10-18 17:00:00,1.5476242922671826
2018-10-25 17:00:00,1.2952400908377995
2018-11-01 17:00:00,1.8243881243989255
2018-11-08 17:00:00,0.7028205428324507
2018-11-15 17:00:00,0.8804466261286312
2018-11-22 17:00:00,1.2705164042547918
2018-11-29 17:00:00,0.9975309382299613
2018-12-06 17:00:00,0.9956426689044976
2018-12-13 17:00:00,1.3209544521488161
2018-12-20 17:00:00,1.2088078050308604
2018-12-27 17:00:00,1.1298993878117805
2019-01-03 17:00:00,1.110240916142977
2019-01-10 17:00:00,0.878179849548635
2019-01-17 17:00:00,0.7148768897323821
2019-01-24 17:00:00,0.5636581802354965
2019-01-31 17:00:00,1.832041772430942
2019-02-07 17:00:00,1.217641385711156
2019-02-14 17:00:00,3.1551210303032917
2019-02-21 17:00:00,1.1140783923302646
2019-02-28 17:00:00,1.5506858377501869
2019-03-07 17:00:00,0.549645292196057
2019-03-14 17:00:00,1.6348463941116804
2019-03-21 17:00:00,0.44547925154538676
2019-03-28 17:00:00,0.6055791223239477
2019-04-04 17:00:00,1.2871374880829491
2019-04-11 17:00:00,0.6818885323000342
2019-04-18 17:00:00,0.6887791335659881
2019-04-25 17:00:00,1.042087536139158
2019-05-02 17:00:00,1.7882171317527928
2019-05-09 17:00:00,0.8044642787630504
2019-05-16 17:00:00,0.25999698536399357
2019-05-23 17:00:00,1.591641591109195
2019-05-30 17:00:00,0.43818331937751936
2019-06-13 17:00:00,0.6012628773327788
2019-06-20 17:00:00,0.659198580117712
2019-06-27 17:00:00,0.8898700227149667
2019-07-04 17:00:00,1.1131528539025601
2019-07-11 17:00:00,0.7100308946786958
2019-07-18 17:00:00,1.0459444957629305
2019-07-25 17:00:00,0.9392114332465256
2019-08-01 17:00:00,0.20427751687092657
2019-08-08 17:00:00,1.9456377349727594
2019-08-15 17:00:00,0.7589431939937021
2019-08-22 17:00:00,0.8126991368821151
2019-08-29 17:00:00,0.9629819218929704
2019-09-05 17:00:00,1.213181277048157
2019-09-12 17:00:00,1.4338830955766182
2019-09-19 17:00:00,2.07825227807993
2019-09-26 17:00:00,1.3944050940327193
2019-10-03 17:00:00,0.44564583943574115
2019-10-10 17:00:00,1.5922674382518736
2019-10-17 17:00:00,0.28245580815724636
2019-10-24 17:00:00,0.22131012611517484
2019-10-31 17:00:00,0.8232902477699438
2019-11-07 17:00:00,0.7031417950521156
2019-11-14 17:00:00,0.9364709391536874
2019-11-21 17:00:00,0.5839167664550946
2019-11-28 17:00:00,0.9247341349668459
2019-12-05 17:00:00,0.624429998900803
2019-12-12 17:00:00,0.731551809217105
2019-12-19 17:00:00,1.6733985980156338
2019-12-26 17:00:00,1.9950692654982225
2020-01-02 17:00:00,1.1525017569955722
2020-01-09 17:00:00,0.529180116758411
2020-01-23 17:00:00,0.6658951101926043
2020-01-30 17:00:00,3.4079326697722117
2020-02-06 17:00:00,0.7395688679106152
2020-02-13 17:00:00,1.2421052405262782
2020-02-20 17:00:00,1.0035051610428718
2020-02-27 17:00:00,0.2747551755248249
2020-03-05 17:00:00,1.4422677169625968
2020-03-12 17:00:00,0.7354702088146375
2020-03-19 17:00:00,1.5124679355405224
2020-03-26 17:00:00,1.8525473509741828
2018-01-04 18:00:00,1.0249459518588817
2018-01-11 18:00:00,0.8360601588446896
2018-01-18 18:00:00,1.1807691194102037
2018-01-25 18:00:00,0.8069789705873396
2018-02-01 18:00:00,1.3397540770861862
2018-02-08 18:00:00,0.8648844823670697
2018-02-15 18:00:00,1.5053526421471972
2018-02-22 18:00:00,1.087354485985189
2018-03-01 18:00:00,1.0661940038786428
2018-03-08 18:00:00,1.1671786191423283
2018-03-15 18:00:00,0.7106917380082184
2018-03-22 18:00:00,0.4420199341233493
2018-03-29 18:00:00,0.8926241392334983
2018-04-12 18:00:00,1.2678056907863926
2018-04-19 18:00:00,0.7232202702414462
2018-04-26 18:00:00,1.2836394322035933
2018-05-03 18:00:00,1.30007704391381
2018-05-10 18:00:00,0.9899597611263823
2018-05-17 18:00:00,0.35483738748306815
2018-05-24 18:00:00,1.981560270418884
2018-05-31 18:00:00,1.6271613314948756
2018-06-07 18:00:00,0.9145680203462871
2018-06-14 18:00:00,1.7310902324478274
2018-06-21 18:00:00,0.5684690178086771
2018-06-28 18:00:00,2.484849200867545
2018-07-05 18:00:00,1.4500536673187847
2018-07-12 18:00:00,0.8829841214016643
2018-07-19 18:00:00,0.7651246038386355
2018-07-26 18:00:00,1.2032158297528661
2018-08-02 18:00:00,0.9835780554727509
2018-08-09 18:00:00,0.5484050962051589
2018-08-16 18:00:00,1.2065127001688465
2018-08-23 18:00:00,2.09549307838768
2018-08-30 18:00:00,1.4285621735387588
2018-09-06 18:00:00,1.0582821684901333
2018-09-13 18:00:00,1.6292502265863507
2018-09-20 18:00:00,0.7649599410911224
2018-09-27 18:00:00,0.9201576317457151
2018-10-04 18:00:00,0.7563235903634774
2018-10-11 18:00:00,1.2123190826961543
2018-10-18 18:00:00,0.6790758217154574
2018-10-25 18:00:00,1.0959895317813322
2018-11-01 18:00:00,0.7752301195312193
2018-11-08 18:00:00,1.3111199551723987
2018-11-15 18:00:00,1.211706139869764
2018-11-22 18:00:00,1.467083560916912
2018-11-29 18:00:00,0.8174214274748125
2018-12-06 18:00:00,1.4211371795179566
2018-12-13 18:00:00,0.6833764361542857
2018-12-20 18:00:00,1.9986771833811345
2018-12-27 18:00:00,1.6399342935302312
2019-01-03 18:00:00,0.5362461236828103
2019-01-10 18:00:00,1.558354995707844
2019-01-17 18:00:00,0.6581090606365818
2019-01-24 18:00:00,0.7561473449101658
2019-01-31 18:00:00,1.0986282230176965
2019-02-07 18:00:00,0.5928650598087443
2019-02-14 18:00:00,0.6233859549216537
2019-02-21 18:00:00,0.8040059921677647
2019-02-28 18:00:00,0.9290886584091385
2019-03-07 18:00:00,0.6705146763118919
2019-03-14 18:00:00,0.7300801587085665
2019-03-21 18:00:00,1.0903344900001597
2019-03-28 18:00:00,0.685406928288954
2019-04-04 18:00:00,0.5618628609963048
2019-04-11 18:00:00,0.8731304728293451
2019-04-18 18:00:00,0.5852505617223295
2019-04-25 18:00:00,0.5423280581280913
2019-05-02 18:00:00,1.489180071769373
2019-05-09 18:00:00,0.5406839221011536
2019-05-16 18:00:00,0.5355144632872214
2019-05-23 18:00:00,1.4284889196446653
2019-05-30 18:00:00,0.9656592340607096
2019-06-13 18:00:00,0.6802754826787208
2019-06-20 18:00:00,1.2492244974468116
2019-06-27 18:00:00,0.7853661460356595
2019-07-04 18:00:00,1.1020293255676696
2019-07-11 18:00:00,0.8538514311859886
2019-07-18 18:00:00,1.4611316195206778
2019-07-25 18:00:00,1.9179242747207268
2019-08-01 18:00:00,1.2596886221266648
2019-08-08 18:00:00,1.453421557857511
2019-08-15 18:00:00,0.6867605680497386
2019-08-22 18:00:00,1.4142177884771208
2019-08-29 18:00:00,0.939806100355969
2019-09-05 18:00:00,0.8237670011645118
2019-09-12 18:00:00,1.0546392343111624
2019-09-19 18:00:00,0.8169760917975258
2019-09-26 18:00:00,2.161633839249179
2019-10-03 18:00:00,1.4954917368894731
2019-10-10 18:00:00,1.279928244262658
2019-10-17 18:00:00,1.1545300275345736
2019-10-24 18:00:00,0.421183775585699
2019-10-31 18:00:00,1.0225327882256219
2019-11-07 18:00:00,1.1006297132727518
2019-11-14 18:00:00,1.4273601070407522
2019-11-21 18:00:00,0.5931069051321702
2019-11-28 18:00:00,1.2627705774779525
2019-12-05 18:00:00,0.6284762974080873
2019-12-12 18:00:00,1.2865026409914846
2019-12-19 18:00:00,0.9159941026983865
2019-12-26 18:00:00,0.9836578631782786
2020-01-02 18:00:00,0.6185850123121945
2020-01-09 18:00:00,0.8476919156462016
2020-01-16 18:00:00,0.3078400117567623
2020-01-23 18:00:00,0.8686356450042597
2020-01-30 18:00:00,0.7626486493166562
2020-02-06 18:00:00,1.424433356385938
2020-02-13 18:00:00,1.3499602940177449
2020-02-20 18:00:00,0.9450478487328844
2020-02-27 18:00:00,0.8957223955339951
2020-03-05 18:00:00,0.37614031866865144
2020-03-12 18:00:00,0.6143752247874078
2020-03-19 18:00:00,2.93215227143742
2020-03-26 18:00:00,0.4961875711348013
2018-01-04 19:00:00,0.5941923929689973
2018-01-11 19:00:00,0.9384004863740603
2018-01-18 19:00:00,0.8018914863665734
2018-01-25 19:00:00,1.0947168625110284
2018-02-01 19:00:00,0.5222610463501455
2018-02-08 19:00:00,0.4058988541888622
2018-02-15 19:00:00,1.6383272558444697
2018-02-22 19:00:00,0.45869289962501936
2018-03-01 19:00:00,1.1789624753961265
2018-03-08 19:00:00,0.5551893750334213
2018-03-15 19:00:00,0.8981868365541
2018-03-22 19:00:00,1.494221069191103
2018-03-29 19:00:00,0.6342980478832766
2018-04-12 19:00:00,0.8766294271101465
2018-04-19 19:00:00,1.1511296433994758
2018-04-26 19:00:00,1.5715476494399259
2018-05-03 19:00:00,0.5156378620225355
2018-05-10 19:00:00,1.31004176926325
2018-05-17 19:00:00,1.481515785870645
2018-05-24 19:00:00,1.4763887058264127
2018-05-31 19:00:00,0.6826347734728634
2018-06-07 19:00:00,0.4044895521868908
2018-06-14 19:00:00,0.9082856759033587
2018-06-21 19:00:00,0.867506483715143
2018-06-28 19:00:00,1.132324923958714
2018-07-05 19:00:00,0.5709326512983117
2018-07-12 19:00:00,0.6189667840157059
2018-07-19 19:00:00,1.2327250562943362
2018-07-26 19:00:00,0.5679901196516981
2018-08-02 19:00:00,1.169476059156315
2018-08-09 19:00:00,0.5803567662712695
2018-08-16 19:00:00,1.4314993770599183
2018-08-23 19:00:00,1.3686053701771481
2018-08-30 19:00:00,0.932672635798569
2018-09-06 19:00:00,1.1831286995631973
2018-09-13 19:00:00,0.6897083743551714
2018-09-20 19:00:00,0.48125851649958307
2018-09-27 19:00:00,0.4023742272784346
2018-10-04 19:00:00,1.3343195592228219
2018-10-11 19:00:00,1.6363207137975706
2018-10-18 19:00:00,0.19889597167439999
2018-10-25 19:00:00,0.8882401562593528
2018-11-01 19:00:00,1.740038156847241
2018-11-08 19:00:00,2.3963931621434518
2018-11-15 19:00:00,1.0156108637074028
2018-11-22 19:00:00,1.1318407678894857
2018-11-29 19:00:00,0.8327247333943499
2018-12-06 19:00:00,1.2213792533770516
2018-12-13 19:00:00,1.0353592033097159
2018-12-20 19:00:00,1.0087632245276081
2018-12-27 19:00:00,1.1680072259675396
2019-01-03 19:00:00,0.5341455248603062
2019-01-10 19:00:00,0.6288866108657486
2019-01-17 19:00:00,0.4433950142521535
2019-01-24 19:00:00,1.021220146692243
2019-01-31 19:00:00,1.674629350805984
2019-02-07 19:00:00,0.5497706316481635
2019-02-14 19:00:00,0.262571041154128
2019-02-21 19:00:00,0.8245846203604357
2019-02-28 19:00:00,0.7572265483586398
2019-03-07 19:00:00,0.6909491915666419
2019-03-14 19:00:00,0.9986338847880301
2019-03-21 19:00:00,0.7742377669842504
2019-03-28 19:00:00,0.5822680703231379
2019-04-04 19:00:00,0.7529421232343403
2019-04-11 19:00:00,1.2216099312415256
2019-04-18 19:00:00,0.4513264363677903
2019-04-25 19:00:00,0.9180215380834069
2019-05-02 19:00:00,0.5999195461502883
2019-05-09 19:00:00,0.39959444028742325
2019-05-16 19:00:00,1.2259653375723187
2019-05-23 19:00:00,1.3842171222899278
2019-05-30 19:00:00,0.7519822366161804
2019-06-13 19:00:00,1.4434964402657826
2019-06-20 19:00:00,1.1897151598157427
2019-06-27 19:00:00,1.643627956973075
2019-07-04 19:00:00,0.5018146787537947
2019-07-11 19:00:00,0.7203232076723824
2019-07-18 19:00:00,1.5242840789555172
2019-07-25 19:00:00,0.9529332491474263
2019-08-01 19:00:00,1.0423226874746794
2019-08-08 19:00:00,0.8691671596787638
2019-08-15 19:00:00,0.8499315230406247
2019-08-22 19:00:00,1.365839177622088
2019-08-29 19:00:00,0.6620375907397306
2019-09-05 19:00:00,1.031235192034525
2019-09-12 19:00:00,1.2721439833660775
2019-09-19 19:00:00,0.23969498639199388
2019-09-26 19:00:00,0.6152252670305746
2019-10-03 19:00:00,1.2203858740617988
2019-10-10 19:00:00,1.4477451250399496
2019-10-17 19:00:00,1.3369574211813975
2019-10-24 19:00:00,0.9939207916547982
2019-10-31 19:00:00,1.5580917601111224
2019-11-07 19:00:00,0.7720702970478456
2019-11-14 19:00:00,0.819196602458681
2019-11-21 19:00:00,0.8798696594369125
2019-11-28 19:00:00,0.7790211519977875
2019-12-05 19:00:00,0.8419598714299544
2019-12-12 19:00:00,1.2025979856469906
2019-12-19 19:00:00,1.0534446956719143
2019-12-26 19:00:00,0.4956263952092817
2020-01-02 19:00:00,1.3266334735304952
2020-01-09 19:00:00,1.6434150176312483
2020-01-16 19:00:00,0.9263639388063248
2020-01-23 19:00:00,1.8160999479851418
2020-01-30 19:00:00,1.592175127444624
2020-02-06 19:00:00,1.0956757914232689
2020-02-13 19:00:00,0.8159011931881766
2020-02-20 19:00:00,0.5796746884515628
2020-02-27 19:00:00,0.3936327858600949
2020-03-05 19:00:00,0.5468044731362053
2020-03-12 19:00:00,1.1794588569162863
2020-03-19 19:00:00,1.3419077020089154
2020-03-26 19:00:00,1.337703762194604
2018-01-04 20:00:00,0.6176717258274959
2018-01-11 20:00:00,1.7860247407314565
2018-01-18 20:00:00,0.9895934015497472
2018-01-25 20:00:00,0.5863829599637965
2018-02-01 20:00:00,0.6895040456773055
2018-02-08 20:00:00,1.8874176469637218
2018-02-15 20:00:00,0.8195372966507032
2018-02-22 20:00:00,1.025722911497887
2018-03-01 20:00:00,0.5718833635306708
2018-03-08 20:00:00,0.9525583704007347
2018-03-15 20:00:00,0.7791162055080331
2018-03-22 20:00:00,0.8489972010147566
2018-03-29 20:00:00,1.1094618061495454
2018-04-12 20:00:00,1.0165217707523138
2018-04-19 20:00:00,0.47028949174543455
2018-04-26 20:00:00,1.193053869934428
2018-05-03 20:00:00,1.0369204488158217
2018-05-10 20:00:00,1.846039346622895
2018-05-17 20:00:00,1.4953172841773745
2018-05-24 20:00:00,1.3986176241306116
2018-05-31 20:00:00,0.5411900566928783
2018-06-07 20:00:00,1.002033121909493
2018-06-14 20:00:00,1.1123293016584044
2018-06-21 20:00:00,0.7050479680223135
2018-06-28 20:00:00,0.7118403809333483
2018-07-05 20:00:00,0.6695947622781938
2018-07-12 20:00:00,0.8603292110974563
2018-07-19 20:00:00,0.8223938693482244
2018-07-26 20:00:00,0.6397204880151296
2018-08-02 20:00:00,0.453532554166994
2018-08-09 20:00:00,0.7554792527234648
2018-08-16 20:00:00,0.8698976525994482
2018-08-23 20:00:00,0.5813280502182364
2018-08-30 20:00:00,0.3513622627426955
2018-09-06 20:00:00,2.0035846363815915
2018-09-13 20:00:00,0.446995480191359
2018-09-20 20:00:00,0.38595324925043967
2018-09-27 20:00:00,0.48925625503527925
2018-10-04 20:00:00,1.7122606971410559
2018-10-11 20:00:00,1.5093562601688955
2018-10-18 20:00:00,0.5057633868021271
2018-10-25 20:00:00,0.5498551552601578
2018-11-01 20:00:00,1.115890563319988
2018-11-08 20:00:00,1.7960975105171924
2018-11-15 20:00:00,0.3619748903443972
2018-11-22 20:00:00,0.9212295195058292
2018-11-29 20:00:00,1.4018313585603719
2018-12-06 20:00:00,1.2158763219759254
2018-12-13 20:00:00,0.516326413415183
2018-12-20 20:00:00,0.5971262430579791
2018-12-27 20:00:00,1.2838614082691775
2019-01-03 20:00:00,0.7623220794501164
2019-01-10 20:00:00,1.1462851125537614
2019-01-17 20:00:00,1.3963458913935263
2019-01-24 20:00:00,1.268372908028657
2019-01-31 20:00:00,1.4602629217700596
2019-02-07 20:00:00,1.6257879558171133
2019-02-14 20:00:00,0.7965586557950168
2019-02-21 20:00:00,0.7582648294271275
2019-02-28 20:00:00,1.0113490109701417
2019-03-07 20:00:00,0.785565635689041
2019-03-14 20:00:00,1.3213317686723154
2019-03-21 20:00:00,0.9972095264131352
2019-03-28 20:00:00,1.0853191164750153
2019-04-04 20:00:00,3.008832270048757
2019-04-11 20:00:00,0.43153148040532147
2019-04-18 20:00:00,0.868088892962365
2019-04-25 20:00:00,1.1423246139199459
2019-05-02 20:00:00,0.48301449907259064
2019-05-09 20:00:00,1.82110164227159
2019-05-16 20:00:00,1.3496331684846112
2019-05-23 20:00:00,0.49446885881031705
2019-05-30 20:00:00,0.7312727158140082
2019-06-13 20:00:00,0.9494144446432752
2019-06-20 20:00:00,0.42284878527275593
2019-06-27 20:00:00,0.6972345522268194
2019-07-04 20:00:00,0.5902838114701391
2019-07-11 20:00:00,1.2692338900255222
2019-07-18 20:00:00,1.0617942921615535
2019-07-25 20:00:00,0.7065015918819304
2019-08-01 20:00:00,0.8061922722973874
2019-08-08 20:00:00,1.2627957188205967
2019-08-15 20:00:00,1.0745998631680524
2019-08-22 20:00:00,1.0330506243397144
2019-08-29 20:00:00,0.841186788288927
2019-09-05 20:00:00,0.5343790232752255
2019-09-12 20:00:00,1.1855794020940527
2019-09-19 20:00:00,0.827717877398064
2019-09-26 20:00:00,0.8263515720817906
2019-10-03 20:00:00,1.2444679295535264
2019-10-10 20:00:00,0.36959882908107544
2019-10-17 20:00:00,2.5710359608295987
2019-10-24 20:00:00,1.9529466177609893
2019-10-31 20:00:00,0.9803419193092625
2019-11-07 20:00:00,0.8023246513356291
2019-11-14 20:00:00,1.0412767919637165
2019-11-21 20:00:00,0.8896332965810064
2019-11-28 20:00:00,1.5845327212307352
2019-12-05 20:00:00,0.6797423372077789
2019-12-12 20:00:00,0.900201962636935
2019-12-19 20:00:00,0.675042432559969
2019-12-26 20:00:00,0.9755127790183128
2020-01-02 20:00:00,3.009061984061907
2020-01-09 20:00:00,2.1166567928567614
2020-01-16 20:00:00,1.0988851764595988
2020-01-23 20:00:00,0.5531107603393813
2020-01-30 20:00:00,1.9018167794421699
2020-02-06 20:00:00,0.8740453122789897
2020-02-13 20:00:00,1.6697322729434578
2020-02-20 20:00:00,0.4676035521952466
2020-02-27 20:00:00,0.48812891018661286
2020-03-05 20:00:00,1.0161029174742344
2020-03-12 20:00:00,1.5723138201208637
2020-03-19 20:00:00,2.767949946422022
2020-03-26 20:00:00,1.1324126856235301
2018-01-04 21:00:00,2.1151568443558855
2018-01-11 21:00:00,0.8366295002401088
2018-01-18 21:00:00,1.4237116046182468
2018-01-25 21:00:00,1.3216223233773212
2018-02-01 21:00:00,1.0342479483777458
2018-02-08 21:00:00,1.6054491026659452
2018-02-15 21:00:00,1.3911225117498356
2018-02-22 21:00:00,0.938820996751755
2018-03-01 21:00:00,0.8127095716870464
2018-03-08 21:00:00,1.6122220119314374
2018-03-15 21:00:00,2.401108960001285
2018-03-22 21:00:00,0.9133766403329047
2018-03-29 21:00:00,0.8779322556156454
2018-04-12 21:00:00,0.7144731024383093
2018-04-19 21:00:00,1.3750198313680666
2018-04-26 21:00:00,1.0862519081560733
2018-05-03 21:00:00,1.0298856743830291
2018-05-10 21:00:00,1.146330984887359
2018-05-17 21:00:00,1.8723157441712839
2018-05-24 21:00:00,1.0545552373705396
2018-05-31 21:00:00,0.6164011531612419
2018-06-07 21:00:00,1.5002168618609313
2018-06-14 21:00:00,1.287565839342713
2018-06-21 21:00:00,0.7941966655291857
2018-06-28 21:00:00,0.615632789972453
2018-07-05 21:00:00,0.9824826753568854
2018-07-12 21:00:00,1.6482549348973847
2018-07-19 21:00:00,1.2664990436270471
2018-07-26 21:00:00,1.832228126318393
2018-08-02 21:00:00,0.7975356523260949
2018-08-09 21:00:00,1.0486801838541409
2018-08-16 21:00:00,2.06362354122783
2018-08-23 21:00:00,1.3391734699851487
2018-08-30 21:00:00,1.5826894677080163
2018-09-06 21:00:00,1.0246308837099543
2018-09-13 21:00:00,0.6497213861684337
2018-09-20 21:00:00,1.6338263748129849
2018-09-27 21:00:00,2.451316526806673
2018-10-04 21:00:00,0.5870450706362738
2018-10-11 21:00:00,1.3649494817022656
2018-10-18 21:00:00,0.9699988760084703
2018-10-25 21:00:00,1.1548557749936172
2018-11-01 21:00:00,0.8634778405451535
2018-11-08 21:00:00,1.9499908941965391
2018-11-15 21:00:00,1.0698866498052257
2018-11-22 21:00:00,0.5412283882235528
2018-11-29 21:00:00,0.5748722129133367
2018-12-06 21:00:00,2.3161580740954575
2018-12-13 21:00:00,0.699043679028715
2018-12-20 21:00:00,0.5759313418619323
2018-12-27 21:00:00,0.2222456717005625
2019-01-03 21:00:00,0.5476111961744217
2019-01-10 21:00:00,0.5263774745361037
2019-01-17 21:00:00,1.427462395556566
2019-01-24 21:00:00,1.7223116694850014
2019-01-31 21:00:00,0.848183255325574
2019-02-07 21:00:00,0.47808984823956124
2019-02-14 21:00:00,2.0081160146972308
2019-02-21 21:00:00,0.8503968673537227
2019-02-28 21:00:00,1.3067280230064953
2019-03-07 21:00:00,1.8881951239271615
2019-03-14 21:00:00,1.3046850630043128
2019-03-21 21:00:00,1.3871154029370656
2019-03-28 21:00:00,0.967992214725372
2019-04-04 21:00:00,1.3118676291437552
2019-04-11 21:00:00,0.582633827761216
2019-04-18 21:00:00,0.41629081819115815
2019-04-25 21:00:00,1.6760926473101827
2019-05-02 21:00:00,0.6380913633565124
2019-05-09 21:00:00,1.7654858688225923
2019-05-16 21:00:00,2.5324228635478545
2019-05-23 21:00:00,1.4990941251394456
2019-05-30 21:00:00,0.9302322031017679
2019-06-13 21:00:00,0.8250313713068814
2019-06-20 21:00:00,0.8730990762929165
2019-06-27 21:00:00,1.1262022502127973
2019-07-04 21:00:00,0.6149532774991866
2019-07-11 21:00:00,0.4108666726750163
2019-07-18 21:00:00,0.44055096222150764
2019-07-25 21:00:00,0.5980442630571972
2019-08-01 21:00:00,1.835579434663944
2019-08-08 21:00:00,1.6753914794415672
2019-08-15 21:00:00,0.5758276358862948
2019-08-22 21:00:00,1.2801692187381066
2019-08-29 21:00:00,0.4435686400033404
2019-09-05 21:00:00,1.9155426668919557
2019-09-12 21:00:00,0.7061214582212313
2019-09-19 21:00:00,1.4998405147963194
2019-09-26 21:00:00,2.6325366314281236
2019-10-03 21:00:00,0.4673274426017977
2019-10-10 21:00:00,1.2131199635149486
2019-10-17 21:00:00,0.5559492212585483
2019-10-24 21:00:00,0.8775321413014038
2019-10-31 21:00:00,0.9450044566826862
2019-11-07 21:00:00,1.0817495296924453
2019-11-14 21:00:00,2.0286724569847205
2019-11-21 21:00:00,0.49094516787776643
2019-11-28 21:00:00,1.4316264265679925
2019-12-05 21:00:00,1.2321978273814387
2019-12-12 21:00:00,1.3422751563754036
2019-12-19 21:00:00,0.2151269462990938
2019-12-26 21:00:00,1.0554450447972727
2020-01-02 21:00:00,0.9298164801777418
2020-01-09 21:00:00,0.3703846647202957
2020-01-16 21:00:00,0.5421140573643276
2020-01-23 21:00:00,0.9237538378321047
2020-01-30 21:00:00,0.9444644073379023
2020-02-06 21:00:00,0.8239157033745006
2020-02-13 21:00:00,1.06078265545558
2020-02-20 21:00:00,1.1967451290831779
2020-02-27 21:00:00,0.7284952173048471
2020-03-05 21:00:00,1.204191678366546
2020-03-12 21:00:00,1.2177201825951398
2020-03-19 21:00:00,2.8215868858243063
2020-03-26 21:00:00,0.8346868955717064
2018-01-04 22:00:00,0.6081271429625315
2018-01-11 22:00:00,1.2354013195573
2018-01-18 22:00:00,1.000953219494002
2018-01-25 22:00:00,1.275006692393288
2018-02-01 22:00:00,1.2803472914256981
2018-02-08 22:00:00,0.853093715057791
2018-02-15 22:00:00,0.4646940341628853
2018-02-22 22:00:00,0.9367401825982111
2018-03-01 22:00:00,0.3629879238519391
2018-03-08 22:00:00,1.2421741482183333
2018-03-15 22:00:00,1.077714039760113
2018-03-22 22:00:00,1.260312984899039
2018-03-29 22:00:00,1.4672500904588175
2018-04-12 22:00:00,0.8604653222599716
2018-04-19 22:00:00,1.1228749435907284
2018-04-26 22:00:00,0.4163922101231076
2018-05-03 22:00:00,1.556631789512475
2018-05-10 22:00:00,1.5172223852236684
2018-05-17 22:00:00,0.48152383621825023
2018-05-24 22:00:00,0.2831729578693145
2018-05-31 22:00:00,0.8576415483800393
2018-06-07 22:00:00,0.9692104421908248
2018-06-14 22:00:00,0.4225153486412139
2018-06-21 22:00:00,1.0074088361469706
2018-06-28 22:00:00,0.8073976810725937
2018-07-05 22:00:00,0.9250248364375274
2018-07-12 22:00:00,0.6755977876764333
2018-07-19 22:00:00,0.9022607709494842
2018-07-26 22:00:00,0.5323445923784128
2018-08-02 22:00:00,1.4059937449837794
2018-08-09 22:00:00,1.4533894413774262
2018-08-16 22:00:00,1.1257427648823755
2018-08-23 22:00:00,0.663245366330924
2018-08-30 22:00:00,0.954380893785386
2018-09-06 22:00:00,1.2213341945347622
2018-09-13 22:00:00,0.3010829770601598
2018-09-20 22:00:00,1.1779215988558422
2018-09-27 22:00:00,0.7872328350532741
2018-10-04 22:00:00,1.0853290335814654
2018-10-11 22:00:00,1.8854355234922209
2018-10-18 22:00:00,0.8441976513654641
2018-10-25 22:00:00,0.6316286482890734
2018-11-01 22:00:00,1.507928002848202
2018-11-08 22:00:00,1.2864268981665496
2018-11-15 22:00:00,1.6439626436483683
2018-11-22 22:00:00,2.717256446798563
2018-11-29 22:00:00,0.5819674652796473
2018-12-06 22:00:00,1.2839868500782738
2018-12-13 22:00:00,0.7746679880832297
2018-12-20 22:00:00,1.4881402380197573
2018-12-27 22:00:00,1.427847969517747
2019-01-03 22:00:00,1.0028196906333138
2019-01-10 22:00:00,1.7406348607645528
2019-01-17 22:00:00,0.7477489919935516
2019-01-24 22:00:00,1.4465730118447133
2019-01-31 22:00:00,0.8647329764906535
2019-02-07 22:00:00,1.8230211506547374
2019-02-14 22:00:00,0.6125084228838183
2019-02-21 22:00:00,1.7061724068983206
2019-02-28 22:00:00,0.7064481836961988
2019-03-07 22:00:00,1.4323973658798412
2019-03-14 22:00:00,1.5884344602248623
2019-03-21 22:00:00,1.8144659390485804
2019-03-28 22:00:00,0.6912225233221884
2019-04-04 22:00:00,1.7488653518956552
2019-04-11 22:00:00,0.5174444827803834
2019-04-18 22:00:00,0.8388085685494457
2019-04-25 22:00:00,0.9937804514843609
2019-05-02 22:00:00,2.2334479152022513
2019-05-09 22:00:00,0.9719744631737677
2019-05-16 22:00:00,1.263510134347217
2019-05-23 22:00:00,1.2420914192177377
2019-05-30 22:00:00,1.0339271647642998
2019-06-13 22:00:00,0.6439092321409292
2019-06-20 22:00:00,1.0371196239924259
2019-06-27 22:00:00,1.4715339470800697
2019-07-04 22:00:00,0.7317349038309935
2019-07-11 22:00:00,0.6849922863666993
2019-07-18 22:00:00,0.6774610174935701
2019-07-25 22:00:00,0.3349828028179208
2019-08-01 22:00:00,0.6980636045043898
2019-08-08 22:00:00,1.0813686711179915
2019-08-15 22:00:00,1.1826119240577406
2019-08-22 22:00:00,0.41840219543920315
2019-08-29 22:00:00,1.425788456383684
2019-09-05 22:00:00,0.7831088751469418
2019-09-12 22:00:00,0.8863613085741775
2019-09-19 22:00:00,1.4798818080500658
2019-09-26 22:00:00,1.456033068538977
2019-10-03 22:00:00,1.5313923594786545
2019-10-10 22:00:00,1.0675919748204672
2019-10-17 22:00:00,0.8112382417029217
2019-10-24 22:00:00,1.176606088107191
2019-10-31 22:00:00,0.6840368773685045
2019-11-07 22:00:00,0.5879454364596302
2019-11-14 22:00:00,1.3633062263217521
2019-11-21 22:00:00,1.5699026001927687
2019-11-28 22:00:00,0.47231270675579134
2019-12-05 22:00:00,0.7218542699257282
2019-12-12 22:00:00,1.7264647878061294
2019-12-19 22:00:00,0.7217732005184643
2019-12-26 22:00:00,0.6751155060607997
2020-01-02 22:00:00,1.4665938629089827
2020-01-09 22:00:00,1.602768484685153
2020-01-16 22:00:00,0.8706716209352056
2020-01-23 22:00:00,0.6742354633010254
2020-01-30 22:00:00,1.7788822459500289
2020-02-06 22:00:00,1.7904252595167356
2020-02-13 22:00:00,1.179557410248148
2020-02-20 22:00:00,2.5230233977898515
2020-02-27 22:00:00,0.9722865725651283
2020-03-05 22:00:00,1.4949291251424786
2020-03-12 22:00:00,0.6139160168386494
2020-03-19 22:00:00,2.065793990639885
2020-03-26 22:00:00,1.614807872435928
2018-01-04 23:00:00,1.214005702837605
2018-01-11 23:00:00,2.2139441425933595
2018-01-18 23:00:00,1.1879442734692427
2018-01-25 23:00:00,1.439178113735041
2018-02-01 23:00:00,0.6318035199330432
2018-02-08 23:00:00,0.7009290686998141
2018-02-15 23:00:00,1.8701700927796032
2018-02-22 23:00:00,1.459449622906464
2018-03-01 23:00:00,1.3109814969009623
2018-03-08 23:00:00,0.5166256895767434
2018-03-15 23:00:00,1.5461558390801875
2018-03-22 23:00:00,0.8775916266310966
2018-03-29 23:00:00,1.06587481354675
2018-04-12 23:00:00,1.1639051321951426
2018-04-19 23:00:00,0.8693137702815416
2018-04-26 23:00:00,0.6867795022921134
2018-05-03 23:00:00,1.0096230613965096
2018-05-10 23:00:00,1.3851496652694284
2018-05-17 23:00:00,1.3071772331390286
2018-05-24 23:00:00,1.6294795867216045
2018-05-31 23:00:00,1.085613361706483
2018-06-07 23:00:00,0.6705155062184883
2018-06-14 23:00:00,1.032549838926518
2018-06-21 23:00:00,0.5429831678186898
2018-06-28 23:00:00,0.7119807966706703
2018-07-05 23:00:00,1.388298884071771
2018-07-12 23:00:00,0.7668196157135004
2018-07-19 23:00:00,1.3907856008585227
2018-07-26 23:00:00,0.5163561885920387
2018-08-02 23:00:00,2.495529729453297
2018-08-09 23:00:00,1.6568205584453706
2018-08-16 23:00:00,0.930258410410618
2018-08-23 23:00:00,1.0539658797016729
2018-08-30 23:00:00,0.774685178922409
2018-09-06 23:00:00,1.5345772853333084
2018-09-13 23:00:00,1.2530781345033408
2018-09-20 23:00:00,1.7013082388410175
2018-09-27 23:00:00,1.2096930508859274
2018-10-04 23:00:00,3.1002407091895523
2018-10-11 23:00:00,0.9838450905656688
2018-10-18 23:00:00,0.8860646069545262
2018-10-25 23:00:00,1.4659255034922054
2018-11-01 23:00:00,1.0570767744820675
2018-11-08 23:00:00,1.209440495539053
2018-11-15 23:00:00,0.8497197037817873
2018-11-22 23:00:00,2.0721779266735623
2018-11-29 23:00:00,1.4476265095628722
2018-12-06 23:00:00,1.8106821511062905
2018-12-13 23:00:00,2.4635782186029673
2018-12-20 23:00:00,0.631471175836183
2018-12-27 23:00:00,0.9793943666892767
2019-01-03 23:00:00,2.2900310130014896
2019-01-10 23:00:00,0.6048216774302879
2019-01-17 23:00:00,0.8787560736962531
2019-01-24 23:00:00,1.6820944131255364
2019-01-31 23:00:00,1.6805605087721271
2019-02-07 23:00:00,1.7997258738007567
2019-02-14 23:00:00,0.8706942663900821
2019-02-21 23:00:00,2.3487870696011734
2019-02-28 23:00:00,1.3713344194390846
2019-03-07 23:00:00,2.481115131462935
2019-03-14 23:00:00,1.3481111531245642
2019-03-21 23:00:00,1.9293487165388084
2019-03-28 23:00:00,2.321935816723926
2019-04-04 23:00:00,1.2379980538932152
2019-04-11 23:00:00,1.3473699349405526
2019-04-18 23:00:00,0.9119892297700766
2019-04-25 23:00:00,1.0580399162800707
2019-05-02 23:00:00,2.4644027121318595
2019-05-09 23:00:00,0.5761283857836833
2019-05-16 23:00:00,1.3817251695468706
2019-05-23 23:00:00,0.5621587582339317
2019-05-30 23:00:00,1.1451908329171783
2019-06-13 23:00:00,1.25711743880299
2019-06-20 23:00:00,0.9873774584977938
2019-06-27 23:00:00,0.7210925141650962
2019-07-04 23:00:00,0.9826261502377057
2019-07-11 23:00:00,0.8234444941519907
2019-07-18 23:00:00,1.7493238402417213
2019-07-25 23:00:00,0.8436004162281389
2019-08-01 23:00:00,1.1569513273166645
2019-08-08 23:00:00,1.0772907741497852
2019-08-15 23:00:00,1.4632395342007205
2019-08-22 23:00:00,0.9490508806540066
2019-08-29 23:00:00,0.7193092084362459
2019-09-05 23:00:00,0.6430638306382654
2019-09-12 23:00:00,2.4482496434174297
2019-09-19 23:00:00,2.2392286371129595
2019-09-26 23:00:00,1.5472651319908508
2019-10-03 23:00:00,1.506307760422678
2019-10-10 23:00:00,1.7136733923302288
2019-10-17 23:00:00,1.8596832281580187
2019-10-24 23:00:00,1.1286515375377866
2019-10-31 23:00:00,1.424308925143958
2019-11-07 23:00:00,0.9639702918959149
2019-11-14 23:00:00,1.067165660530758
2019-11-21 23:00:00,0.9206180435413269
2019-11-28 23:00:00,0.4947589947154856
2019-12-05 23:00:00,1.1718672505408088
2019-12-12 23:00:00,0.6679943289409264
2019-12-19 23:00:00,0.8246202791125665
2019-12-26 23:00:00,0.43844499188948804
2020-01-02 23:00:00,1.1796927262503754
2020-01-09 23:00:00,0.909429247347256
2020-01-16 23:00:00,2.4960694655647
2020-01-23 23:00:00,1.1855570591054947
2020-01-30 23:00:00,1.878217320301884
2020-02-06 23:00:00,2.604774917445654
2020-02-13 23:00:00,0.8870179865957648
2020-02-20 23:00:00,3.0070412909757267
2020-02-27 23:00:00,1.5233135994902214
2020-03-05 23:00:00,1.9724144023589913
2020-03-12 23:00:00,0.7228286996992023
2020-03-19 23:00:00,0.5633095119403421
2020-03-26 23:00:00,2.3721108081199613
2018-01-05 00:00:00,1.171982578476647
2018-01-12 00:00:00,1.1508416607352003
2018-01-19 00:00:00,1.759211174853047
2018-01-26 00:00:00,2.5105279197796566
2018-02-02 00:00:00,1.1322777031768956
2018-02-09 00:00:00,1.4308355116634344
2018-02-16 00:00:00,1.5151462514102731
2018-02-23 00:00:00,1.3054251631509517
2018-03-02 00:00:00,1.2573102062540493
2018-03-09 00:00:00,1.845277847748065
2018-03-16 00:00:00,1.2601514866886796
2018-03-23 00:00:00,0.7352303095889653
2018-03-30 00:00:00,1.3541656040913135
2018-04-13 00:00:00,1.3739351705161857
2018-04-20 00:00:00,0.8091047800498674
2018-04-27 00:00:00,0.9720038801051113
2018-05-04 00:00:00,0.9640343048018993
2018-05-11 00:00:00,2.0156059693207773
2018-05-18 00:00:00,1.7210110624108552
2018-05-25 00:00:00,1.4219372464485527
2018-06-01 00:00:00,0.9655576567073979
2018-06-08 00:00:00,1.0290175995818858
2018-06-15 00:00:00,2.449142900777585
2018-06-22 00:00:00,0.8381864112916357
2018-06-29 00:00:00,2.0155820468401924
2018-07-06 00:00:00,0.7703778544247248
2018-07-13 00:00:00,2.045778663589619
2018-07-20 00:00:00,0.5246657966804397
2018-07-27 00:00:00,1.0744137921980317
2018-08-03 00:00:00,1.4205860970252497
2018-08-10 00:00:00,0.7468311755514861
2018-08-17 00:00:00,1.5265169494918505
2018-08-24 00:00:00,0.7535412234818735
2018-08-31 00:00:00,2.0652021971454526
2018-09-07 00:00:00,1.237636845674549
2018-09-14 00:00:00,2.3863391547118757
2018-09-21 00:00:00,1.2468169358094463
2018-09-28 00:00:00,2.669169814273459
2018-10-05 00:00:00,1.8480320499802179
2018-10-12 00:00:00,1.7513198007383757
2018-10-19 00:00:00,0.9022395614107852
2018-10-26 00:00:00,2.6122534356439795
2018-11-02 00:00:00,0.881807825540883
2018-11-09 00:00:00,2.7069721731840497
2018-11-16 00:00:00,1.021138118910018
2018-11-23 00:00:00,2.2817766784568723
2018-11-30 00:00:00,1.3342217206424398
2018-12-07 00:00:00,1.5321501118441125
2018-12-14 00:00:00,0.9559440452018879
2018-12-21 00:00:00,1.731214442586153
2018-12-28 00:00:00,1.1517031442047152
2019-01-04 00:00:00,0.8024345693975706
2019-01-11 00:00:00,1.344395587903319
2019-01-18 00:00:00,0.8468533124178551
2019-01-25 00:00:00,1.2478831574887481
2019-02-01 00:00:00,2.2399628142267773
2019-02-08 00:00:00,2.1490904946604394
2019-02-15 00:00:00,1.4695193123741952
2019-02-22 00:00:00,0.9596515610623415
2019-03-01 00:00:00,1.1211109935626127
2019-03-08 00:00:00,0.9302894408675714
2019-03-15 00:00:00,1.2324261774027376
2019-03-22 00:00:00,1.022048580969087
2019-03-29 00:00:00,1.8286307272091566
2019-04-05 00:00:00,1.8969066915113595
2019-04-12 00:00:00,0.3807656209710901
2019-04-19 00:00:00,0.8572754960318354
2019-04-26 00:00:00,0.8023075899321819
2019-05-03 00:00:00,1.953529768182363
2019-05-10 00:00:00,1.0742044990697774
2019-05-17 00:00:00,0.8612993609498505
2019-05-24 00:00:00,0.999364246414358
2019-05-31 00:00:00,0.5694765942258304
2019-06-14 00:00:00,1.0377708160432433
2019-06-21 00:00:00,0.7497156597805487
2019-06-28 00:00:00,1.492716125319329
2019-07-05 00:00:00,1.8348544844125536
2019-07-12 00:00:00,1.0585300823427446
2019-07-19 00:00:00,0.9736711918432265
2019-07-26 00:00:00,0.6322164002688453
2019-08-02 00:00:00,0.6946217296152466
2019-08-09 00:00:00,0.902471807175016
2019-08-16 00:00:00,0.8418764814234098
2019-08-23 00:00:00,0.9617579970869583
2019-08-30 00:00:00,1.043083194042839
2019-09-06 00:00:00,1.511181449347628
2019-09-13 00:00:00,1.1105734518943797
2019-09-20 00:00:00,1.0413895235628678
2019-09-27 00:00:00,0.6775922588618615
2019-10-04 00:00:00,0.8332268651239141
2019-10-11 00:00:00,1.0871694346420306
2019-10-18 00:00:00,1.772004849100155
2019-10-25 00:00:00,0.4185331818813395
2019-11-01 00:00:00,1.8223399369590558
2019-11-08 00:00:00,2.134831183117091
2019-11-15 00:00:00,1.4353296101303663
2019-11-22 00:00:00,1.8394862667735457
2019-11-29 00:00:00,2.5465473607259805
2019-12-06 00:00:00,1.3730496866071507
2019-12-13 00:00:00,1.4593547355685055
2019-12-20 00:00:00,1.4003306291634325
2019-12-27 00:00:00,1.3516709622189242
2020-01-03 00:00:00,1.1073380009142975
2020-01-10 00:00:00,1.0780194051766523
2020-01-17 00:00:00,2.762538511599188
2020-01-24 00:00:00,1.6893125548368328
2020-01-31 00:00:00,1.336072924237297
2020-02-07 00:00:00,3.029544750072321
2020-02-14 00:00:00,0.5959330793275343
2020-02-21 00:00:00,2.1302107649620043
2020-02-28 00:00:00,1.6712417326468783
2020-03-06 00:00:00,2.0628495910057354
2020-03-13 00:00:00,1.6063951326757318
2020-03-27 00:00:00,3.1235692311342356
2018-01-05 01:00:00,1.6500046195611644
2018-01-12 01:00:00,0.7921203149952881
2018-01-19 01:00:00,2.261227199033957
2018-01-26 01:00:00,1.9574356568087272
2018-02-02 01:00:00,1.0750582413109708
2018-02-09 01:00:00,2.3876734675380966
2018-02-16 01:00:00,1.8013842276363372
2018-02-23 01:00:00,1.1816658140541119
2018-03-02 01:00:00,1.5365852476172137
2018-03-09 01:00:00,1.698997556048925
2018-03-16 01:00:00,1.4356271420469637
2018-03-23 01:00:00,1.2830142783654965
2018-03-30 01:00:00,1.4795273101299036
2018-04-13 01:00:00,0.43122032043258435
2018-04-20 01:00:00,1.586136119225599
2018-04-27 01:00:00,0.5387015177621615
2018-05-04 01:00:00,1.4451830547645068
2018-05-11 01:00:00,0.5593279412166268
2018-05-18 01:00:00,0.8663779722737058
2018-05-25 01:00:00,0.9960695821057816
2018-06-01 01:00:00,0.9210973963833754
2018-06-08 01:00:00,2.2486999606176084
2018-06-15 01:00:00,0.7298689559347379
2018-06-22 01:00:00,0.4087967614049192
2018-06-29 01:00:00,0.5188294818087671
2018-07-06 01:00:00,1.3893095612417665
2018-07-13 01:00:00,0.6810322807406766
2018-07-20 01:00:00,1.60400321930316
2018-07-27 01:00:00,0.6585658713594194
2018-08-03 01:00:00,0.4793815173982064
2018-08-10 01:00:00,1.5656415717035277
2018-08-17 01:00:00,2.7992309599114127
2018-08-24 01:00:00,1.2679415836361319
2018-08-31 01:00:00,0.6760444139863987
2018-09-07 01:00:00,1.681700532727125
2018-09-14 01:00:00,1.0571250085993782
2018-09-21 01:00:00,1.4901997224294956
2018-09-28 01:00:00,0.5741075870530608
2018-10-05 01:00:00,2.1263670272608253
2018-10-12 01:00:00,1.2750134241130524
2018-10-19 01:00:00,1.55355694025213
2018-10-26 01:00:00,1.310900871914706
2018-11-02 01:00:00,0.7859052161625358
2018-11-09 01:00:00,2.030154883333402
2018-11-16 01:00:00,0.8051728164434957
2018-11-23 01:00:00,1.5029739632216967
2018-11-30 01:00:00,0.9189042855435431
2018-12-07 01:00:00,1.2280239382703058
2018-12-14 01:00:00,2.017215805840969
2018-12-21 01:00:00,0.899147576384687
2018-12-28 01:00:00,0.9384772839686719
2019-01-04 01:00:00,0.8863310110591048
2019-01-11 01:00:00,0.9579719517627082
2019-01-18 01:00:00,3.2281286208886013
2019-01-25 01:00:00,2.0255877397028192
2019-02-01 01:00:00,2.0316631059571573
2019-02-08 01:00:00,2.3208608922200544
2019-02-15 01:00:00,1.4030298143376783
2019-02-22 01:00:00,1.5618722475581717
2019-03-01 01:00:00,0.8464760915780624
2019-03-08 01:00:00,1.8211447462767523
2019-03-22 01:00:00,1.2530664550914585
2019-03-29 01:00:00,3.4147028029136774
2019-04-05 01:00:00,2.9840397394934826
2019-04-12 01:00:00,1.4008280859866347
2019-04-19 01:00:00,2.3801683305805184
2019-04-26 01:00:00,0.8567309625736209
2019-05-03 01:00:00,1.3057203530381145
2019-05-10 01:00:00,0.8771280994032955
2019-05-17 01:00:00,2.0595688363354516
2019-05-24 01:00:00,0.5473382782743145
2019-05-31 01:00:00,2.046540238093153
2019-06-14 01:00:00,1.298022334578053
2019-06-21 01:00:00,0.5627300773159812
2019-06-28 01:00:00,1.1384632150151688
2019-07-05 01:00:00,1.9351944400156929
2019-07-12 01:00:00,0.9576385047632211
2019-07-19 01:00:00,3.3810739998341615
2019-07-26 01:00:00,1.3837345910465408
2019-08-02 01:00:00,0.31370253422859334
2019-08-09 01:00:00,0.47161585472491424
2019-08-16 01:00:00,1.1882893498889289
2019-08-23 01:00:00,0.7471044140049194
2019-08-30 01:00:00,0.7903035866968184
2019-09-06 01:00:00,3.320781726787213
2019-09-13 01:00:00,3.1068894792691317
2019-09-20 01:00:00,1.1063864239299073
2019-09-27 01:00:00,1.6209207764026248
2019-10-04 01:00:00,1.8780619262898757
2019-10-11 01:00:00,0.8358707899752466
2019-10-18 01:00:00,0.6021911507587526
2019-10-25 01:00:00,0.9220335046127139
2019-11-01 01:00:00,3.367532887448529
2019-11-08 01:00:00,1.135698577601007
2019-11-15 01:00:00,1.349757364025256
2019-11-22 01:00:00,2.81028444519322
2019-11-29 01:00:00,0.9820243371031028
2019-12-06 01:00:00,1.028056281263232
2019-12-13 01:00:00,1.099160965324452
2019-12-20 01:00:00,1.3582442450681673
2019-12-27 01:00:00,1.3414852911990907
2020-01-03 01:00:00,1.6684529098635712
2020-01-10 01:00:00,1.7129495226967317
2020-01-17 01:00:00,2.5593285816971956
2020-01-24 01:00:00,2.70891940944859
2020-01-31 01:00:00,2.8908856338502695
2020-02-07 01:00:00,1.917501018245804
2020-02-14 01:00:00,1.8703535935085236
2020-02-21 01:00:00,2.175426986680911
2020-02-28 01:00:00,2.808192685742826
2020-03-06 01:00:00,1.957968313303027
2020-03-13 01:00:00,0.9111468714291282
2020-03-27 01:00:00,1.3086554903339933
2018-01-05 02:00:00,1.9224721845589239
2018-01-12 02:00:00,3.521284379131679
2018-01-19 02:00:00,1.046031345464274
2018-01-26 02:00:00,2.272602675815302
2018-02-02 02:00:00,0.7528934492058048
2018-02-09 02:00:00,2.5288197406430064
2018-02-16 02:00:00,1.718496649583228
2018-02-23 02:00:00,2.226261574619346
2018-03-02 02:00:00,0.9953046638698032
2018-03-09 02:00:00,1.9504013776719624
2018-03-16 02:00:00,1.014747167092751
2018-03-23 02:00:00,1.7347658515498285
2018-03-30 02:00:00,0.9982153428235796
2018-04-13 02:00:00,1.0971742810942147
2018-04-20 02:00:00,1.4926395757679114
2018-04-27 02:00:00,0.3906025511477387
2018-05-04 02:00:00,1.129448518367983
2018-05-11 02:00:00,1.1610136605599233
2018-05-18 02:00:00,1.3120969099655684
2018-05-25 02:00:00,0.7754396726901898
2018-06-01 02:00:00,0.6668909473439003
2018-06-08 02:00:00,1.9437029858054156
2018-06-15 02:00:00,0.5923315162701467
2018-06-22 02:00:00,2.182945572691883
2018-06-29 02:00:00,1.0566946314855115
2018-07-06 02:00:00,0.9558659526541526
2018-07-13 02:00:00,2.0089601430347104
2018-07-20 02:00:00,1.1102699581904978
2018-07-27 02:00:00,1.4089683493447105
2018-08-03 02:00:00,2.8458050031650486
2018-08-10 02:00:00,0.37926284527233695
2018-08-17 02:00:00,1.913953634887812
2018-08-24 02:00:00,1.076056056417132
2018-08-31 02:00:00,1.4636617490728832
2018-09-07 02:00:00,1.9338161168247967
2018-09-14 02:00:00,1.9608835548494223
2018-09-21 02:00:00,1.4646409123883382
2018-09-28 02:00:00,1.3408058594858416
2018-10-05 02:00:00,1.4929619014930227
2018-10-12 02:00:00,2.2088410258066986
2018-10-19 02:00:00,1.8738407655662503
2018-10-26 02:00:00,2.062712395051966
2018-11-02 02:00:00,1.3007112749383598
2018-11-09 02:00:00,2.0024805642676538
2018-11-16 02:00:00,2.203460890526505
2018-11-23 02:00:00,1.7085888499157533
2018-11-30 02:00:00,1.2064259564468256
2018-12-07 02:00:00,2.241059853382089
2018-12-14 02:00:00,2.767043956008576
2018-12-21 02:00:00,0.39032410575583576
2018-12-28 02:00:00,0.752121881941276
2019-01-04 02:00:00,1.7014458925484286
2019-01-11 02:00:00,0.636663991606591
2019-01-18 02:00:00,2.9838141669337843
2019-01-25 02:00:00,1.0961966446139417
2019-02-01 02:00:00,2.0552796488338343
2019-02-08 02:00:00,1.5464870497078056
2019-02-15 02:00:00,1.9854823535273478
2019-02-22 02:00:00,1.2417043832143497
2019-03-01 02:00:00,1.5480748122721721
2019-03-08 02:00:00,1.5006559157705417
2019-03-15 02:00:00,1.6386004290730696
2019-03-22 02:00:00,2.209466748350826
2019-03-29 02:00:00,0.3655338633982586
2019-04-05 02:00:00,1.5447209026466646
2019-04-12 02:00:00,1.2720544406355077
2019-04-19 02:00:00,1.433870586749741
2019-04-26 02:00:00,0.8848170779240115
2019-05-03 02:00:00,0.8020968087885718
2019-05-10 02:00:00,0.9157779514925751
2019-05-17 02:00:00,0.8906058519865883
2019-05-24 02:00:00,1.9483015403838593
2019-05-31 02:00:00,0.8307805713651389
2019-06-14 02:00:00,1.3190956324816827
2019-06-21 02:00:00,1.705196203942036
2019-06-28 02:00:00,1.7097796114916741
2019-07-05 02:00:00,1.0221013291547092
2019-07-12 02:00:00,1.0322208093385945
2019-07-19 02:00:00,1.679438959067014
2019-07-26 02:00:00,0.7480114973196011
2019-08-02 02:00:00,1.2703518101708509
2019-08-09 02:00:00,1.0484163488741878
2019-08-16 02:00:00,1.2831433485934287
2019-08-23 02:00:00,1.3786166572267118
2019-08-30 02:00:00,0.844802337883321
2019-09-06 02:00:00,1.2501747222483746
2019-09-13 02:00:00,2.069208586015895
2019-09-20 02:00:00,2.1627839886138953
2019-09-27 02:00:00,1.6126055467623504
2019-10-04 02:00:00,0.7591876995262805
2019-10-11 02:00:00,1.4686847278277255
2019-10-18 02:00:00,1.3806673231581967
2019-10-25 02:00:00,0.4314655615985849
2019-11-01 02:00:00,1.056614855063801
2019-11-08 02:00:00,1.589503651195238
2019-11-15 02:00:00,2.0799074213835236
2019-11-22 02:00:00,1.775545245577039
2019-11-29 02:00:00,0.9206784473392134
2019-12-06 02:00:00,0.6275894043121658
2019-12-13 02:00:00,0.7892435761422595
2019-12-20 02:00:00,1.0164746117303058
2019-12-27 02:00:00,1.2663876619670487
2020-01-03 02:00:00,1.086598384613875
2020-01-10 02:00:00,2.1532579874829465
2020-01-17 02:00:00,2.17456786474594
2020-01-24 02:00:00,0.7803344264406916
2020-01-31 02:00:00,0.9291566323963897
2020-02-07 02:00:00,1.5226397523058839
2020-02-14 02:00:00,1.3699583627831138
2020-02-21 02:00:00,1.213980666902916
2020-02-28 02:00:00,1.8965033318398294
2020-03-06 02:00:00,2.0184515234774465
2020-03-13 02:00:00,0.587770454679181
2020-03-27 02:00:00,2.2123713380463936
2018-01-05 03:00:00,1.0437408958022103
2018-01-12 03:00:00,2.447959158232784
2018-01-19 03:00:00,0.94295940767004
2018-01-26 03:00:00,0.782589737452809
2018-02-02 03:00:00,1.2988906010137375
2018-02-09 03:00:00,1.4570431026915318
2018-02-16 03:00:00,0.6445855874909956
2018-02-23 03:00:00,0.9246153248065531
2018-03-02 03:00:00,1.1241746259976788
2018-03-09 03:00:00,1.173274243248858
2018-03-16 03:00:00,2.4309634961832045
2018-03-23 03:00:00,1.4717190678180778
2018-03-30 03:00:00,0.8324657313587409
2018-04-13 03:00:00,1.5071588363487372
2018-04-20 03:00:00,0.7519653827805323
2018-04-27 03:00:00,0.5155736752779501
2018-05-04 03:00:00,0.8214174542380798
2018-05-11 03:00:00,0.7282972026410196
2018-05-18 03:00:00,1.567402227803355
2018-05-25 03:00:00,2.6000178219728154
2018-06-01 03:00:00,0.7148237242590216
2018-06-15 03:00:00,1.790548826258701
2018-06-22 03:00:00,1.17505385931049
2018-06-29 03:00:00,1.2915458544178628
2018-07-06 03:00:00,0.7490728991039766
2018-07-13 03:00:00,0.8052758628731351
2018-07-20 03:00:00,0.64437098975816
2018-07-27 03:00:00,0.8469439228396781
2018-08-03 03:00:00,3.554505377642419
2018-08-10 03:00:00,0.9678371237295246
2018-08-17 03:00:00,1.2463803970540508
2018-08-24 03:00:00,0.8413891231484193
2018-08-31 03:00:00,0.635459678853536
2018-09-07 03:00:00,1.8130117355242594
2018-09-14 03:00:00,1.2450556568888502
2018-09-21 03:00:00,0.41910795727852873
2018-09-28 03:00:00,0.7668986482444117
2018-10-05 03:00:00,2.5253323192596615
2018-10-12 03:00:00,0.803686011365123
2018-10-19 03:00:00,0.8123278117026821
2018-10-26 03:00:00,1.6400674231473409
2018-11-02 03:00:00,0.9177457263004501
2018-11-09 03:00:00,1.2654525354068709
2018-11-16 03:00:00,1.8198675341111832
2018-11-23 03:00:00,1.051607285181913
2018-11-30 03:00:00,1.055384718552892
2018-12-07 03:00:00,0.9365017959632844
2018-12-14 03:00:00,1.1812203434297184
2018-12-21 03:00:00,1.093735987552167
2018-12-28 03:00:00,1.0435210426707986
2019-01-04 03:00:00,0.5269329713144905
2019-01-11 03:00:00,1.1384058297984982
2019-01-18 03:00:00,0.4089728021802907
2019-01-25 03:00:00,0.45770003669448245
2019-02-01 03:00:00,1.862347149525267
2019-02-08 03:00:00,0.8044800701329063
2019-02-15 03:00:00,1.195120903487017
2019-02-22 03:00:00,2.189557267930441
2019-03-01 03:00:00,1.3950494959697843
2019-03-08 03:00:00,3.38700757241128
2019-03-15 03:00:00,0.7801889172321808
2019-03-22 03:00:00,1.9506507440198526
2019-03-29 03:00:00,0.8282263328673587
2019-04-05 03:00:00,0.9171963849745978
2019-04-12 03:00:00,1.0565924829512399
2019-04-19 03:00:00,0.8211973621973365
2019-04-26 03:00:00,0.8219109862337609
2019-05-03 03:00:00,1.413410960013283
2019-05-10 03:00:00,2.881397653518404
2019-05-17 03:00:00,1.5058767281148753
2019-05-24 03:00:00,1.7193964165136002
2019-05-31 03:00:00,0.5984751163252567
2019-06-14 03:00:00,1.3362519988245596
2019-06-21 03:00:00,1.0871846495483337
2019-06-28 03:00:00,0.9154736217211769
2019-07-05 03:00:00,0.9799409765060706
2019-07-12 03:00:00,1.5151112895239098
2019-07-19 03:00:00,0.929017249210576
2019-07-26 03:00:00,1.0088019870579665
2019-08-02 03:00:00,1.5753310784987367
2019-08-09 03:00:00,0.4379527070083946
2019-08-16 03:00:00,2.5452981244460937
2019-08-23 03:00:00,2.8504498443514805
2019-08-30 03:00:00,1.3424984897141445
2019-09-06 03:00:00,1.0295180025290176
2019-09-13 03:00:00,0.7123721592343507
2019-09-20 03:00:00,1.1475638741749021
2019-09-27 03:00:00,1.3375120686740356
2019-10-04 03:00:00,2.639706208902044
2019-10-11 03:00:00,0.8242118342560459
2019-10-18 03:00:00,1.2079935615847044
2019-10-25 03:00:00,0.8944879619956467
2019-11-01 03:00:00,0.9487582135314568
2019-11-08 03:00:00,1.9596444134976454
2019-11-15 03:00:00,1.4181906746467694
2019-11-22 03:00:00,0.7916174055748469
2019-11-29 03:00:00,1.4101644060271845
2019-12-06 03:00:00,0.6296615495383594
2019-12-13 03:00:00,0.6658860199434818
2019-12-20 03:00:00,1.1559151643647316
2019-12-27 03:00:00,1.2456360120290226
2020-01-03 03:00:00,2.319756884505275
2020-01-10 03:00:00,2.3188437577899417
2020-01-17 03:00:00,1.838376235739288
2020-01-24 03:00:00,2.488180094196741
2020-01-31 03:00:00,2.077150846955836
2020-02-07 03:00:00,1.1320637620426284
2020-02-14 03:00:00,3.8469114246499614
2020-02-21 03:00:00,0.9810838264844597
2020-02-28 03:00:00,1.758131285945403
2020-03-06 03:00:00,1.8308550788372637
2020-03-13 03:00:00,0.6176534296103611
2020-03-27 03:00:00,1.8273847343336624
2018-01-05 04:00:00,0.9306747220853095
2018-01-12 04:00:00,0.40763117781550834
2018-01-19 04:00:00,0.3498705700460667
2018-01-26 04:00:00,0.9962834567147364
2018-02-02 04:00:00,0.8774449226057913
2018-02-09 04:00:00,0.8868770679925363
2018-02-16 04:00:00,0.8327279136885987
2018-02-23 04:00:00,1.1505729245759122
2018-03-02 04:00:00,1.059241924295435
2018-03-09 04:00:00,0.8160248842245256
2018-03-16 04:00:00,1.2274692808752299
2018-03-23 04:00:00,0.6931074392537202
2018-03-30 04:00:00,0.2237222281614727
2018-04-13 04:00:00,0.8928673188127758
2018-04-20 04:00:00,0.5572216017593048
2018-04-27 04:00:00,0.390235054251493
2018-05-04 04:00:00,1.3596968443109518
2018-05-11 04:00:00,1.5089293604474323
2018-05-18 04:00:00,0.8520749479380579
2018-05-25 04:00:00,1.3900125245453643
2018-06-01 04:00:00,0.9496285775346879
2018-06-08 04:00:00,0.9077405493670175
2018-06-15 04:00:00,0.48035461412684605
2018-06-22 04:00:00,1.3556370707080951
2018-06-29 04:00:00,1.1443521841238922
2018-07-06 04:00:00,0.5030391801197566
2018-07-13 04:00:00,1.1928765926437808
2018-07-20 04:00:00,0.7024807119450395
2018-07-27 04:00:00,0.7612527562106911
2018-08-03 04:00:00,0.874882586233142
2018-08-10 04:00:00,2.6014926200327637
2018-08-24 04:00:00,1.3314674547583565
2018-08-31 04:00:00,0.9219550590565181
2018-09-07 04:00:00,1.5110965170669262
2018-09-14 04:00:00,1.1499199208949615
2018-09-21 04:00:00,1.1508521830115348
2018-09-28 04:00:00,1.2354926934558867
2018-10-05 04:00:00,0.6187631209644882
2018-10-12 04:00:00,0.5475497289688211
2018-10-26 04:00:00,1.0048620316203294
2018-11-02 04:00:00,1.5473630005139742
2018-11-09 04:00:00,1.3652318964626216
2018-11-16 04:00:00,1.2815836802131357
2018-11-23 04:00:00,0.8668364716144762
2018-11-30 04:00:00,2.1029680932682377
2018-12-07 04:00:00,0.36610703400131295
2018-12-14 04:00:00,0.7123912223327759
2018-12-21 04:00:00,0.7657070473836163
2018-12-28 04:00:00,0.3505999352750361
2019-01-04 04:00:00,1.0360698163101696
2019-01-11 04:00:00,0.949946820331075
2019-01-18 04:00:00,1.3952278189679408
2019-01-25 04:00:00,0.5725834649391197
2019-02-01 04:00:00,1.253910617662016
2019-02-08 04:00:00,0.5933694323154418
2019-02-15 04:00:00,0.7239123114958284
2019-02-22 04:00:00,1.4920475348706184
2019-03-01 04:00:00,1.3742924918230324
2019-03-08 04:00:00,1.3566595959721348
2019-03-15 04:00:00,0.9451106237689333
2019-03-22 04:00:00,0.8100124922393642
2019-03-29 04:00:00,0.4787256937033806
2019-04-05 04:00:00,1.4492974044646507
2019-04-12 04:00:00,0.5420890421281985
2019-04-19 04:00:00,0.7787020272087615
2019-04-26 04:00:00,1.9498555449311155
2019-05-03 04:00:00,0.7423443042303264
2019-05-10 04:00:00,0.8628288493151169
2019-05-17 04:00:00,0.8782852820547747
2019-05-24 04:00:00,1.3030936785903993
2019-05-31 04:00:00,0.6830099260337872
2019-06-14 04:00:00,0.4858355876363483
2019-06-21 04:00:00,0.43347213140981
2019-06-28 04:00:00,0.5845865753085868
2019-07-05 04:00:00,0.939210763516416
2019-07-12 04:00:00,0.6434586781289293
2019-07-19 04:00:00,0.689733386368734
2019-07-26 04:00:00,0.6647121155606031
2019-08-02 04:00:00,0.598439854900646
2019-08-09 04:00:00,1.243275105905637
2019-08-16 04:00:00,0.28035610654706256
2019-08-23 04:00:00,0.6006215925613887
2019-08-30 04:00:00,1.1653915485922817
2019-09-06 04:00:00,0.5654154881459577
2019-09-13 04:00:00,0.9016744625864948
2019-09-20 04:00:00,0.6379572132556123
2019-09-27 04:00:00,1.4878896177501963
2019-10-04 04:00:00,0.6339645105450931
2019-10-11 04:00:00,1.398132949895288
2019-10-18 04:00:00,0.6544852020364823
2019-10-25 04:00:00,0.7410973398041871
2019-11-01 04:00:00,0.6778842483225
2019-11-08 04:00:00,0.4263331221911021
2019-11-15 04:00:00,0.5531777784205029
2019-11-22 04:00:00,1.157031852402764
2019-11-29 04:00:00,0.8210945467119298
2019-12-06 04:00:00,0.7306493714439968
2019-12-13 04:00:00,0.42438897754380756
2019-12-20 04:00:00,0.48273964593411806
2019-12-27 04:00:00,0.7649001774945229
2020-01-03 04:00:00,0.6618137626806916
2020-01-10 04:00:00,0.9485505432471983
2020-01-17 04:00:00,0.91773897625725
2020-01-24 04:00:00,0.9379988420876538
2020-01-31 04:00:00,0.663242351484642
2020-02-07 04:00:00,0.49276716071651844
2020-02-14 04:00:00,0.4989131642436229
2020-02-21 04:00:00,0.5955599393518527
2020-02-28 04:00:00,0.5984456014403609
2020-03-06 04:00:00,0.26696550049078316
2020-03-13 04:00:00,2.300605786741109
2020-03-27 04:00:00,1.5701099155097455
2018-01-05 05:00:00,0.5038822637261903
2018-01-12 05:00:00,0.3961127408386204
2018-01-19 05:00:00,0.4100357979012217
2018-01-26 05:00:00,0.3118068715448042
2018-02-02 05:00:00,0.3920992251926316
2018-02-09 05:00:00,0.6132788495412652
2018-02-16 05:00:00,0.7341023548427285
2018-02-23 05:00:00,0.48380864211043684
2018-03-02 05:00:00,0.4557211907790846
2018-03-09 05:00:00,0.26445618029350376
2018-03-16 05:00:00,0.603388139136019
2018-03-23 05:00:00,0.45216042816310775
2018-03-30 05:00:00,0.39635015369948945
2018-04-13 05:00:00,0.4087190979628837
2018-04-20 05:00:00,0.38735820578251084
2018-04-27 05:00:00,0.21534038709140738
2018-05-04 05:00:00,0.4152423722114629
2018-05-11 05:00:00,0.40100535254964503
2018-05-18 05:00:00,0.49692100381687876
2018-05-25 05:00:00,0.34170091419291737
2018-06-01 05:00:00,0.18647144246729233
2018-06-08 05:00:00,0.3221317693909681
2018-06-15 05:00:00,1.0670162371536764
2018-06-22 05:00:00,0.33375119982237506
2018-06-29 05:00:00,0.38024757170211687
2018-07-06 05:00:00,0.5827980492960183
2018-07-13 05:00:00,0.26073972468236106
2018-07-20 05:00:00,0.4519072648956322
2018-07-27 05:00:00,0.3381808410437493
2018-08-03 05:00:00,0.17504417553178026
2018-08-10 05:00:00,0.24103250412289112
2018-08-17 05:00:00,0.6073235033007276
2018-08-24 05:00:00,0.6187906957664363
2018-08-31 05:00:00,0.5090312028379701
2018-09-07 05:00:00,0.4046923221754853
2018-09-14 05:00:00,0.20471167983611346
2018-09-21 05:00:00,0.4718141539711114
2018-09-28 05:00:00,0.19048992273800355
2018-10-05 05:00:00,0.5420636841724937
2018-10-12 05:00:00,0.5497998179837061
2018-10-19 05:00:00,0.4681781304411351
2018-10-26 05:00:00,0.14108476150919472
2018-11-02 05:00:00,0.34660138450429595
2018-11-09 05:00:00,0.7492466804385152
2018-11-16 05:00:00,0.4213231823625766
2018-11-23 05:00:00,0.6936476686697461
2018-11-30 05:00:00,0.2802105643853925
2018-12-07 05:00:00,0.6831846665031494
2018-12-14 05:00:00,0.3042362052172958
2018-12-21 05:00:00,0.39038966752359755
2018-12-28 05:00:00,0.7999641467530065
2019-01-04 05:00:00,0.973611635165009
2019-01-11 05:00:00,0.296695409231368
2019-01-18 05:00:00,0.580922595036868
2019-01-25 05:00:00,0.44685694433967005
2019-02-01 05:00:00,0.7022562878122136
2019-02-08 05:00:00,0.642749861188902
2019-02-15 05:00:00,0.38395848010879813
2019-02-22 05:00:00,0.5615369262554492
2019-03-01 05:00:00,0.43819326754538757
2019-03-08 05:00:00,0.273708619921383
2019-03-15 05:00:00,0.411389197845271
2019-03-22 05:00:00,0.46367596121495336
2019-03-29 05:00:00,0.6823833584042239
2019-04-05 05:00:00,0.5774991960562851
2019-04-12 05:00:00,0.8942079141628276
2019-04-19 05:00:00,0.6522176076520854
2019-04-26 05:00:00,0.7371332240438836
2019-05-03 05:00:00,0.36345859794845237
2019-05-10 05:00:00,0.3690256848357607
2019-05-17 05:00:00,0.34550410103883883
2019-05-24 05:00:00,0.8619512057453373
2019-05-31 05:00:00,0.7346199400598366
2019-06-14 05:00:00,0.16563292349006659
2019-06-21 05:00:00,0.40850412216811643
2019-06-28 05:00:00,0.5886340272251602
2019-07-05 05:00:00,0.4834598795546296
2019-07-12 05:00:00,0.4110146497303537
2019-07-19 05:00:00,0.7307292194246852
2019-07-26 05:00:00,0.8820608137490119
2019-08-02 05:00:00,0.8252900556822357
2019-08-09 05:00:00,1.2801880961008152
2019-08-16 05:00:00,0.3703073054988274
2019-08-23 05:00:00,0.6114451784384494
2019-08-30 05:00:00,0.5075965358001543
2019-09-06 05:00:00,0.40414711659807817
2019-09-13 05:00:00,0.4690679858576899
2019-09-20 05:00:00,0.32399013051892533
2019-09-27 05:00:00,1.1902098686667488
2019-10-04 05:00:00,0.6353668267690323
2019-10-11 05:00:00,0.22795301241350965
2019-10-18 05:00:00,0.4669897634367152
2019-10-25 05:00:00,0.46913741559432104
2019-11-01 05:00:00,0.3831067880936689
2019-11-08 05:00:00,0.8124169315131694
2019-11-15 05:00:00,0.42905754657657846
2019-11-22 05:00:00,0.5967172571349507
2019-11-29 05:00:00,0.9808356963044936
2019-12-06 05:00:00,0.9773010111356556
2019-12-13 05:00:00,0.6990704712621664
2019-12-20 05:00:00,0.5136700033059374
2019-12-27 05:00:00,0.7153674461903788
2020-01-03 05:00:00,0.5256354461162832
2020-01-10 05:00:00,0.576571460387696
2020-01-17 05:00:00,0.6385577286351767
2020-01-24 05:00:00,1.2605755252061253
2020-01-31 05:00:00,0.4804725889313093
2020-02-07 05:00:00,0.5857061305424638
2020-02-14 05:00:00,1.5632606812652634
2020-02-21 05:00:00,0.20983193325092755
2020-02-28 05:00:00,0.9176080062083416
2020-03-06 05:00:00,0.9783518573449245
2020-03-13 05:00:00,0.63084536676178
2020-03-27 05:00:00,0.7000735705029365
2018-01-05 06:00:00,0.3685497793478387
2018-01-12 06:00:00,0.3114081050915146
2018-01-19 06:00:00,0.6245962107325016
2018-01-26 06:00:00,0.2641174638196644
2018-02-02 06:00:00,0.2523299309309774
2018-02-09 06:00:00,0.1931662258770466
2018-02-16 06:00:00,0.3840644552828391
2018-02-23 06:00:00,0.34606211035885803
2018-03-02 06:00:00,0.2008588628279693
2018-03-09 06:00:00,0.44585764469894057
2018-03-16 06:00:00,0.5247325591099832
2018-03-23 06:00:00,0.2689612669727198
2018-03-30 06:00:00,0.45764230071045114
2018-04-13 06:00:00,0.23639965319348524
2018-04-20 06:00:00,0.1923020548042834
2018-04-27 06:00:00,0.2535925694804708
2018-05-04 06:00:00,0.18401752915449973
2018-05-11 06:00:00,0.2671193683294322
2018-05-18 06:00:00,0.29239547788993925
2018-05-25 06:00:00,0.27760649893835393
2018-06-01 06:00:00,0.27971971103544024
2018-06-08 06:00:00,0.29675967531908654
2018-06-15 06:00:00,0.3038749025363244
2018-06-22 06:00:00,0.18842140799884688
2018-06-29 06:00:00,0.45075293245710524
2018-07-06 06:00:00,0.5109472683989933
2018-07-13 06:00:00,0.5889436973224462
2018-07-20 06:00:00,0.33746501689504915
2018-07-27 06:00:00,0.22418268400266073
2018-08-03 06:00:00,0.34288655688117936
2018-08-10 06:00:00,0.5341457182344724
2018-08-17 06:00:00,0.3516697509990614
2018-08-24 06:00:00,0.29902151121552434
2018-08-31 06:00:00,0.4694797765172837
2018-09-07 06:00:00,0.0920636599110169
2018-09-14 06:00:00,0.2610104187749988
2018-09-21 06:00:00,0.39896651089271745
2018-09-28 06:00:00,0.440343199130852
2018-10-05 06:00:00,0.07164192737015086
2018-10-12 06:00:00,0.32520902637863414
2018-10-19 06:00:00,0.2964968899011364
2018-10-26 06:00:00,0.47564158973555676
2018-11-02 06:00:00,0.2841487238022253
2018-11-09 06:00:00,0.3858223025337807
2018-11-16 06:00:00,0.22542020801970647
2018-11-23 06:00:00,0.22594806628098826
2018-11-30 06:00:00,0.41872594346371517
2018-12-07 06:00:00,0.14691919708289453
2018-12-14 06:00:00,0.14098005412962775
2018-12-21 06:00:00,0.15074621458321266
2018-12-28 06:00:00,0.4314055236167609
2019-01-04 06:00:00,0.24013146196794027
2019-01-11 06:00:00,0.2384043963857396
2019-01-18 06:00:00,0.29285005658508984
2019-01-25 06:00:00,1.04589484259831
2019-02-01 06:00:00,0.3943706335640238
2019-02-08 06:00:00,0.2973673681523759
2019-02-15 06:00:00,0.1952665607513825
2019-02-22 06:00:00,0.23179267071089962
2019-03-01 06:00:00,0.5745035956602144
2019-03-08 06:00:00,0.18796767739844147
2019-03-15 06:00:00,0.2565776857359648
2019-03-22 06:00:00,0.1685627299686672
2019-03-29 06:00:00,0.3408140414198279
2019-04-05 06:00:00,0.5150683630529714
2019-04-12 06:00:00,0.4351038931187658
2019-04-19 06:00:00,0.18143174755082864
2019-04-26 06:00:00,0.2847366933528603
2019-05-03 06:00:00,0.7149990493995301
2019-05-10 06:00:00,0.3615978748945109
2019-05-17 06:00:00,0.2877883751786265
2019-05-24 06:00:00,0.3358277839971055
2019-05-31 06:00:00,0.4979860292801146
2019-06-14 06:00:00,0.10170775343968813
2019-06-21 06:00:00,0.3239588465554985
2019-06-28 06:00:00,0.11782089636374202
2019-07-05 06:00:00,0.517675349094916
2019-07-12 06:00:00,0.5622659187205034
2019-07-19 06:00:00,0.30779618029408357
2019-07-26 06:00:00,0.2769929594501251
2019-08-02 06:00:00,0.35590470797987167
2019-08-09 06:00:00,0.6386246630566969
2019-08-16 06:00:00,0.2721459324026187
2019-08-23 06:00:00,0.3977116260823308
2019-08-30 06:00:00,0.41662130789641133
2019-09-06 06:00:00,0.5041058049221809
2019-09-13 06:00:00,0.5140625882858176
2019-09-20 06:00:00,0.34819547372574283
2019-09-27 06:00:00,0.15733818843067793
2019-10-04 06:00:00,0.6657542163468367
2019-10-11 06:00:00,0.23145898414663577
2019-10-18 06:00:00,0.7029016689347573
2019-10-25 06:00:00,0.634485291598772
2019-11-01 06:00:00,0.3065302291739105
2019-11-08 06:00:00,0.6188007266282585
2019-11-15 06:00:00,0.1780952599816135
2019-11-22 06:00:00,0.35292052316559086
2019-11-29 06:00:00,0.3584782569555152
2019-12-06 06:00:00,0.5151250739323203
2019-12-13 06:00:00,0.2600223448821365
2019-12-20 06:00:00,0.8525447452865119
2019-12-27 06:00:00,0.7593937419476078
2020-01-03 06:00:00,0.837989472451252
2020-01-10 06:00:00,0.6062131297101935
2020-01-17 06:00:00,0.40128152111566673
2020-01-24 06:00:00,0.7147088938527353
2020-01-31 06:00:00,0.6016935649063914
2020-02-07 06:00:00,0.5122692716705979
2020-02-14 06:00:00,1.1515494874991838
2020-02-21 06:00:00,0.3830451540567726
2020-02-28 06:00:00,0.9706784829500973
2020-03-06 06:00:00,0.7802653682435774
2020-03-13 06:00:00,0.19571534402349447
2020-03-20 06:00:00,0.23561071414713095
2020-03-27 06:00:00,0.5662157807372575
2018-01-05 07:00:00,0.5321459488513878
2018-01-12 07:00:00,0.5849219656524862
2018-01-19 07:00:00,0.7919604120391963
2018-01-26 07:00:00,0.5534777520750735
2018-02-02 07:00:00,0.3714962919279238
2018-02-09 07:00:00,0.45897075745077226
2018-02-16 07:00:00,0.46577556031081374
2018-02-23 07:00:00,0.5415274674415717
2018-03-02 07:00:00,0.5609906798913702
2018-03-09 07:00:00,0.5046148762958688
2018-03-16 07:00:00,0.8293820321627631
2018-03-23 07:00:00,0.40325213968026025
2018-03-30 07:00:00,0.441438209042948
2018-04-13 07:00:00,1.0035758271147022
2018-04-20 07:00:00,0.6912188599078001
2018-04-27 07:00:00,0.27400222001879987
2018-05-04 07:00:00,0.5872811836589918
2018-05-11 07:00:00,0.2821524203616781
2018-05-18 07:00:00,0.38042662542187833
2018-05-25 07:00:00,0.6001927499173816
2018-06-01 07:00:00,0.414550407136014
2018-06-08 07:00:00,0.5191031836863838
2018-06-15 07:00:00,0.445236614608928
2018-06-22 07:00:00,0.534579222840518
2018-06-29 07:00:00,0.8317035602848566
2018-07-06 07:00:00,0.5562422466482005
2018-07-13 07:00:00,0.6258538374802779
2018-07-20 07:00:00,0.7314408197968876
2018-07-27 07:00:00,0.8049260392177628
2018-08-03 07:00:00,0.6281655303885755
2018-08-10 07:00:00,0.3352948578849197
2018-08-17 07:00:00,0.7602695075813963
2018-08-24 07:00:00,0.372448855404327
2018-08-31 07:00:00,0.36652030593187723
2018-09-07 07:00:00,0.580974458648438
2018-09-14 07:00:00,0.6096153479963928
2018-09-21 07:00:00,1.0829271024741847
2018-09-28 07:00:00,0.305838425113405
2018-10-05 07:00:00,0.2978225347372735
2018-10-12 07:00:00,0.49839348755842533
2018-10-19 07:00:00,0.26242690054067364
2018-10-26 07:00:00,0.2546436129955767
2018-11-02 07:00:00,0.7758575972425902
2018-11-09 07:00:00,0.42400720024206784
2018-11-16 07:00:00,0.89734129766328
2018-11-23 07:00:00,0.6548294564389567
2018-11-30 07:00:00,0.3949339567940969
2018-12-07 07:00:00,0.3714727927761785
2018-12-14 07:00:00,0.5038950330861118
2018-12-21 07:00:00,0.7546144769749769
2018-12-28 07:00:00,0.6310637980684418
2019-01-04 07:00:00,0.48177723259523314
2019-01-11 07:00:00,0.5256461908749988
2019-01-18 07:00:00,0.4077866757490512
2019-01-25 07:00:00,0.7183827531250846
2019-02-01 07:00:00,0.3105630117750442
2019-02-08 07:00:00,0.5602147657806703
2019-02-15 07:00:00,0.4569859047310464
2019-02-22 07:00:00,0.3331206000757669
2019-03-01 07:00:00,0.7038685718037597
2019-03-08 07:00:00,0.19560752618284238
2019-03-15 07:00:00,0.3102627439496199
2019-03-22 07:00:00,0.32077278937652814
2019-03-29 07:00:00,0.4199219400600972
2019-04-05 07:00:00,0.9292872412686889
2019-04-12 07:00:00,0.564269615076505
2019-04-19 07:00:00,0.34286087010017785
2019-04-26 07:00:00,0.398915412400497
2019-05-03 07:00:00,0.5431897159095471
2019-05-10 07:00:00,0.4149280100151732
2019-05-17 07:00:00,0.6736948927277756
2019-05-24 07:00:00,0.4589063986808777
2019-05-31 07:00:00,0.2849531217035832
2019-06-14 07:00:00,0.6385894442594516
2019-06-21 07:00:00,0.8586618909779636
2019-06-28 07:00:00,0.5990286592231049
2019-07-05 07:00:00,0.6073002835151602
2019-07-12 07:00:00,0.769748573690555
2019-07-19 07:00:00,0.7447177061127692
2019-07-26 07:00:00,0.6395424123007863
2019-08-02 07:00:00,0.34469121654413293
2019-08-09 07:00:00,0.7797273958439951
2019-08-16 07:00:00,0.8949659515031004
2019-08-23 07:00:00,0.6466180132504706
2019-08-30 07:00:00,0.17330036519155054
2019-09-06 07:00:00,0.5199020053933104
2019-09-13 07:00:00,0.5236050044708145
2019-09-20 07:00:00,0.6079835893641775
2019-09-27 07:00:00,0.49582844540507676
2019-10-04 07:00:00,0.4946338010542727
2019-10-11 07:00:00,0.7522471159570538
2019-10-18 07:00:00,0.08210549941874715
2019-10-25 07:00:00,0.34737867510187526
2019-11-01 07:00:00,0.5252149091606121
2019-11-08 07:00:00,1.16365840263385
2019-11-15 07:00:00,0.6114131364348291
2019-11-22 07:00:00,0.5455826482087243
2019-11-29 07:00:00,0.37756417290727634
2019-12-06 07:00:00,0.346200966220357
2019-12-13 07:00:00,0.4243755710246966
2019-12-20 07:00:00,0.24117729512034058
2019-12-27 07:00:00,1.0969433419642318
2020-01-03 07:00:00,0.41899647889423147
2020-01-10 07:00:00,0.7809494690462868
2020-01-17 07:00:00,0.5047322887061937
2020-01-24 07:00:00,0.7716587481426413
2020-01-31 07:00:00,0.49833135740686463
2020-02-07 07:00:00,0.7428905316443619
2020-02-14 07:00:00,1.0634058341626194
2020-02-21 07:00:00,0.5849962998501845
2020-02-28 07:00:00,0.40263488913197054
2020-03-06 07:00:00,1.1361262526385159
2020-03-13 07:00:00,1.2130246702061926
2020-03-20 07:00:00,1.3245632671395164
2020-03-27 07:00:00,0.7196848676042463
2018-01-05 08:00:00,0.8068358207438888
2018-01-12 08:00:00,0.41052647630929223
2018-01-19 08:00:00,0.423837001145896
2018-01-26 08:00:00,0.26634161013993557
2018-02-02 08:00:00,0.3519614024402903
2018-02-09 08:00:00,0.18200205340452186
2018-02-16 08:00:00,0.21404234061022046
2018-02-23 08:00:00,0.5603364063247461
2018-03-02 08:00:00,0.3210750034957496
2018-03-09 08:00:00,0.8861053140838007
2018-03-16 08:00:00,0.37645401443861687
2018-03-23 08:00:00,0.26429160198665025
2018-03-30 08:00:00,0.6712491114273325
2018-04-13 08:00:00,0.39067848969104085
2018-04-20 08:00:00,0.5143092987874237
2018-04-27 08:00:00,0.6348113638215664
2018-05-04 08:00:00,0.24770611250435678
2018-05-11 08:00:00,0.6352601263177362
2018-05-18 08:00:00,0.3860481360249952
2018-05-25 08:00:00,0.4957527079154461
2018-06-01 08:00:00,0.5401440674740625
2018-06-08 08:00:00,0.19349396242856276
2018-06-15 08:00:00,0.4787424701758298
2018-06-22 08:00:00,0.3764691341924668
2018-06-29 08:00:00,0.4436248792912702
2018-07-06 08:00:00,0.5495432747886425
2018-07-13 08:00:00,0.53473230329309
2018-07-20 08:00:00,0.4222982218358441
2018-07-27 08:00:00,0.42879512574030304
2018-08-03 08:00:00,0.6413578518759234
2018-08-10 08:00:00,0.5207127465251188
2018-08-17 08:00:00,1.0627454688325173
2018-08-24 08:00:00,0.8961240852851851
2018-08-31 08:00:00,0.5434504750173375
2018-09-07 08:00:00,0.4873403340824906
2018-09-14 08:00:00,0.46110195843056107
2018-09-21 08:00:00,0.7571220793437847
2018-09-28 08:00:00,0.4718344672574799
2018-10-05 08:00:00,0.19995672690104807
2018-10-12 08:00:00,0.7803687939164232
2018-10-19 08:00:00,0.33294086037845755
2018-10-26 08:00:00,0.5655488314201342
2018-11-02 08:00:00,0.3445564956998905
2018-11-09 08:00:00,0.9278929553896879
2018-11-16 08:00:00,0.5336069818574166
2018-11-23 08:00:00,1.0346244146904675
2018-11-30 08:00:00,0.4777674367121784
2018-12-07 08:00:00,0.4825988449497595
2018-12-14 08:00:00,0.2522967101831149
2018-12-21 08:00:00,0.38520716625162515
2018-12-28 08:00:00,0.47393568864672575
2019-01-04 08:00:00,0.45298285859779247
2019-01-11 08:00:00,0.21022066077297874
2019-01-18 08:00:00,0.5273474001174976
2019-01-25 08:00:00,0.3921196724971958
2019-02-01 08:00:00,0.23611386438604368
2019-02-08 08:00:00,0.30589700509236295
2019-02-15 08:00:00,0.18944913343871322
2019-02-22 08:00:00,0.5889993411979471
2019-03-01 08:00:00,0.7034164763837839
2019-03-08 08:00:00,0.6101770216068408
2019-03-15 08:00:00,0.3093458955560646
2019-03-22 08:00:00,0.5665038292502161
2019-03-29 08:00:00,0.7634739407676149
2019-04-05 08:00:00,0.2710512974931937
2019-04-12 08:00:00,0.2801143401673026
2019-04-19 08:00:00,0.3960669157616057
2019-05-03 08:00:00,0.43524812544943364
2019-05-10 08:00:00,0.44435848534118894
2019-05-17 08:00:00,0.5715283330183379
2019-05-24 08:00:00,0.4826162687448176
2019-05-31 08:00:00,0.3029588794416448
2019-06-14 08:00:00,0.37959892605682216
2019-06-21 08:00:00,0.5788243658790974
2019-06-28 08:00:00,0.4156553600304095
2019-07-05 08:00:00,0.15038167890059964
2019-07-12 08:00:00,0.7124995572186243
2019-07-19 08:00:00,0.5254568164181267
2019-07-26 08:00:00,1.2948488041743171
2019-08-02 08:00:00,0.44260109096369527
2019-08-09 08:00:00,0.4209777605643075
2019-08-16 08:00:00,0.9294344951932946
2019-08-23 08:00:00,0.6066592742725697
2019-08-30 08:00:00,0.6663968231185811
2019-09-06 08:00:00,0.3383195330735374
2019-09-13 08:00:00,0.6285422820405738
2019-09-20 08:00:00,0.8976196263440908
2019-09-27 08:00:00,0.614961583699192
2019-10-04 08:00:00,0.6947539479053004
2019-10-11 08:00:00,0.49006458388280244
2019-10-18 08:00:00,0.8204152048786363
2019-10-25 08:00:00,0.365066062960149
2019-11-01 08:00:00,0.6076941532698568
2019-11-08 08:00:00,0.2797979294351131
2019-11-15 08:00:00,0.2785353612642121
2019-11-22 08:00:00,0.9254172611647943
2019-11-29 08:00:00,0.5120069341011663
2019-12-06 08:00:00,0.47913556851151884
2019-12-13 08:00:00,0.5165184510217553
2019-12-20 08:00:00,0.6878559019043852
2019-12-27 08:00:00,0.9527513002167152
2020-01-03 08:00:00,1.1952721453563984
2020-01-10 08:00:00,1.6557496043998134
2020-01-17 08:00:00,0.7557930380679612
2020-01-24 08:00:00,0.8795088686938329
2020-01-31 08:00:00,0.3994433387938062
2020-02-07 08:00:00,1.1039464716241933
2020-02-14 08:00:00,0.2920784708012032
2020-02-21 08:00:00,0.7933792537129045
2020-02-28 08:00:00,1.2970529792107686
2020-03-06 08:00:00,0.6691356875559961
2020-03-13 08:00:00,1.203150901233334
2020-03-20 08:00:00,0.45831474265696664
2020-03-27 08:00:00,0.5691406176624861
2018-01-05 09:00:00,0.4009982760890168
2018-01-12 09:00:00,2.073630793366703
2018-01-19 09:00:00,0.8384128370960989
2018-01-26 09:00:00,0.6464247337850134
2018-02-02 09:00:00,0.574849267191417
2018-02-09 09:00:00,0.42108429319993973
2018-02-16 09:00:00,1.4219282776487432
2018-02-23 09:00:00,0.8709234309335431
2018-03-02 09:00:00,0.9833493160549148
2018-03-09 09:00:00,0.9160642756153593
2018-03-16 09:00:00,1.09997756668337
2018-03-23 09:00:00,0.4602490428453157
2018-03-30 09:00:00,0.66662641234313
2018-04-13 09:00:00,1.0183282029117537
2018-04-20 09:00:00,0.8480459339258346
2018-04-27 09:00:00,1.5652946811386612
2018-05-04 09:00:00,0.3614693134778731
2018-05-11 09:00:00,1.0545319476906496
2018-05-18 09:00:00,1.147251237260145
2018-05-25 09:00:00,0.3845024436072455
2018-06-01 09:00:00,0.6909030656570987
2018-06-08 09:00:00,0.9100373685941981
2018-06-15 09:00:00,0.9558610314092277
2018-06-22 09:00:00,0.4759113340906444
2018-06-29 09:00:00,1.532513684788691
2018-07-06 09:00:00,0.5493070827898622
2018-07-13 09:00:00,0.5872325427230158
2018-07-20 09:00:00,2.5855019099440533
2018-07-27 09:00:00,1.4195380514788427
2018-08-03 09:00:00,0.6992238260837762
2018-08-10 09:00:00,0.9659375673043958
2018-08-17 09:00:00,0.7146898248990329
2018-08-24 09:00:00,0.7853789856486959
2018-08-31 09:00:00,0.49152719177872994
2018-09-07 09:00:00,0.6399588759887685
2018-09-14 09:00:00,2.7916310399617563
2018-09-21 09:00:00,0.5695416132241564
2018-09-28 09:00:00,0.6831468904169962
2018-10-05 09:00:00,0.45001992077179925
2018-10-12 09:00:00,0.5273036243261204
2018-10-19 09:00:00,0.8715749276388616
2018-10-26 09:00:00,0.4664033428291502
2018-11-02 09:00:00,0.6842643087770302
2018-11-09 09:00:00,0.7681389475701215
2018-11-16 09:00:00,0.4264548195644837
2018-11-23 09:00:00,0.7108242561810425
2018-11-30 09:00:00,0.7655027526823455
2018-12-07 09:00:00,0.8535836287502254
2018-12-14 09:00:00,1.4385009230221013
2018-12-21 09:00:00,0.6033312092878114
2018-12-28 09:00:00,0.44756843647453926
2019-01-04 09:00:00,2.2476156957067945
2019-01-11 09:00:00,1.1082767931374204
2019-01-18 09:00:00,1.1320729741686382
2019-01-25 09:00:00,1.5742026651652385
2019-02-01 09:00:00,0.7077135366197733
2019-02-08 09:00:00,0.8865324336863178
2019-02-15 09:00:00,1.2221352680053514
2019-02-22 09:00:00,1.2976483837242658
2019-03-01 09:00:00,0.8930062694104299
2019-03-08 09:00:00,0.5471623160143309
2019-03-15 09:00:00,0.39120728826028023
2019-03-22 09:00:00,0.852430071354629
2019-03-29 09:00:00,1.1576566390379994
2019-04-05 09:00:00,0.8067247600360687
2019-04-12 09:00:00,1.4524816071827995
2019-04-19 09:00:00,0.27601875570501644
2019-05-03 09:00:00,0.6419301723073829
2019-05-10 09:00:00,0.6191651031945491
2019-05-17 09:00:00,0.6685843976065201
2019-05-24 09:00:00,0.6651306769220737
2019-05-31 09:00:00,0.4769211487593805
2019-06-14 09:00:00,0.6823449461752424
2019-06-21 09:00:00,0.9723604226665853
2019-06-28 09:00:00,0.8500178180468514
2019-07-05 09:00:00,1.1409018555183315
2019-07-12 09:00:00,0.7666709361497333
2019-07-19 09:00:00,0.7272777143185664
2019-07-26 09:00:00,1.1361339354218607
2019-08-02 09:00:00,1.5001104372581264
2019-08-09 09:00:00,0.3771600591197341
2019-08-16 09:00:00,1.2489016348489594
2019-08-23 09:00:00,1.427406539852924
2019-08-30 09:00:00,1.3627506279942934
2019-09-06 09:00:00,0.3521903084054257
2019-09-13 09:00:00,0.6602005078145554
2019-09-20 09:00:00,0.8231816299859037
2019-09-27 09:00:00,1.0948205166626244
2019-10-04 09:00:00,0.5372384051507118
2019-10-11 09:00:00,1.0870350158089739
2019-10-18 09:00:00,1.3274518641721937
2019-10-25 09:00:00,1.1573311337002024
2019-11-01 09:00:00,2.520381670571459
2019-11-08 09:00:00,0.9799583802623266
2019-11-15 09:00:00,0.7554362704254886
2019-11-22 09:00:00,0.8031643076253099
2019-11-29 09:00:00,0.9494344734217995
2019-12-06 09:00:00,0.7406465383788201
2019-12-13 09:00:00,0.7534409111494089
2019-12-20 09:00:00,0.5027969868570172
2019-12-27 09:00:00,0.6459184724259158
2020-01-03 09:00:00,0.4768958304321141
2020-01-10 09:00:00,0.7037919812563206
2020-01-17 09:00:00,1.2594043714120169
2020-01-24 09:00:00,0.6624331644073442
2020-01-31 09:00:00,1.4103226411933238
2020-02-07 09:00:00,2.1355713775585485
2020-02-14 09:00:00,1.1824403217871209
2020-02-21 09:00:00,1.1269723116350185
2020-02-28 09:00:00,0.7882799829888439
2020-03-06 09:00:00,0.42209148938279656
2020-03-13 09:00:00,2.729233169670409
2020-03-20 09:00:00,0.4610456638454457
2020-03-27 09:00:00,0.7143607258728906
2018-01-05 10:00:00,0.7282863772095778
2018-01-12 10:00:00,0.9628772862052939
2018-01-19 10:00:00,0.7026767491763077
2018-01-26 10:00:00,0.5590308015619332
2018-02-02 10:00:00,1.8157907339793502
2018-02-09 10:00:00,0.6094552017593033
2018-02-16 10:00:00,1.260082449137453
2018-02-23 10:00:00,1.3669750116385164
2018-03-02 10:00:00,1.2879311631218202
2018-03-09 10:00:00,2.0150602006646756
2018-03-16 10:00:00,0.5640601438106325
2018-03-23 10:00:00,0.3046808964781024
2018-03-30 10:00:00,0.9140280271975849
2018-04-13 10:00:00,0.634668280123388
2018-04-20 10:00:00,0.6195178770492326
2018-04-27 10:00:00,1.2932189138264587
2018-05-04 10:00:00,0.8623122136848448
2018-05-11 10:00:00,0.5909242545142604
2018-05-18 10:00:00,1.1969597209167382
2018-05-25 10:00:00,1.0539545955656282
2018-06-01 10:00:00,0.5432957989109922
2018-06-08 10:00:00,0.5865276203910897
2018-06-15 10:00:00,1.1136379346690317
2018-06-22 10:00:00,0.8827036356886525
2018-06-29 10:00:00,0.6793114584152236
2018-07-06 10:00:00,0.634514773855583
2018-07-13 10:00:00,1.3123904392571566
2018-07-20 10:00:00,0.8430262617230139
2018-07-27 10:00:00,1.9836149315432936
2018-08-03 10:00:00,0.7483218037862869
2018-08-10 10:00:00,0.7192090433866163
2018-08-17 10:00:00,0.48221884507218515
2018-08-24 10:00:00,1.5951527592866337
2018-08-31 10:00:00,1.5108875414643321
2018-09-07 10:00:00,1.3953465838918653
2018-09-14 10:00:00,1.9491476491977713
2018-09-21 10:00:00,0.6154581610751739
2018-09-28 10:00:00,0.9438945947858078
2018-10-05 10:00:00,0.5239517057549506
2018-10-12 10:00:00,0.6948189621753097
2018-10-19 10:00:00,1.0084065326470113
2018-10-26 10:00:00,0.608246111709252
2018-11-02 10:00:00,1.9011376003257476
2018-11-09 10:00:00,1.241646742642716
2018-11-16 10:00:00,1.0614896752073075
2018-11-23 10:00:00,0.3267211306026403
2018-11-30 10:00:00,1.0090768777226888
2018-12-07 10:00:00,0.37984755102723594
2018-12-14 10:00:00,0.5874007938907757
2018-12-21 10:00:00,0.7934049530315613
2018-12-28 10:00:00,2.173644027510333
2019-01-04 10:00:00,1.7209437770126794
2019-01-11 10:00:00,1.1096387125666178
2019-01-18 10:00:00,0.7261048961266862
2019-01-25 10:00:00,0.49506825744937455
2019-02-01 10:00:00,0.9219801942314013
2019-02-08 10:00:00,1.26546108987378
2019-02-15 10:00:00,0.6065301199625331
2019-02-22 10:00:00,0.45188743676405074
2019-03-01 10:00:00,1.0467503422051454
2019-03-08 10:00:00,0.7185470635845872
2019-03-15 10:00:00,0.9006583449049078
2019-03-22 10:00:00,0.5559773600597904
2019-03-29 10:00:00,0.5815477023976642
2019-04-05 10:00:00,2.552035244500528
2019-04-12 10:00:00,1.6701818638175905
2019-04-19 10:00:00,1.0765557849309657
2019-04-26 10:00:00,0.8913571015137433
2019-05-03 10:00:00,0.5098502887764094
2019-05-10 10:00:00,0.9607614921149745
2019-05-17 10:00:00,0.4932604738566573
2019-05-24 10:00:00,1.3192180984072768
2019-06-14 10:00:00,0.9514862531687293
2019-06-21 10:00:00,0.53737649764
2019-06-28 10:00:00,0.4964480006552937
2019-07-05 10:00:00,0.7152761718590647
2019-07-12 10:00:00,0.6205456194567287
2019-07-19 10:00:00,0.5291178440547926
2019-07-26 10:00:00,0.8689070993100655
2019-08-02 10:00:00,0.699283796079151
2019-08-09 10:00:00,0.45475276622341815
2019-08-16 10:00:00,2.741507134852415
2019-08-23 10:00:00,1.3847610808785047
2019-08-30 10:00:00,1.6032457319678302
2019-09-06 10:00:00,0.5830891744539516
2019-09-13 10:00:00,1.5624686887460575
2019-09-20 10:00:00,0.9636925812346201
2019-09-27 10:00:00,0.19239395695984282
2019-10-04 10:00:00,1.4990031880635248
2019-10-11 10:00:00,0.47862170288166006
2019-10-18 10:00:00,1.1728390843410823
2019-10-25 10:00:00,1.094767802499346
2019-11-01 10:00:00,0.3751027598465733
2019-11-08 10:00:00,0.261965342209116
2019-11-15 10:00:00,0.9451937602311699
2019-11-22 10:00:00,0.5561965877927323
2019-11-29 10:00:00,0.42028099718694417
2019-12-06 10:00:00,1.0142862183795958
2019-12-13 10:00:00,0.7588610554251641
2019-12-20 10:00:00,0.8868981977271992
2019-12-27 10:00:00,0.9577245140988071
2020-01-03 10:00:00,0.9179686313996834
2020-01-10 10:00:00,0.6277852456261439
2020-01-17 10:00:00,0.6783905156240871
2020-01-24 10:00:00,0.558996283133987
2020-01-31 10:00:00,1.8251468363599543
2020-02-07 10:00:00,0.5200357091241107
2020-02-14 10:00:00,1.6314445606455492
2020-02-21 10:00:00,0.8500909991613257
2020-02-28 10:00:00,0.8801756933664289
2020-03-06 10:00:00,0.9768436612820017
2020-03-13 10:00:00,0.7591473322259936
2020-03-20 10:00:00,1.412101838345306
2020-03-27 10:00:00,1.1917420599313935
2018-01-05 11:00:00,0.5566910337612908
2018-01-12 11:00:00,0.20839726980946077
2018-01-19 11:00:00,1.0942655799526622
2018-01-26 11:00:00,0.7264360102987575
2018-02-02 11:00:00,0.7668646806346185
2018-02-09 11:00:00,0.4836016515966364
2018-02-16 11:00:00,0.7245786775778481
2018-02-23 11:00:00,0.815229411352171
2018-03-02 11:00:00,0.8361723844765615
2018-03-09 11:00:00,0.523316307055301
2018-03-16 11:00:00,0.3981871014850917
2018-03-23 11:00:00,1.1620404262726065
2018-03-30 11:00:00,0.8061878266692382
2018-04-13 11:00:00,0.6970187457683042
2018-04-20 11:00:00,0.48192390792148554
2018-04-27 11:00:00,1.5106085281472288
2018-05-04 11:00:00,0.8866536192134777
2018-05-11 11:00:00,0.4414224901199715
2018-05-18 11:00:00,0.4446673996694796
2018-05-25 11:00:00,0.6715901405201822
2018-06-01 11:00:00,0.7374436888773882
2018-06-08 11:00:00,0.8523970832227707
2018-06-15 11:00:00,0.41765476543725405
2018-06-22 11:00:00,0.8112476024446634
2018-06-29 11:00:00,0.4686437311160019
2018-07-06 11:00:00,0.5398484390082539
2018-07-13 11:00:00,0.896601362628779
2018-07-20 11:00:00,0.3028658534014674
2018-07-27 11:00:00,0.34620069874133386
2018-08-03 11:00:00,0.8993800627558101
2018-08-10 11:00:00,0.8804354960113568
2018-08-17 11:00:00,1.0068823359808572
2018-08-24 11:00:00,0.6433284551673352
2018-08-31 11:00:00,1.4688416708933443
2018-09-07 11:00:00,0.5798952665553518
2018-09-14 11:00:00,0.7223312690882256
2018-09-21 11:00:00,0.3108162250428967
2018-09-28 11:00:00,1.1157463499955915
2018-10-05 11:00:00,0.771057602945463
2018-10-12 11:00:00,0.6252765227889456
2018-10-19 11:00:00,0.544054498344381
2018-10-26 11:00:00,1.0148255342199721
2018-11-02 11:00:00,0.8587391603001127
2018-11-09 11:00:00,0.6496278847250266
2018-11-16 11:00:00,1.9481024959611664
2018-11-23 11:00:00,1.68282518348081
2018-11-30 11:00:00,0.9427689035886577
2018-12-07 11:00:00,0.6938474021159181
2018-12-14 11:00:00,1.2254256750080048
2018-12-21 11:00:00,0.2995466939187158
2018-12-28 11:00:00,0.7911549167954441
2019-01-04 11:00:00,0.8173174797256362
2019-01-11 11:00:00,1.3254641797328353
2019-01-18 11:00:00,0.299281515042345
2019-01-25 11:00:00,0.5253756976440279
2019-02-01 11:00:00,0.9249172782889965
2019-02-08 11:00:00,0.87887179175558
2019-02-15 11:00:00,0.9980251561436582
2019-02-22 11:00:00,0.3440440672702557
2019-03-01 11:00:00,1.4257799302488698
2019-03-08 11:00:00,0.4351248930245496
2019-03-15 11:00:00,0.8400153163154415
2019-03-22 11:00:00,0.8838309398160342
2019-03-29 11:00:00,1.242244539466929
2019-04-05 11:00:00,0.9572954458215924
2019-04-12 11:00:00,0.6968457546705228
2019-04-19 11:00:00,0.8441786465898445
2019-04-26 11:00:00,0.5357874090945868
2019-05-03 11:00:00,0.38488772616889894
2019-05-10 11:00:00,0.5441213123062518
2019-05-17 11:00:00,0.9034214638203184
2019-05-24 11:00:00,1.4784622276561823
2019-06-14 11:00:00,1.7091334885446368
2019-06-21 11:00:00,0.7391838618261024
2019-06-28 11:00:00,0.5227066925528138
2019-07-05 11:00:00,0.3600108475265525
2019-07-12 11:00:00,0.565395544762397
2019-07-19 11:00:00,0.581044382864047
2019-07-26 11:00:00,0.7070909643897273
2019-08-02 11:00:00,1.0183756173605223
2019-08-09 11:00:00,0.30587741335922236
2019-08-16 11:00:00,1.1511897523636054
2019-08-23 11:00:00,0.8361919774038691
2019-08-30 11:00:00,1.0809864011139056
2019-09-06 11:00:00,0.35947749852558425
2019-09-13 11:00:00,1.2388902148455903
2019-09-20 11:00:00,0.8241847840686216
2019-09-27 11:00:00,1.8537165381860334
2019-10-04 11:00:00,0.888848801611124
2019-10-11 11:00:00,0.41768552768747935
2019-10-18 11:00:00,0.8673099860466325
2019-10-25 11:00:00,1.1437311598852473
2019-11-01 11:00:00,1.9898205806955098
2019-11-08 11:00:00,0.7862086411601686
2019-11-15 11:00:00,0.7187715757401049
2019-11-22 11:00:00,0.9284923210416883
2019-11-29 11:00:00,0.6942004837729593
2019-12-06 11:00:00,1.1932218673786992
2019-12-13 11:00:00,0.49229543492288336
2019-12-20 11:00:00,0.7972191458762422
2019-12-27 11:00:00,0.8292548765532005
2020-01-03 11:00:00,1.062523306506635
2020-01-10 11:00:00,0.6227403410017757
2020-01-17 11:00:00,0.8248705923568403
2020-01-24 11:00:00,2.1312299903520078
2020-01-31 11:00:00,1.807217908528428
2020-02-07 11:00:00,0.6193932462920771
2020-02-14 11:00:00,0.6814725098076085
2020-02-21 11:00:00,1.1217950923688547
2020-02-28 11:00:00,0.501742182735205
2020-03-06 11:00:00,1.3861140618041903
2020-03-13 11:00:00,0.8477146909305119
2020-03-20 11:00:00,0.6578767641302501
2020-03-27 11:00:00,0.22184601359110995
2018-01-05 12:00:00,1.4217827068614994
2018-01-12 12:00:00,1.238072125864613
2018-01-19 12:00:00,0.5795659580203957
2018-01-26 12:00:00,1.1018424592335605
2018-02-02 12:00:00,0.6116057440873633
2018-02-09 12:00:00,0.83251148098787
2018-02-16 12:00:00,0.7462850823514728
2018-02-23 12:00:00,1.3702710099836508
2018-03-02 12:00:00,0.3779232497399984
2018-03-09 12:00:00,1.103778132164005
2018-03-16 12:00:00,1.3212121790052107
2018-03-23 12:00:00,0.3226159097832952
2018-03-30 12:00:00,0.8763396269238524
2018-04-13 12:00:00,1.6856413940298056
2018-04-20 12:00:00,0.5403674108141041
2018-04-27 12:00:00,1.159755802950596
2018-05-04 12:00:00,0.8080503182364404
2018-05-11 12:00:00,2.428672771361216
2018-05-18 12:00:00,0.25227246338099857
2018-05-25 12:00:00,0.9578823165232372
2018-06-01 12:00:00,0.686659165385683
2018-06-08 12:00:00,0.5120675815029724
2018-06-15 12:00:00,1.2631578746091898
2018-06-22 12:00:00,0.948395319374673
2018-06-29 12:00:00,0.2338995473833462
2018-07-06 12:00:00,0.8072321948163381
2018-07-20 12:00:00,0.7619867734752911
2018-07-27 12:00:00,1.4683015324569892
2018-08-03 12:00:00,0.9887102726840177
2018-08-10 12:00:00,1.0293136733969204
2018-08-17 12:00:00,1.0288303965117283
2018-08-24 12:00:00,1.4141964870620214
2018-08-31 12:00:00,0.8820625322460864
2018-09-07 12:00:00,1.4048779473723065
2018-09-14 12:00:00,0.8442474349532731
2018-09-21 12:00:00,0.671118089862578
2018-09-28 12:00:00,0.6944957874238994
2018-10-05 12:00:00,0.6678331747570901
2018-10-12 12:00:00,0.4959297176029017
2018-10-19 12:00:00,1.5804161909387104
2018-10-26 12:00:00,0.9260174414027239
2018-11-02 12:00:00,0.6194078762778837
2018-11-09 12:00:00,0.9641631897374402
2018-11-16 12:00:00,0.3784774174977761
2018-11-23 12:00:00,0.6772646714403378
2018-11-30 12:00:00,0.5299077108877829
2018-12-07 12:00:00,1.015616483144629
2018-12-14 12:00:00,0.3285155442196542
2018-12-21 12:00:00,1.0895857654223389
2018-12-28 12:00:00,1.0920851586961031
2019-01-04 12:00:00,1.21610976633858
2019-01-11 12:00:00,0.6717146324142237
2019-01-18 12:00:00,1.2660935837175857
2019-01-25 12:00:00,0.7751277881357274
2019-02-01 12:00:00,0.8275355510760922
2019-02-08 12:00:00,1.641901209461164
2019-02-15 12:00:00,0.6169569364943646
2019-02-22 12:00:00,0.318833662304863
2019-03-01 12:00:00,1.5131507283579302
2019-03-08 12:00:00,1.6731954584155195
2019-03-15 12:00:00,0.6426074265807156
2019-03-22 12:00:00,1.051996376575095
2019-03-29 12:00:00,1.1137763483641774
2019-04-05 12:00:00,0.7128138104095476
2019-04-12 12:00:00,0.5468306356528869
2019-04-19 12:00:00,0.5303486431825116
2019-04-26 12:00:00,0.8227352588111381
2019-05-03 12:00:00,1.8042902192808716
2019-05-10 12:00:00,1.6448937000003319
2019-05-17 12:00:00,0.9027399179849837
2019-05-24 12:00:00,0.6316610193902514
2019-06-14 12:00:00,0.6541802398108064
2019-06-21 12:00:00,0.663550233668987
2019-06-28 12:00:00,1.1345331252098931
2019-07-05 12:00:00,0.7450288874611047
2019-07-12 12:00:00,0.578036459055356
2019-07-19 12:00:00,0.914195174301671
2019-07-26 12:00:00,0.737210404954882
2019-08-02 12:00:00,0.48354757972660956
2019-08-09 12:00:00,1.5211674732712919
2019-08-16 12:00:00,1.7709484437783527
2019-08-23 12:00:00,0.652510741631449
2019-08-30 12:00:00,1.0828492399178404
2019-09-06 12:00:00,1.2612404225567795
2019-09-13 12:00:00,1.34142796272465
2019-09-20 12:00:00,0.3662574576493387
2019-09-27 12:00:00,0.8341317532474563
2019-10-04 12:00:00,0.9398720798641034
2019-10-11 12:00:00,0.9311358878825159
2019-10-18 12:00:00,0.30724743904547347
2019-10-25 12:00:00,1.613871088954105
2019-11-01 12:00:00,1.0411440994351204
2019-11-08 12:00:00,1.0074655003749104
2019-11-15 12:00:00,0.7257011721997173
2019-11-22 12:00:00,1.2257917636996913
2019-11-29 12:00:00,0.44190910699144764
2019-12-06 12:00:00,0.6607865888999693
2019-12-13 12:00:00,1.0282224868567003
2019-12-27 12:00:00,0.5473720783529296
2020-01-03 12:00:00,0.9666886453929625
2020-01-10 12:00:00,1.6964780979275704
2020-01-17 12:00:00,0.9726757255415738
2020-01-24 12:00:00,1.512952630395293
2020-01-31 12:00:00,0.40277737592013707
2020-02-07 12:00:00,1.029250315634995
2020-02-14 12:00:00,0.5060624206910427
2020-02-21 12:00:00,0.6335250252056019
2020-02-28 12:00:00,1.3988001281865803
2020-03-06 12:00:00,0.8893613005803024
2020-03-13 12:00:00,1.0970560290597475
2020-03-20 12:00:00,0.5978173299743527
2020-03-27 12:00:00,0.6824688932068077
2018-01-05 13:00:00,0.7453788099460661
2018-01-12 13:00:00,0.4757265350844085
2018-01-19 13:00:00,0.9107772221857875
2018-01-26 13:00:00,0.862214332918315
2018-02-02 13:00:00,0.792107614611073
2018-02-09 13:00:00,1.340580290578159
2018-02-16 13:00:00,1.185270022367876
2018-02-23 13:00:00,0.49997069620916124
2018-03-02 13:00:00,0.5205996212848265
2018-03-09 13:00:00,0.7489121740432467
2018-03-16 13:00:00,0.8460940050005433
2018-03-23 13:00:00,0.5378037743118358
2018-03-30 13:00:00,1.284478020673332
2018-04-13 13:00:00,1.1822748868513324
2018-04-20 13:00:00,0.5753001151526445
2018-04-27 13:00:00,0.5797056523279317
2018-05-04 13:00:00,1.2235841385342812
2018-05-11 13:00:00,0.6422506199667087
2018-05-18 13:00:00,1.4675455200224425
2018-05-25 13:00:00,1.0409255602798695
2018-06-01 13:00:00,0.5267791484511264
2018-06-08 13:00:00,3.508512669369133
2018-06-15 13:00:00,0.40570122286976024
2018-06-22 13:00:00,1.1073779308682514
2018-06-29 13:00:00,1.4844680739817888
2018-07-06 13:00:00,2.233693256037772
2018-07-13 13:00:00,0.40883571533595836
2018-07-20 13:00:00,0.9638558328571158
2018-07-27 13:00:00,1.6650084776610574
2018-08-03 13:00:00,0.25316921008233584
2018-08-10 13:00:00,1.408604387579197
2018-08-17 13:00:00,0.34644344665047694
2018-08-24 13:00:00,0.6184446040581804
2018-08-31 13:00:00,0.9338483216195805
2018-09-07 13:00:00,1.5270545230540373
2018-09-14 13:00:00,0.8480102067211032
2018-09-21 13:00:00,0.3493324065049067
2018-09-28 13:00:00,1.1182305648987838
2018-10-05 13:00:00,2.55925147445755
2018-10-12 13:00:00,0.2895350815706392
2018-10-19 13:00:00,1.0919089450707402
2018-10-26 13:00:00,1.00928870451262
2018-11-02 13:00:00,0.7293114784617681
2018-11-09 13:00:00,0.6957400033146679
2018-11-16 13:00:00,0.8954914294197279
2018-11-23 13:00:00,1.1461445624019775
2018-11-30 13:00:00,1.3616846225735217
2018-12-07 13:00:00,0.8414344853221717
2018-12-14 13:00:00,1.6577606629355235
2018-12-21 13:00:00,0.4161813070566126
2018-12-28 13:00:00,0.3631495956120305
2019-01-04 13:00:00,0.5063498253290366
2019-01-11 13:00:00,1.8399551437759238
2019-01-18 13:00:00,0.6750941685063455
2019-01-25 13:00:00,1.08108780326109
2019-02-01 13:00:00,0.975582562387475
2019-02-08 13:00:00,0.6186689430210133
2019-02-15 13:00:00,0.7559292478947632
2019-02-22 13:00:00,0.4524782195845398
2019-03-01 13:00:00,0.8570186366036653
2019-03-08 13:00:00,0.4001551194546567
2019-03-15 13:00:00,0.5263480970968063
2019-03-22 13:00:00,0.744018990663248
2019-03-29 13:00:00,1.9454101001992277
2019-04-05 13:00:00,0.8988396867749812
2019-04-12 13:00:00,1.0066162429002663
2019-04-19 13:00:00,1.287163211551181
2019-04-26 13:00:00,0.6654652533013331
2019-05-03 13:00:00,0.6131544685269822
2019-05-10 13:00:00,1.3931338797074873
2019-05-17 13:00:00,0.7519430837435966
2019-05-24 13:00:00,0.9539379194796378
2019-06-14 13:00:00,1.4622617595990062
2019-06-21 13:00:00,0.39786181885085053
2019-06-28 13:00:00,0.7919871953668034
2019-07-05 13:00:00,0.4085571961924441
2019-07-12 13:00:00,0.44335459850070696
2019-07-19 13:00:00,0.8274190339936245
2019-07-26 13:00:00,0.7864736899915052
2019-08-02 13:00:00,0.6446948426614857
2019-08-09 13:00:00,0.8766680070399633
2019-08-16 13:00:00,0.5231296365240317
2019-08-23 13:00:00,0.5928125519182904
2019-08-30 13:00:00,1.9993954042232627
2019-09-06 13:00:00,1.303543564026616
2019-09-13 13:00:00,0.6097785938560534
2019-09-20 13:00:00,0.8052758208642313
2019-09-27 13:00:00,0.9009225575686938
2019-10-04 13:00:00,1.0392485725485239
2019-10-11 13:00:00,0.802767559242247
2019-10-18 13:00:00,0.9233482005255721
2019-10-25 13:00:00,0.6475429811803803
2019-11-01 13:00:00,0.5445053532227103
2019-11-08 13:00:00,0.4983816667850655
2019-11-15 13:00:00,0.6641365529982513
2019-11-22 13:00:00,1.3482389228799077
2019-11-29 13:00:00,0.859971100626332
2019-12-06 13:00:00,0.6823819385804663
2019-12-13 13:00:00,0.48144159101322187
2019-12-20 13:00:00,0.39132787773470556
2019-12-27 13:00:00,1.2539172378873769
2020-01-03 13:00:00,0.44855983949069084
2020-01-10 13:00:00,1.2111103372380558
2020-01-17 13:00:00,1.1191021419100577
2020-01-24 13:00:00,0.24775327790527166
2020-01-31 13:00:00,0.685637305144988
2020-02-07 13:00:00,1.6010410860341469
2020-02-14 13:00:00,0.5343331341314691
2020-02-21 13:00:00,0.5253171851446713
2020-02-28 13:00:00,0.5636588963486042
2020-03-06 13:00:00,1.0978461128387906
2020-03-13 13:00:00,1.1555045212019552
2020-03-20 13:00:00,1.6568520405450347
2020-03-27 13:00:00,0.9581391484237458
2018-01-05 14:00:00,0.21309597816660514
2018-01-12 14:00:00,1.7056202094965858
2018-01-19 14:00:00,0.7517793568618426
2018-01-26 14:00:00,0.5256082113540476
2018-02-02 14:00:00,0.3582379530898826
2018-02-09 14:00:00,1.0624130466493342
2018-02-16 14:00:00,1.270200692069889
2018-02-23 14:00:00,0.8818292065365178
2018-03-02 14:00:00,0.8025386547295319
2018-03-09 14:00:00,0.701368151754151
2018-03-16 14:00:00,0.7242152253822138
2018-03-23 14:00:00,0.4002104427595494
2018-03-30 14:00:00,0.9355406913931563
2018-04-13 14:00:00,0.5240110428098195
2018-04-20 14:00:00,0.8303374309150114
2018-04-27 14:00:00,0.801063975077751
2018-05-04 14:00:00,0.3343829058919612
2018-05-11 14:00:00,1.2248820228580104
2018-05-18 14:00:00,0.712854119162391
2018-05-25 14:00:00,0.7755515629392247
2018-06-01 14:00:00,0.6806620141463354
2018-06-08 14:00:00,0.5385347285575056
2018-06-15 14:00:00,0.943928998010963
2018-06-22 14:00:00,1.1289569269744855
2018-06-29 14:00:00,0.5809586136375476
2018-07-06 14:00:00,0.9543489490646658
2018-07-13 14:00:00,0.9957641353714803
2018-07-20 14:00:00,0.3529561055120217
2018-07-27 14:00:00,0.9728480151160477
2018-08-03 14:00:00,1.869655785260111
2018-08-10 14:00:00,2.065441676016307
2018-08-17 14:00:00,0.5485799840493663
2018-08-24 14:00:00,0.5384547091798535
2018-08-31 14:00:00,1.3212679783267602
2018-09-07 14:00:00,0.9631866485330863
2018-09-14 14:00:00,1.4417442298001546
2018-09-21 14:00:00,0.8208121230945166
2018-09-28 14:00:00,0.9168674010277054
2018-10-05 14:00:00,0.6766206282029217
2018-10-12 14:00:00,0.6741024747772357
2018-10-19 14:00:00,0.7934415481949899
2018-10-26 14:00:00,0.5293230538524727
2018-11-02 14:00:00,0.5536484432500841
2018-11-09 14:00:00,0.2401150446708041
2018-11-16 14:00:00,0.35914609827735255
2018-11-23 14:00:00,0.6277678824995124
2018-11-30 14:00:00,1.175389380960264
2018-12-07 14:00:00,0.9959937147560527
2018-12-14 14:00:00,0.9928903280475583
2018-12-21 14:00:00,0.37940151541601586
2018-12-28 14:00:00,1.1547144175638502
2019-01-04 14:00:00,1.213696347369112
2019-01-11 14:00:00,1.5117133465044743
2019-01-18 14:00:00,1.35385554786725
2019-01-25 14:00:00,0.8092934294630776
2019-02-01 14:00:00,0.8757795886058829
2019-02-08 14:00:00,0.9078514782557711
2019-02-15 14:00:00,0.8064795917307416
2019-02-22 14:00:00,0.9565068247707038
2019-03-01 14:00:00,1.5489797802077594
2019-03-08 14:00:00,0.47645612476710447
2019-03-15 14:00:00,1.2238372438825746
2019-03-22 14:00:00,2.0133650321380396
2019-03-29 14:00:00,1.2704326314624272
2019-04-05 14:00:00,1.256993328669837
2019-04-12 14:00:00,0.399159017093852
2019-04-19 14:00:00,0.24330134158565714
2019-05-03 14:00:00,1.2608487957224457
2019-05-10 14:00:00,1.6636698199863653
2019-05-17 14:00:00,0.7304742242204325
2019-05-24 14:00:00,1.433871207462356
2019-06-14 14:00:00,0.6667238840487195
2019-06-21 14:00:00,0.6883797476639861
2019-06-28 14:00:00,0.4508163441887514
2019-07-05 14:00:00,0.7930508295739476
2019-07-12 14:00:00,0.334004528878983
2019-07-19 14:00:00,1.4307661990502731
2019-07-26 14:00:00,0.42916361660330693
2019-08-02 14:00:00,0.7562708630397305
2019-08-09 14:00:00,0.39333961602734113
2019-08-16 14:00:00,0.4164807680771114
2019-08-23 14:00:00,2.2434150075900816
2019-08-30 14:00:00,0.3344607838174875
2019-09-06 14:00:00,0.8242436309835682
2019-09-13 14:00:00,0.5990731991141324
2019-09-20 14:00:00,0.9156809043516265
2019-09-27 14:00:00,0.7251014946612192
2019-10-04 14:00:00,0.7658857427599105
2019-10-11 14:00:00,0.934193617231448
2019-10-18 14:00:00,0.49303061654288977
2019-10-25 14:00:00,1.2705695863351982
2019-11-01 14:00:00,2.932379851840089
2019-11-08 14:00:00,0.6013974428476961
2019-11-15 14:00:00,0.2824341891850653
2019-11-22 14:00:00,0.5517140664883406
2019-11-29 14:00:00,0.7709383065559681
2019-12-06 14:00:00,0.15940790505220076
2019-12-13 14:00:00,0.6675174453494659
2019-12-20 14:00:00,0.6886757604409849
2019-12-27 14:00:00,0.36850199226509534
2020-01-03 14:00:00,1.2248441484951402
2020-01-10 14:00:00,1.405398689566802
2020-01-17 14:00:00,1.6295299762394313
2020-01-24 14:00:00,3.217222939288826
2020-01-31 14:00:00,0.5020062244154149
2020-02-07 14:00:00,0.3823784111544873
2020-02-14 14:00:00,0.568591805648934
2020-02-21 14:00:00,1.3179764244808951
2020-02-28 14:00:00,0.592116764158396
2020-03-06 14:00:00,0.29597688273002254
2020-03-13 14:00:00,1.7831058671090982
2020-03-20 14:00:00,0.9947962615673731
2020-03-27 14:00:00,1.4982190348038456
2018-01-05 15:00:00,0.7451932961237829
2018-01-12 15:00:00,0.2982197952348031
2018-01-19 15:00:00,0.33050143734125176
2018-01-26 15:00:00,0.4350612252863284
2018-02-02 15:00:00,0.6087226162447437
2018-02-09 15:00:00,0.722510229308579
2018-02-16 15:00:00,0.6752796609340151
2018-02-23 15:00:00,0.354945471138842
2018-03-02 15:00:00,1.3404008718567508
2018-03-09 15:00:00,0.5785799643604764
2018-03-16 15:00:00,0.768733957638955
2018-03-23 15:00:00,1.246859789706316
2018-03-30 15:00:00,0.3684233926926657
2018-04-13 15:00:00,1.0420067784828635
2018-04-20 15:00:00,0.6718572279370018
2018-04-27 15:00:00,0.6456490166036765
2018-05-04 15:00:00,1.4827953981374014
2018-05-11 15:00:00,0.8428568376464859
2018-05-18 15:00:00,0.2099789048796085
2018-05-25 15:00:00,0.6003357759689508
2018-06-01 15:00:00,1.1209439521751898
2018-06-08 15:00:00,0.24317264286422394
2018-06-15 15:00:00,0.8423380910171497
2018-06-22 15:00:00,1.606249216290975
2018-06-29 15:00:00,1.0950589497062153
2018-07-06 15:00:00,0.8126543752369084
2018-07-13 15:00:00,0.8046944178825616
2018-07-20 15:00:00,1.0956809463452986
2018-07-27 15:00:00,1.1152111544773657
2018-08-03 15:00:00,1.0842384590032086
2018-08-10 15:00:00,0.8640465912131517
2018-08-17 15:00:00,1.776735640332529
2018-08-24 15:00:00,0.45923419395538084
2018-08-31 15:00:00,0.8248215976747981
2018-09-07 15:00:00,1.6518544758295148
2018-09-14 15:00:00,0.4760322705180248
2018-09-21 15:00:00,0.7258356454919995
2018-09-28 15:00:00,0.6370680523574244
2018-10-05 15:00:00,0.9813308265915791
2018-10-12 15:00:00,0.5352173576064909
2018-10-19 15:00:00,0.9040138372084444
2018-10-26 15:00:00,0.838219144496227
2018-11-02 15:00:00,0.8092852616229027
2018-11-09 15:00:00,0.44579964006377315
2018-11-16 15:00:00,0.5580557289353606
2018-11-23 15:00:00,0.7162582418435277
2018-11-30 15:00:00,0.7213081745697068
2018-12-07 15:00:00,0.5683601233648937
2018-12-14 15:00:00,0.8799165348087256
2018-12-21 15:00:00,0.2808480017983789
2018-12-28 15:00:00,1.762955794061803
2019-01-04 15:00:00,0.5856868627659965
2019-01-11 15:00:00,0.7280120278483789
2019-01-18 15:00:00,0.4713976930116732
2019-01-25 15:00:00,0.33238667559748153
2019-02-01 15:00:00,0.39681033599157156
2019-02-08 15:00:00,0.5678385332594679
2019-02-15 15:00:00,1.3640642122982363
2019-02-22 15:00:00,1.5183313563444407
2019-03-01 15:00:00,0.5175794558664847
2019-03-08 15:00:00,0.6686801773697963
2019-03-15 15:00:00,0.7520233608527472
2019-03-22 15:00:00,0.8495329162319165
2019-03-29 15:00:00,0.7614462762347686
2019-04-05 15:00:00,0.8085791980183201
2019-04-12 15:00:00,1.0259409203327747
2019-04-19 15:00:00,0.8004261987767138
2019-04-26 15:00:00,0.6725563970215969
2019-05-03 15:00:00,2.1652785882213434
2019-05-10 15:00:00,0.5284800253430127
2019-05-17 15:00:00,0.3419626193429646
2019-05-24 15:00:00,1.5402061447672863
2019-06-14 15:00:00,0.927914213264296
2019-06-21 15:00:00,0.5626098151447376
2019-06-28 15:00:00,0.535054658834363
2019-07-05 15:00:00,1.4804454876439403
2019-07-12 15:00:00,0.3609135833535471
2019-07-19 15:00:00,1.0372925151878256
2019-07-26 15:00:00,0.718522530057996
2019-08-02 15:00:00,1.026810925885355
2019-08-09 15:00:00,0.8583081618916493
2019-08-16 15:00:00,0.6412958266886616
2019-08-23 15:00:00,1.5546750723882685
2019-08-30 15:00:00,1.2761620311669262
2019-09-06 15:00:00,1.083062290206651
2019-09-13 15:00:00,1.2031708894752355
2019-09-20 15:00:00,0.9758287962384248
2019-09-27 15:00:00,1.1549974089453872
2019-10-04 15:00:00,0.30788714730716976
2019-10-11 15:00:00,0.3828598357959672
2019-10-18 15:00:00,0.8862345922145812
2019-10-25 15:00:00,1.2291982206462817
2019-11-01 15:00:00,0.3758360001493668
2019-11-08 15:00:00,0.6661001335147763
2019-11-15 15:00:00,0.6568536610615814
2019-11-22 15:00:00,0.4751184788428029
2019-11-29 15:00:00,0.9340871311234756
2019-12-06 15:00:00,0.9886654372561016
2019-12-13 15:00:00,0.8549038543006566
2019-12-20 15:00:00,1.1449297716435503
2019-12-27 15:00:00,0.5056809667185896
2020-01-03 15:00:00,1.559292559523459
2020-01-10 15:00:00,0.4482805714231286
2020-01-17 15:00:00,1.1559256070179913
2020-01-24 15:00:00,0.5564794469223989
2020-01-31 15:00:00,0.9536630482582527
2020-02-07 15:00:00,1.138161176480781
2020-02-14 15:00:00,0.41468555662182793
2020-02-21 15:00:00,0.6822915614189492
2020-02-28 15:00:00,0.9602417957745857
2020-03-06 15:00:00,2.0840566295166654
2020-03-13 15:00:00,0.868578979190139
2020-03-20 15:00:00,0.6929064607456366
2020-03-27 15:00:00,0.5737107353819894
2018-01-05 16:00:00,0.8499330894140416
2018-01-12 16:00:00,0.39579232000639614
2018-01-19 16:00:00,0.9056140363235872
2018-01-26 16:00:00,0.3031156138060168
2018-02-02 16:00:00,0.6790354376576604
2018-02-09 16:00:00,0.8874721394712394
2018-02-16 16:00:00,0.6720698996686116
2018-02-23 16:00:00,0.7676803133152893
2018-03-02 16:00:00,0.7607648032316882
2018-03-09 16:00:00,1.6369253305694056
2018-03-16 16:00:00,0.3749327988580345
2018-03-23 16:00:00,0.9832556513237964
2018-03-30 16:00:00,1.5894616778168011
2018-04-13 16:00:00,0.7956766955925316
2018-04-20 16:00:00,0.7667945543421718
2018-04-27 16:00:00,1.5791792243081353
2018-05-04 16:00:00,0.8814799820505029
2018-05-11 16:00:00,1.453083199672811
2018-05-18 16:00:00,0.9731719640489134
2018-05-25 16:00:00,0.9050662835824592
2018-06-01 16:00:00,0.42821744829401803
2018-06-08 16:00:00,0.8258057636209699
2018-06-15 16:00:00,1.1256986951036063
2018-06-22 16:00:00,0.6759745364289206
2018-06-29 16:00:00,1.3014491040212113
2018-07-06 16:00:00,0.6783895352421081
2018-07-13 16:00:00,0.29843461947976135
2018-07-20 16:00:00,1.8611802619336029
2018-07-27 16:00:00,1.0745553680998083
2018-08-03 16:00:00,0.5882977581104795
2018-08-10 16:00:00,0.7455644633536975
2018-08-17 16:00:00,0.4697127504586986
2018-08-24 16:00:00,0.36884871236488675
2018-08-31 16:00:00,0.13345048357927242
2018-09-07 16:00:00,1.4566244971930096
2018-09-14 16:00:00,0.35287050986778484
2018-09-21 16:00:00,0.5510539742481272
2018-09-28 16:00:00,1.2303566659923522
2018-10-05 16:00:00,0.6811530487916055
2018-10-12 16:00:00,0.8425720676407404
2018-10-19 16:00:00,0.8444905797184771
2018-10-26 16:00:00,0.8293513658131968
2018-11-02 16:00:00,1.143462359268435
2018-11-09 16:00:00,1.0846320876853657
2018-11-16 16:00:00,0.9697548565530836
2018-11-23 16:00:00,0.519775422731297
2018-11-30 16:00:00,1.620477901120137
2018-12-07 16:00:00,0.23561014240289532
2018-12-14 16:00:00,1.3743761445558342
2018-12-21 16:00:00,0.35996546833001397
2018-12-28 16:00:00,0.7331929090592811
2019-01-04 16:00:00,0.8030481607850268
2019-01-11 16:00:00,0.45559559179649256
2019-01-18 16:00:00,0.47954787315675484
2019-01-25 16:00:00,0.9166831900589666
2019-02-01 16:00:00,0.7273642311270606
2019-02-08 16:00:00,1.2845138558489624
2019-02-15 16:00:00,1.2396103603067858
2019-02-22 16:00:00,0.3994169541743451
2019-03-01 16:00:00,1.265091941686592
2019-03-08 16:00:00,0.4446009107852349
2019-03-15 16:00:00,1.2376793907436667
2019-03-22 16:00:00,0.8810611903254955
2019-03-29 16:00:00,0.6939133576271257
2019-04-05 16:00:00,1.2149072160630856
2019-04-12 16:00:00,1.8220281958518103
2019-04-19 16:00:00,0.7002919564403921
2019-04-26 16:00:00,0.7643329979774117
2019-05-03 16:00:00,1.3772305170132313
2019-05-10 16:00:00,1.5061076498023596
2019-05-17 16:00:00,0.486625729277212
2019-05-24 16:00:00,0.748776524759655
2019-06-14 16:00:00,0.49404926439032654
2019-06-21 16:00:00,1.2870769440417036
2019-06-28 16:00:00,0.8664880705163449
2019-07-05 16:00:00,0.6014013728149753
2019-07-12 16:00:00,0.652565797234978
2019-07-19 16:00:00,1.2850162010213788
2019-07-26 16:00:00,0.6877249185799922
2019-08-02 16:00:00,0.8386491641349011
2019-08-09 16:00:00,1.5791381501291328
2019-08-16 16:00:00,0.44573854672049956
2019-08-23 16:00:00,0.9707880811749333
2019-08-30 16:00:00,0.8985915727372425
2019-09-06 16:00:00,2.031977586574681
2019-09-13 16:00:00,0.5829569533865551
2019-09-20 16:00:00,1.033565859175315
2019-09-27 16:00:00,0.7554973256867449
2019-10-04 16:00:00,0.7802450263283787
2019-10-11 16:00:00,0.33400095475842184
2019-10-18 16:00:00,0.6677818957198728
2019-10-25 16:00:00,1.2538479102534659
2019-11-01 16:00:00,1.7703807395479212
2019-11-08 16:00:00,0.5900969391995043
2019-11-15 16:00:00,0.47967188888464757
2019-11-22 16:00:00,0.7271481461037647
2019-11-29 16:00:00,0.850895504959713
2019-12-06 16:00:00,0.7745581615853252
2019-12-13 16:00:00,0.9753690800340791
2019-12-20 16:00:00,1.2037246988151644
2019-12-27 16:00:00,1.3690752340702046
2020-01-03 16:00:00,1.267943975461507
2020-01-10 16:00:00,1.5506316948491448
2020-01-17 16:00:00,0.9559108782130646
2020-01-24 16:00:00,0.9825558657135417
2020-01-31 16:00:00,0.8187990034543856
2020-02-07 16:00:00,0.6319052647313048
2020-02-14 16:00:00,3.0757628850944956
2020-02-21 16:00:00,0.7556234397276361
2020-02-28 16:00:00,0.14838917986628336
2020-03-06 16:00:00,1.0650709733216042
2020-03-13 16:00:00,0.6835749112896162
2020-03-20 16:00:00,1.065595433908995
2020-03-27 16:00:00,0.4693537767694241
2018-01-05 17:00:00,0.34202128725515163
2018-01-12 17:00:00,1.3800488920146126
2018-01-19 17:00:00,0.9618329663884007
2018-01-26 17:00:00,1.266107098414076
2018-02-02 17:00:00,0.2823189222920772
2018-02-09 17:00:00,1.3424095126989233
2018-02-16 17:00:00,0.7818563168285788
2018-02-23 17:00:00,1.7374071556308852
2018-03-02 17:00:00,1.3911273524181347
2018-03-09 17:00:00,0.8985440652009901
2018-03-16 17:00:00,0.765724746158007
2018-03-23 17:00:00,0.9057907502035583
2018-03-30 17:00:00,1.2744634677155475
2018-04-13 17:00:00,0.5498464327446103
2018-04-20 17:00:00,0.81270456306385
2018-04-27 17:00:00,1.521644320455978
2018-05-04 17:00:00,1.124939251337337
2018-05-11 17:00:00,0.8401409324781723
2018-05-18 17:00:00,0.6493179870477112
2018-05-25 17:00:00,0.8720720072652437
2018-06-01 17:00:00,0.8698631777185929
2018-06-08 17:00:00,1.059376233684839
2018-06-15 17:00:00,1.1988908635130733
2018-06-22 17:00:00,0.8457365428739129
2018-06-29 17:00:00,1.0332189670413032
2018-07-06 17:00:00,0.6180706212286287
2018-07-13 17:00:00,1.0672485666155915
2018-07-20 17:00:00,1.347182660032446
2018-07-27 17:00:00,1.2549024722994768
2018-08-03 17:00:00,0.9343142792414548
2018-08-10 17:00:00,1.5260246529353516
2018-08-17 17:00:00,1.6242706150721709
2018-08-24 17:00:00,0.47673137556929934
2018-08-31 17:00:00,1.517976010195082
2018-09-07 17:00:00,1.6223971823798413
2018-09-14 17:00:00,0.9692484941437809
2018-09-21 17:00:00,1.3066085782135684
2018-09-28 17:00:00,1.037032118177577
2018-10-05 17:00:00,1.3969076198508408
2018-10-12 17:00:00,0.9348472917359679
2018-10-19 17:00:00,0.7449580655199252
2018-10-26 17:00:00,1.1692212491152867
2018-11-02 17:00:00,1.2315942653696537
2018-11-09 17:00:00,0.8278779121583275
2018-11-16 17:00:00,0.9800739077440278
2018-11-23 17:00:00,1.328080393281354
2018-11-30 17:00:00,0.7607884531648218
2018-12-07 17:00:00,0.9218569226671955
2018-12-14 17:00:00,1.4113781468359499
2018-12-21 17:00:00,1.0403253071241805
2018-12-28 17:00:00,0.660914482870216
2019-01-04 17:00:00,0.8566040596720125
2019-01-11 17:00:00,0.7911698117256949
2019-01-18 17:00:00,1.3426446973782893
2019-01-25 17:00:00,1.9689305686346728
2019-02-01 17:00:00,0.4155292609795156
2019-02-08 17:00:00,1.1765075282002069
2019-02-15 17:00:00,1.182966628265808
2019-02-22 17:00:00,0.8135080477671445
2019-03-01 17:00:00,1.208584977633119
2019-03-08 17:00:00,0.27814617041337286
2019-03-15 17:00:00,0.45714069184871287
2019-03-22 17:00:00,0.862536157563289
2019-03-29 17:00:00,1.2031585233670334
2019-04-05 17:00:00,0.9928109995929258
2019-04-12 17:00:00,1.2375613363912816
2019-04-19 17:00:00,1.092712777532525
2019-04-26 17:00:00,1.5388112700202272
2019-05-03 17:00:00,1.7950157434995742
2019-05-10 17:00:00,0.6545517087299004
2019-05-17 17:00:00,0.39300412570189597
2019-05-24 17:00:00,0.7743307161955006
2019-06-14 17:00:00,1.4411666672384205
2019-06-21 17:00:00,1.302424747689953
2019-06-28 17:00:00,0.7192274972438536
2019-07-05 17:00:00,0.7941102011151233
2019-07-12 17:00:00,0.6363015924994044
2019-07-19 17:00:00,1.1742389243820037
2019-07-26 17:00:00,0.502558966001578
2019-08-02 17:00:00,1.2408587486915847
2019-08-09 17:00:00,0.9490439951699502
2019-08-16 17:00:00,1.551699214789643
2019-08-23 17:00:00,1.9138380651325235
2019-08-30 17:00:00,1.0105474213400258
2019-09-06 17:00:00,1.6621586212540933
2019-09-13 17:00:00,0.7142056045895918
2019-09-20 17:00:00,0.6163020811173886
2019-09-27 17:00:00,0.795075346409762
2019-10-04 17:00:00,0.5903722682548816
2019-10-11 17:00:00,0.9954547369857043
2019-10-18 17:00:00,0.9374815643368902
2019-10-25 17:00:00,1.4881153359557036
2019-11-01 17:00:00,0.7841668004257768
2019-11-08 17:00:00,2.4690840954192748
2019-11-15 17:00:00,0.7803613690237603
2019-11-22 17:00:00,0.7762673403260301
2019-11-29 17:00:00,1.942433200380214
2019-12-06 17:00:00,0.6472749745239275
2019-12-13 17:00:00,1.1856522237273712
2019-12-20 17:00:00,0.7937462594270561
2019-12-27 17:00:00,0.6888147528706858
2020-01-03 17:00:00,0.8107883814066092
2020-01-10 17:00:00,0.7966571056515748
2020-01-17 17:00:00,0.5031766833137385
2020-01-24 17:00:00,1.0461867264740305
2020-01-31 17:00:00,1.3156410730311263
2020-02-07 17:00:00,1.3813932452657467
2020-02-14 17:00:00,0.6626995563116307
2020-02-21 17:00:00,1.9005251032395392
2020-02-28 17:00:00,1.5174081304699525
2020-03-06 17:00:00,1.348676891835365
2020-03-13 17:00:00,1.119240672909014
2020-03-20 17:00:00,1.623879943959901
2020-03-27 17:00:00,1.8782849396893448
2018-01-05 18:00:00,1.677692164616276
2018-01-12 18:00:00,0.8403243790437248
2018-01-19 18:00:00,1.8389450386459527
2018-01-26 18:00:00,0.37869912218622775
2018-02-02 18:00:00,1.0641997486619095
2018-02-09 18:00:00,0.7101967094975145
2018-02-16 18:00:00,0.5031687764667357
2018-02-23 18:00:00,1.2020655592975347
2018-03-02 18:00:00,0.4972541173699485
2018-03-09 18:00:00,1.7739300464924408
2018-03-16 18:00:00,1.01737481375455
2018-03-23 18:00:00,1.5534400946430524
2018-03-30 18:00:00,1.651089051074814
2018-04-13 18:00:00,0.8761125746417474
2018-04-20 18:00:00,1.0737116552063077
2018-04-27 18:00:00,0.38656487829556124
2018-05-04 18:00:00,1.3625670821183506
2018-05-11 18:00:00,1.631146114353092
2018-05-18 18:00:00,0.17470869629916252
2018-05-25 18:00:00,1.0617205630470175
2018-06-01 18:00:00,1.0500444649827914
2018-06-08 18:00:00,1.0647572652314274
2018-06-15 18:00:00,1.3187224965180178
2018-06-22 18:00:00,1.0342380448575117
2018-06-29 18:00:00,0.699835994006588
2018-07-06 18:00:00,0.5757344707389261
2018-07-13 18:00:00,0.9523723296156942
2018-07-20 18:00:00,1.363612866253816
2018-07-27 18:00:00,0.8566079017824494
2018-08-03 18:00:00,1.0975831103522058
2018-08-10 18:00:00,0.966531801650116
2018-08-17 18:00:00,1.2709846903297375
2018-08-24 18:00:00,0.9362523465379842
2018-08-31 18:00:00,1.2189318600630894
2018-09-07 18:00:00,1.5232971769926622
2018-09-14 18:00:00,0.6980578718218522
2018-09-21 18:00:00,0.8790605538283888
2018-09-28 18:00:00,0.49727081849237087
2018-10-05 18:00:00,0.777110152910505
2018-10-12 18:00:00,1.8571363285242355
2018-10-19 18:00:00,1.5342441580994939
2018-10-26 18:00:00,1.2521311996985425
2018-11-02 18:00:00,1.6373386771912366
2018-11-09 18:00:00,1.6162481872456778
2018-11-16 18:00:00,0.5787869521651667
2018-11-23 18:00:00,0.8819335775131492
2018-11-30 18:00:00,0.5857039507677264
2018-12-07 18:00:00,1.263967523491451
2018-12-14 18:00:00,0.7485452299106118
2018-12-21 18:00:00,0.9458791442917326
2018-12-28 18:00:00,0.4599791405893078
2019-01-04 18:00:00,1.365226374883532
2019-01-11 18:00:00,1.1140988951793038
2019-01-18 18:00:00,0.3968015697997412
2019-01-25 18:00:00,1.3309542271813297
2019-02-01 18:00:00,0.5431866674048518
2019-02-08 18:00:00,0.9452631845850126
2019-02-15 18:00:00,1.1103110742183928
2019-02-22 18:00:00,1.2889120845873658
2019-03-01 18:00:00,1.4056725498655678
2019-03-08 18:00:00,0.6997797828789387
2019-03-15 18:00:00,1.2005800039135528
2019-03-22 18:00:00,0.17069251705114888
2019-03-29 18:00:00,1.0455544951869926
2019-04-05 18:00:00,0.6523254370119241
2019-04-12 18:00:00,0.7104789476222955
2019-04-19 18:00:00,2.4873313965571056
2019-04-26 18:00:00,0.8738696646712655
2019-05-03 18:00:00,1.0005772632164662
2019-05-10 18:00:00,0.9751299884529392
2019-05-17 18:00:00,1.352807034825602
2019-05-24 18:00:00,1.04357723386546
2019-06-07 18:00:00,0.5546265111695605
2019-06-14 18:00:00,1.4245173707152912
2019-06-21 18:00:00,1.0457723771279055
2019-06-28 18:00:00,0.5476938894911497
2019-07-05 18:00:00,0.7769150882434347
2019-07-12 18:00:00,1.7316038006182608
2019-07-19 18:00:00,0.7333646865599869
2019-07-26 18:00:00,0.3580885997230578
2019-08-02 18:00:00,1.2898355029780082
2019-08-09 18:00:00,1.494305658566142
2019-08-16 18:00:00,1.1688974478796619
2019-08-23 18:00:00,1.1133141758164526
2019-08-30 18:00:00,0.9810102208902993
2019-09-06 18:00:00,0.5475673306347265
2019-09-13 18:00:00,0.9052070175536187
2019-09-20 18:00:00,0.459936770140629
2019-09-27 18:00:00,0.6527043377264817
2019-10-04 18:00:00,1.2571756227342639
2019-10-11 18:00:00,1.7300616791327854
2019-10-18 18:00:00,0.2966493528528212
2019-10-25 18:00:00,0.5061138677836793
2019-11-01 18:00:00,0.6496684948836686
2019-11-08 18:00:00,0.6266548151963123
2019-11-15 18:00:00,0.7824314821079069
2019-11-22 18:00:00,0.8081420775114078
2019-11-29 18:00:00,0.8588892046569827
2019-12-06 18:00:00,1.5098852388171289
2019-12-13 18:00:00,1.5106339700307172
2019-12-20 18:00:00,0.2799782623298262
2019-12-27 18:00:00,0.7083515664074059
2020-01-03 18:00:00,1.3067373284239694
2020-01-10 18:00:00,0.924113683248189
2020-01-17 18:00:00,1.186679888394676
2020-01-24 18:00:00,1.3752515798392595
2020-01-31 18:00:00,1.6537058248087635
2020-02-07 18:00:00,0.7755867034144525
2020-02-14 18:00:00,1.4037204236731369
2020-02-21 18:00:00,2.0902552863671713
2020-02-28 18:00:00,1.8269776908558981
2020-03-06 18:00:00,1.5287166229354168
2020-03-13 18:00:00,1.1459598650314018
2020-03-20 18:00:00,1.763088292449801
2020-03-27 18:00:00,1.262489259177346
2018-01-05 19:00:00,1.117472288094639
2018-01-12 19:00:00,0.5447219702018354
2018-01-19 19:00:00,0.8719039316798006
2018-01-26 19:00:00,0.6568984983706232
2018-02-02 19:00:00,0.35575730483332296
2018-02-09 19:00:00,1.352312496575809
2018-02-16 19:00:00,0.5619785522190061
2018-02-23 19:00:00,1.6022237456328636
2018-03-02 19:00:00,1.2294083761412955
2018-03-09 19:00:00,1.222595617794307
2018-03-16 19:00:00,1.4415761927326731
2018-03-23 19:00:00,0.7218600842639842
2018-03-30 19:00:00,1.22791805732572
2018-04-13 19:00:00,0.5489140289237072
2018-04-20 19:00:00,0.3603350290839292
2018-04-27 19:00:00,1.0600456812244647
2018-05-04 19:00:00,0.7551328131681885
2018-05-11 19:00:00,0.8503027672833355
2018-05-18 19:00:00,1.5072919325453207
2018-05-25 19:00:00,0.5768210536246858
2018-06-01 19:00:00,0.24447491044328165
2018-06-08 19:00:00,1.5238491904282445
2018-06-15 19:00:00,0.7042388759383134
2018-06-22 19:00:00,0.8615248330694252
2018-06-29 19:00:00,0.327307853666808
2018-07-06 19:00:00,0.6843423628785862
2018-07-13 19:00:00,0.9836098902188449
2018-07-20 19:00:00,1.8817001545172347
2018-07-27 19:00:00,1.2751414097755571
2018-08-03 19:00:00,1.3317421030467236
2018-08-10 19:00:00,0.9805941567076413
2018-08-17 19:00:00,0.45555203027929175
2018-08-24 19:00:00,0.974539320281981
2018-08-31 19:00:00,1.5383179648105516
2018-09-07 19:00:00,1.0046890847061445
2018-09-14 19:00:00,0.49930004384110366
2018-09-21 19:00:00,1.3984605761043978
2018-09-28 19:00:00,0.8539402870823319
2018-10-05 19:00:00,0.985280780571337
2018-10-12 19:00:00,0.43807879801498417
2018-10-19 19:00:00,0.6649976194562551
2018-10-26 19:00:00,0.8706060671291922
2018-11-02 19:00:00,0.5628926347920782
2018-11-09 19:00:00,1.2108392813106625
2018-11-16 19:00:00,1.0691813540692034
2018-11-23 19:00:00,0.6394722387766074
2018-11-30 19:00:00,0.5987593603675238
2018-12-07 19:00:00,0.7909077360624023
2018-12-14 19:00:00,1.4024349901320248
2018-12-21 19:00:00,0.8971551280522547
2018-12-28 19:00:00,0.5854355381681836
2019-01-04 19:00:00,0.5291878884537687
2019-01-11 19:00:00,0.5209597615147854
2019-01-18 19:00:00,1.5348296289221557
2019-01-25 19:00:00,0.3299651417079297
2019-02-01 19:00:00,0.49913727584028367
2019-02-08 19:00:00,0.6763588466304159
2019-02-15 19:00:00,1.6737515041740314
2019-02-22 19:00:00,1.2037674876076547
2019-03-01 19:00:00,0.7898230843932136
2019-03-08 19:00:00,0.978942223240664
2019-03-15 19:00:00,0.6235755497558283
2019-03-22 19:00:00,0.3903036286089923
2019-03-29 19:00:00,0.4153315731785017
2019-04-05 19:00:00,0.31974352267409917
2019-04-12 19:00:00,0.740045034520193
2019-04-19 19:00:00,0.728526196537232
2019-04-26 19:00:00,1.0707117824355767
2019-05-03 19:00:00,1.4612873301737803
2019-05-10 19:00:00,0.4277438998186803
2019-05-17 19:00:00,1.5079086132667003
2019-05-24 19:00:00,0.1649701509433186
2019-06-07 19:00:00,1.470375364272521
2019-06-14 19:00:00,0.6414390051166053
2019-06-21 19:00:00,0.6252622277749037
2019-06-28 19:00:00,0.6622002692060555
2019-07-05 19:00:00,0.7198697746357122
2019-07-12 19:00:00,0.541682432111155
2019-07-19 19:00:00,1.062499680662958
2019-07-26 19:00:00,0.8261848687698267
2019-08-02 19:00:00,0.8140332195594965
2019-08-09 19:00:00,1.6018595008948786
2019-08-16 19:00:00,3.3590386113159925
2019-08-23 19:00:00,0.6600858734954681
2019-08-30 19:00:00,1.1104959682048028
2019-09-06 19:00:00,0.940420412903615
2019-09-13 19:00:00,0.4894478053522803
2019-09-20 19:00:00,0.4720095840579007
2019-09-27 19:00:00,0.695982641064394
2019-10-04 19:00:00,0.4095523373707041
2019-10-11 19:00:00,1.2258207269093113
2019-10-18 19:00:00,1.7899653896095347
2019-10-25 19:00:00,0.8876957931703532
2019-11-01 19:00:00,0.5183760250971717
2019-11-08 19:00:00,0.6436111345086521
2019-11-15 19:00:00,2.5958676290209675
2019-11-22 19:00:00,0.2511596056607781
2019-11-29 19:00:00,0.3780976049319326
2019-12-06 19:00:00,0.5536939371395472
2019-12-13 19:00:00,0.33660004684386075
2019-12-20 19:00:00,1.2092012081993306
2019-12-27 19:00:00,0.7641089839926245
2020-01-03 19:00:00,0.9745705003543385
2020-01-10 19:00:00,0.9549858125435168
2020-01-17 19:00:00,0.643827998942478
2020-01-24 19:00:00,1.192565259285516
2020-01-31 19:00:00,0.28725224935058974
2020-02-07 19:00:00,1.1725231855367049
2020-02-14 19:00:00,1.894304839348937
2020-02-21 19:00:00,1.6525988115184491
2020-02-28 19:00:00,0.5877761031203783
2020-03-06 19:00:00,1.3090535063534023
2020-03-13 19:00:00,1.266371737018235
2020-03-20 19:00:00,0.7505884067576134
2020-03-27 19:00:00,2.0829247316917696
2018-01-05 20:00:00,1.6333129769430201
2018-01-12 20:00:00,0.9335927487583029
2018-01-19 20:00:00,0.5737783100257744
2018-01-26 20:00:00,0.3125995184408384
2018-02-02 20:00:00,1.6405914918832956
2018-02-09 20:00:00,1.7631918939890512
2018-02-16 20:00:00,0.9148767747402092
2018-02-23 20:00:00,0.5079017069205698
2018-03-02 20:00:00,0.8908583034759116
2018-03-09 20:00:00,1.8531720136262944
2018-03-16 20:00:00,1.0235022275911507
2018-03-23 20:00:00,0.40476460781703405
2018-03-30 20:00:00,1.1216890428898219
2018-04-13 20:00:00,0.8886686735601004
2018-04-20 20:00:00,0.4154433533722899
2018-04-27 20:00:00,0.7653202352312999
2018-05-04 20:00:00,0.9125693334989993
2018-05-11 20:00:00,0.6099739808110942
2018-05-18 20:00:00,0.5539214636566009
2018-05-25 20:00:00,0.8843807818937668
2018-06-01 20:00:00,1.4616208785529783
2018-06-08 20:00:00,1.0098352391377785
2018-06-15 20:00:00,0.6948833165810454
2018-06-22 20:00:00,0.4107746480848577
2018-06-29 20:00:00,2.6444266208817226
2018-07-06 20:00:00,1.0212518960087242
2018-07-13 20:00:00,0.6097649226134527
2018-07-20 20:00:00,2.0481061435251418
2018-07-27 20:00:00,0.7747423381370669
2018-08-03 20:00:00,1.0731255190867979
2018-08-10 20:00:00,1.360825479256616
2018-08-17 20:00:00,0.6264530192405654
2018-08-24 20:00:00,0.4729860480220591
2018-08-31 20:00:00,0.36693814766087
2018-09-07 20:00:00,1.1906150466802952
2018-09-14 20:00:00,0.7945590919340236
2018-09-21 20:00:00,0.9562520125640861
2018-09-28 20:00:00,1.5865128623364275
2018-10-05 20:00:00,0.8964880731047867
2018-10-12 20:00:00,0.8497847124975065
2018-10-19 20:00:00,0.7677412972080374
2018-10-26 20:00:00,1.186134158891537
2018-11-02 20:00:00,0.8715229134396915
2018-11-09 20:00:00,0.9429149094306322
2018-11-16 20:00:00,1.4492995418863153
2018-11-23 20:00:00,0.7680276959598474
2018-11-30 20:00:00,1.57583722224769
2018-12-07 20:00:00,0.6648943525005409
2018-12-14 20:00:00,1.4372154628875962
2018-12-21 20:00:00,0.8546226400550707
2018-12-28 20:00:00,0.7633986502092857
2019-01-04 20:00:00,0.7062768580504521
2019-01-11 20:00:00,1.1090068465227254
2019-01-18 20:00:00,1.5911941837586383
2019-01-25 20:00:00,1.8980315675640653
2019-02-01 20:00:00,0.3867379788577724
2019-02-08 20:00:00,0.5750476731442176
2019-02-15 20:00:00,1.346946546930558
2019-02-22 20:00:00,0.840262218147391
2019-03-01 20:00:00,0.6933883514589371
2019-03-08 20:00:00,0.6296040413932718
2019-03-15 20:00:00,0.619818366254186
2019-03-22 20:00:00,1.211332947991551
2019-03-29 20:00:00,0.37765736691226004
2019-04-05 20:00:00,1.2631751187291766
2019-04-12 20:00:00,0.7827571474704215
2019-04-19 20:00:00,0.9387165551838631
2019-04-26 20:00:00,0.6219751087393961
2019-05-03 20:00:00,0.3348050099944399
2019-05-10 20:00:00,0.2864978300347666
2019-05-17 20:00:00,0.29161142921566835
2019-05-24 20:00:00,1.1881334389128873
2019-06-07 20:00:00,1.066938476480337
2019-06-14 20:00:00,0.49157234762739505
2019-06-21 20:00:00,0.6036476046591389
2019-06-28 20:00:00,0.9442463021533042
2019-07-05 20:00:00,0.7315346080021176
2019-07-12 20:00:00,1.2063295553881568
2019-07-19 20:00:00,0.8767671721921511
2019-07-26 20:00:00,1.219208156283735
2019-08-02 20:00:00,1.763675796882669
2019-08-09 20:00:00,1.7663900172431033
2019-08-16 20:00:00,1.1146321716062195
2019-08-23 20:00:00,0.8911128336507096
2019-08-30 20:00:00,0.9509744660232664
2019-09-06 20:00:00,0.5878839155040756
2019-09-13 20:00:00,0.9032691074999131
2019-09-20 20:00:00,0.4973644315265737
2019-09-27 20:00:00,0.6458093093121404
2019-10-04 20:00:00,0.786254436377547
2019-10-11 20:00:00,1.2742030720031046
2019-10-18 20:00:00,1.3828930427498811
2019-10-25 20:00:00,2.5121606321075443
2019-11-01 20:00:00,0.7743605023543167
2019-11-08 20:00:00,0.9816058345482015
2019-11-15 20:00:00,1.1197822410255045
2019-11-22 20:00:00,0.8427969247707837
2019-11-29 20:00:00,0.6527183066585361
2019-12-06 20:00:00,2.281357308435946
2019-12-13 20:00:00,1.6722410626379725
2019-12-20 20:00:00,1.4301396906766575
2019-12-27 20:00:00,1.0562335334839537
2020-01-03 20:00:00,1.4920176333582595
2020-01-10 20:00:00,1.2651626954392932
2020-01-17 20:00:00,0.83621323697994
2020-01-24 20:00:00,1.7856048637307693
2020-01-31 20:00:00,2.34900536544212
2020-02-07 20:00:00,1.7959062046335004
2020-02-14 20:00:00,1.344081411048823
2020-02-21 20:00:00,0.9228915533828786
2020-02-28 20:00:00,1.2297038685090893
2020-03-06 20:00:00,1.670514195675121
2020-03-13 20:00:00,2.9665187938808133
2020-03-20 20:00:00,1.8743529627120832
2020-03-27 20:00:00,1.3184765189489063
2018-01-05 21:00:00,0.2385369586641833
2018-01-12 21:00:00,3.2076200097292604
2018-01-19 21:00:00,0.8425237211264366
2018-01-26 21:00:00,2.007294644249931
2018-02-02 21:00:00,1.253234851789669
2018-02-09 21:00:00,2.1616217013211037
2018-02-16 21:00:00,1.1586528089322294
2018-02-23 21:00:00,0.5752301192281152
2018-03-02 21:00:00,1.470525026130239
2018-03-09 21:00:00,0.8283795543000428
2018-03-16 21:00:00,0.9086167755760749
2018-03-23 21:00:00,1.698730503662239
2018-03-30 21:00:00,0.8085134140482441
2018-04-13 21:00:00,0.44386751782507505
2018-04-20 21:00:00,0.9394611713309593
2018-04-27 21:00:00,1.091819266633077
2018-05-04 21:00:00,1.2352305734267754
2018-05-11 21:00:00,1.2424616665381472
2018-05-18 21:00:00,2.5861174763190995
2018-05-25 21:00:00,0.6529409014093167
2018-06-01 21:00:00,0.9394236614913565
2018-06-08 21:00:00,1.3017806167382073
2018-06-15 21:00:00,0.6708222060575173
2018-06-22 21:00:00,0.5657776168031464
2018-06-29 21:00:00,1.5348847150053586
2018-07-06 21:00:00,1.5522579415346882
2018-07-13 21:00:00,0.3449354953978052
2018-07-20 21:00:00,1.3215811867241873
2018-07-27 21:00:00,0.9516266757867244
2018-08-03 21:00:00,0.9739764603763754
2018-08-10 21:00:00,0.6131245715593591
2018-08-17 21:00:00,1.985139509176443
2018-08-24 21:00:00,1.7506538322888792
2018-08-31 21:00:00,0.869600108971184
2018-09-07 21:00:00,0.8596082643480428
2018-09-14 21:00:00,0.968928196506988
2018-09-21 21:00:00,0.7652236496776961
2018-09-28 21:00:00,0.7663511311063362
2018-10-05 21:00:00,1.2605459105767154
2018-10-12 21:00:00,1.068288269531241
2018-10-19 21:00:00,0.44313683037380647
2018-10-26 21:00:00,0.9125896500838769
2018-11-02 21:00:00,0.6960377453331289
2018-11-09 21:00:00,0.8084984266277108
2018-11-16 21:00:00,1.07854171041973
2018-11-23 21:00:00,1.020223428783458
2018-11-30 21:00:00,0.674310198654101
2018-12-07 21:00:00,1.328758184714823
2018-12-14 21:00:00,1.0463226573600422
2018-12-21 21:00:00,0.46440118964724086
2018-12-28 21:00:00,0.861026629539615
2019-01-04 21:00:00,0.3058469556757374
2019-01-11 21:00:00,1.117267379853116
2019-01-18 21:00:00,0.680935441114807
2019-01-25 21:00:00,1.8206488937003988
2019-02-01 21:00:00,0.6266569404545215
2019-02-08 21:00:00,1.0233855972165617
2019-02-15 21:00:00,0.7237434872323534
2019-02-22 21:00:00,0.5832107725100188
2019-03-01 21:00:00,1.1216350708636664
2019-03-08 21:00:00,0.8250898746344835
2019-03-15 21:00:00,1.0321615835379476
2019-03-22 21:00:00,0.38585133141796485
2019-03-29 21:00:00,1.1123854176200927
2019-04-05 21:00:00,0.9935899369459564
2019-04-12 21:00:00,0.7037763577041032
2019-04-19 21:00:00,0.6183249597214044
2019-04-26 21:00:00,1.027596176629273
2019-05-03 21:00:00,1.4960834999056127
2019-05-10 21:00:00,0.7857134472942083
2019-05-17 21:00:00,2.294607565408917
2019-05-24 21:00:00,1.3166392259509612
2019-06-07 21:00:00,1.047582278378937
2019-06-14 21:00:00,0.6812096042656441
2019-06-21 21:00:00,0.7996503227481084
2019-06-28 21:00:00,1.1756556445323838
2019-07-05 21:00:00,1.085547796699233
2019-07-12 21:00:00,1.3570806811308853
2019-07-19 21:00:00,0.43283543714565686
2019-07-26 21:00:00,0.6597039041943764
2019-08-02 21:00:00,0.8910479964342475
2019-08-09 21:00:00,0.5815379538923159
2019-08-16 21:00:00,0.6326655082272403
2019-08-23 21:00:00,0.7208657270216637
2019-08-30 21:00:00,1.6217533558516168
2019-09-06 21:00:00,0.9553465687693884
2019-09-13 21:00:00,0.9977338996479679
2019-09-20 21:00:00,0.7253130627397311
2019-09-27 21:00:00,1.9160123871741392
2019-10-04 21:00:00,0.5312912051033475
2019-10-11 21:00:00,0.4437285241595458
2019-10-18 21:00:00,1.0247035560108815
2019-10-25 21:00:00,1.7324316697075157
2019-11-01 21:00:00,0.5501385534483072
2019-11-08 21:00:00,2.074017121584855
2019-11-15 21:00:00,0.6330873429031719
2019-11-22 21:00:00,0.7412849993861957
2019-11-29 21:00:00,0.6219199519803397
2019-12-06 21:00:00,0.49535306421411185
2019-12-13 21:00:00,0.6473259700958248
2019-12-20 21:00:00,1.1187264261253291
2019-12-27 21:00:00,2.522040968120622
2020-01-03 21:00:00,0.38036234103163613
2020-01-10 21:00:00,0.719776692061078
2020-01-17 21:00:00,1.8753915313870226
2020-01-24 21:00:00,0.9354335260580674
2020-01-31 21:00:00,1.2042594683080772
2020-02-07 21:00:00,0.7258767639857976
2020-02-14 21:00:00,2.342698884458583
2020-02-21 21:00:00,1.8320804409900322
2020-02-28 21:00:00,3.23085836405463
2020-03-06 21:00:00,0.5061863765720372
2020-03-13 21:00:00,0.5830517324980651
2020-03-20 21:00:00,2.49408956462149
2020-03-27 21:00:00,1.0787339688217936
2018-01-05 22:00:00,1.5565869788149167
2018-01-12 22:00:00,0.6840254175310033
2018-01-19 22:00:00,1.2858062654211655
2018-01-26 22:00:00,1.1169830555491949
2018-02-02 22:00:00,0.5066948806410908
2018-02-09 22:00:00,0.8069290459779598
2018-02-16 22:00:00,0.8108156162628186
2018-02-23 22:00:00,0.7767382836350164
2018-03-02 22:00:00,0.3379218223855905
2018-03-09 22:00:00,2.489625850715789
2018-03-16 22:00:00,0.4347758893085547
2018-03-23 22:00:00,1.8812381284765307
2018-03-30 22:00:00,0.2559258879159373
2018-04-13 22:00:00,0.8149486702495351
2018-04-20 22:00:00,0.7577311202353266
2018-04-27 22:00:00,0.47793823020497767
2018-05-04 22:00:00,0.6087187199614656
2018-05-11 22:00:00,0.5260079042870848
2018-05-18 22:00:00,0.5977549148916669
2018-05-25 22:00:00,1.8899099836341398
2018-06-01 22:00:00,1.0613456621995594
2018-06-08 22:00:00,0.6762496761883406
2018-06-15 22:00:00,0.919382311504908
2018-06-22 22:00:00,0.6864616487617018
2018-06-29 22:00:00,0.4797979263254816
2018-07-06 22:00:00,0.314466839745189
2018-07-13 22:00:00,1.3022799756483678
2018-07-20 22:00:00,1.4578465391888502
2018-08-03 22:00:00,0.6009511942731547
2018-08-10 22:00:00,1.0101614470176095
2018-08-17 22:00:00,0.5848925435677753
2018-08-24 22:00:00,0.7609646222898143
2018-08-31 22:00:00,0.667378507791694
2018-09-07 22:00:00,0.844644148232497
2018-09-14 22:00:00,0.9949538417596988
2018-09-21 22:00:00,0.8931697001763635
2018-09-28 22:00:00,1.212633757714444
2018-10-05 22:00:00,1.1002304420401483
2018-10-12 22:00:00,1.5358667312631487
2018-10-19 22:00:00,1.7890644195191754
2018-10-26 22:00:00,0.35466649608325346
2018-11-02 22:00:00,0.6262823679079279
2018-11-09 22:00:00,2.1991909905771485
2018-11-16 22:00:00,0.6935956914351474
2018-11-23 22:00:00,1.6736741965368964
2018-11-30 22:00:00,1.035108062152509
2018-12-07 22:00:00,0.9988649494346059
2018-12-14 22:00:00,1.4872180751899156
2018-12-21 22:00:00,0.7053669419848723
2018-12-28 22:00:00,0.3566309783069738
2019-01-04 22:00:00,1.2847632972469334
2019-01-11 22:00:00,1.0433694232241304
2019-01-18 22:00:00,1.5451226322794807
2019-01-25 22:00:00,2.214610633941741
2019-02-01 22:00:00,2.429827297834804
2019-02-08 22:00:00,1.5535939881568404
2019-02-15 22:00:00,0.8298132070665862
2019-02-22 22:00:00,0.7782289862256356
2019-03-01 22:00:00,1.6990591089960883
2019-03-08 22:00:00,0.9089390165294542
2019-03-15 22:00:00,1.3151999497633582
2019-03-22 22:00:00,1.8392143259064002
2019-03-29 22:00:00,1.6498077123481298
2019-04-05 22:00:00,0.7082705763957805
2019-04-12 22:00:00,0.411284499021249
2019-04-19 22:00:00,2.4637047124338283
2019-04-26 22:00:00,0.5722520996103345
2019-05-03 22:00:00,0.5329578753682614
2019-05-10 22:00:00,0.4690009139648567
2019-05-17 22:00:00,0.740378674984515
2019-05-24 22:00:00,0.444554939057743
2019-06-07 22:00:00,0.7715066902452449
2019-06-14 22:00:00,0.4029600971913231
2019-06-21 22:00:00,0.6660600176346082
2019-06-28 22:00:00,0.5589766611625671
2019-07-05 22:00:00,0.09139036683144781
2019-07-12 22:00:00,0.6944141966581903
2019-07-19 22:00:00,0.8110978972689125
2019-07-26 22:00:00,0.7795003414228462
2019-08-02 22:00:00,0.4959488353820566
2019-08-09 22:00:00,0.651059152673381
2019-08-16 22:00:00,0.8384774624653606
2019-08-23 22:00:00,1.2287905524600848
2019-08-30 22:00:00,1.9934334640456461
2019-09-06 22:00:00,0.5819690862199887
2019-09-13 22:00:00,0.8108905171137676
2019-09-20 22:00:00,0.6039384362562541
2019-09-27 22:00:00,0.3535363004358388
2019-10-04 22:00:00,0.696232941189537
2019-10-11 22:00:00,0.45973081419737355
2019-10-18 22:00:00,0.8369266485109328
2019-10-25 22:00:00,0.7428420557062783
2019-11-01 22:00:00,1.3549630942705149
2019-11-08 22:00:00,2.1048381856301246
2019-11-15 22:00:00,0.7428392789764505
2019-11-22 22:00:00,1.4104288144084733
2019-11-29 22:00:00,0.8204735327697181
2019-12-06 22:00:00,0.5584368991370253
2019-12-13 22:00:00,0.9468203393597079
2019-12-20 22:00:00,0.7814390761812547
2019-12-27 22:00:00,0.8434238691011272
2020-01-03 22:00:00,0.754350872130916
2020-01-10 22:00:00,1.5321671584571441
2020-01-17 22:00:00,1.1923447571524117
2020-01-24 22:00:00,0.6748709155434202
2020-01-31 22:00:00,1.0564273862851183
2020-02-07 22:00:00,1.477501393249475
2020-02-14 22:00:00,1.3187393310497604
2020-02-21 22:00:00,0.9661114031380736
2020-02-28 22:00:00,0.8415275734448213
2020-03-06 22:00:00,1.1536833536798383
2020-03-13 22:00:00,1.966791026015935
2020-03-20 22:00:00,0.8051267915529235
2020-03-27 22:00:00,0.704773459024372
2018-01-05 23:00:00,2.8425204960057173
2018-01-12 23:00:00,1.0244626508855135
2018-01-19 23:00:00,1.1649028793514775
2018-01-26 23:00:00,1.1339643259382775
2018-02-02 23:00:00,1.0814148637564165
2018-02-09 23:00:00,1.4686420759724579
2018-02-16 23:00:00,0.3399764509300032
2018-02-23 23:00:00,1.0658953855035302
2018-03-02 23:00:00,1.1767350344055802
2018-03-09 23:00:00,0.7914941021311903
2018-03-16 23:00:00,1.0877639089283466
2018-03-23 23:00:00,0.41861277620871956
2018-03-30 23:00:00,1.3323819826666337
2018-04-13 23:00:00,1.1153223231159175
2018-04-20 23:00:00,0.8123969237651067
2018-04-27 23:00:00,0.8967064292003881
2018-05-04 23:00:00,1.705595440877329
2018-05-11 23:00:00,0.4722775944782542
2018-05-18 23:00:00,0.8710853469425985
2018-05-25 23:00:00,2.000263242730023
2018-06-01 23:00:00,1.3074088855501604
2018-06-08 23:00:00,0.5959100174910946
2018-06-15 23:00:00,0.9573994856370166
2018-06-22 23:00:00,0.43056841320697614
2018-06-29 23:00:00,0.8189838221468796
2018-07-06 23:00:00,1.3183256967725712
2018-07-13 23:00:00,1.9019731182045319
2018-07-20 23:00:00,0.4528868956947408
2018-07-27 23:00:00,0.5635047606017686
2018-08-03 23:00:00,1.2577064721983644
2018-08-10 23:00:00,1.0272065595131121
2018-08-17 23:00:00,0.9845574761631193
2018-08-24 23:00:00,2.129125382565999
2018-08-31 23:00:00,0.5146420058717818
2018-09-07 23:00:00,0.7724677072996031
2018-09-14 23:00:00,0.7791937345705178
2018-09-21 23:00:00,1.7572580596664522
2018-09-28 23:00:00,1.049006734592127
2018-10-05 23:00:00,2.4146157361667213
2018-10-12 23:00:00,1.3863064969040526
2018-10-19 23:00:00,0.9275198164581758
2018-10-26 23:00:00,0.7866136512587625
2018-11-02 23:00:00,0.3269082063666793
2018-11-09 23:00:00,0.5579578637273718
2018-11-16 23:00:00,2.126529310206576
2018-11-23 23:00:00,1.1105297931304408
2018-11-30 23:00:00,1.3854017764385385
2018-12-07 23:00:00,0.6925035358343726
2018-12-14 23:00:00,1.5697389370074366
2018-12-21 23:00:00,1.8103376042979005
2018-12-28 23:00:00,1.8158485841082277
2019-01-04 23:00:00,2.249195660165197
2019-01-11 23:00:00,1.0023680468102847
2019-01-18 23:00:00,0.8973152534089422
2019-01-25 23:00:00,0.4699663499056482
2019-02-01 23:00:00,2.04950636854952
2019-02-08 23:00:00,1.1858673677216824
2019-02-15 23:00:00,1.1752069832596221
2019-02-22 23:00:00,0.40949303335844234
2019-03-01 23:00:00,1.5238042777147074
2019-03-08 23:00:00,1.0334709986102653
2019-03-15 23:00:00,1.188930179276511
2019-03-22 23:00:00,1.8773839249273008
2019-03-29 23:00:00,1.7455096484592374
2019-04-05 23:00:00,0.7812236666345642
2019-04-12 23:00:00,0.6751132982692362
2019-04-19 23:00:00,1.919153039880017
2019-04-26 23:00:00,0.7023087720915329
2019-05-03 23:00:00,1.1189656177886589
2019-05-10 23:00:00,0.9821208253731593
2019-05-17 23:00:00,1.7122597533576998
2019-05-24 23:00:00,0.8543741980268794
2019-06-07 23:00:00,2.2772882831410755
2019-06-14 23:00:00,0.890896320835465
2019-06-21 23:00:00,0.6396500904910772
2019-06-28 23:00:00,0.6452701108126925
2019-07-05 23:00:00,1.2087726435231954
2019-07-12 23:00:00,0.854706282608671
2019-07-19 23:00:00,0.9202189206460164
2019-07-26 23:00:00,0.5394139464703075
2019-08-02 23:00:00,1.3787646501762565
2019-08-09 23:00:00,1.5765545677871826
2019-08-16 23:00:00,0.6735441584694446
2019-08-23 23:00:00,1.4451601441455837
2019-08-30 23:00:00,1.3052091311527185
2019-09-06 23:00:00,0.9923918042799638
2019-09-13 23:00:00,1.504335695224379
2019-09-20 23:00:00,1.1600166923096717
2019-09-27 23:00:00,1.1060441416653612
2019-10-04 23:00:00,0.8549291025488125
2019-10-11 23:00:00,1.2357578046438824
2019-10-18 23:00:00,1.6036239168290083
2019-10-25 23:00:00,0.9267380633981854
2019-11-01 23:00:00,1.656082608601379
2019-11-08 23:00:00,1.0247209961938948
2019-11-15 23:00:00,3.194867131339442
2019-11-22 23:00:00,2.5500729052416986
2019-11-29 23:00:00,1.2235074109116606
2019-12-06 23:00:00,1.6015993661987136
2019-12-13 23:00:00,1.2358423217140875
2019-12-20 23:00:00,1.3426362280576785
2019-12-27 23:00:00,0.6885014846719985
2020-01-03 23:00:00,1.482912173586271
2020-01-10 23:00:00,1.2009352153591248
2020-01-17 23:00:00,1.7168070150837005
2020-01-24 23:00:00,0.3713493358672996
2020-01-31 23:00:00,0.59097218821242
2020-02-07 23:00:00,1.3941685519079212
2020-02-14 23:00:00,0.786862388163148
2020-02-21 23:00:00,0.8442649296702673
2020-02-28 23:00:00,0.667393109638585
2020-03-06 23:00:00,1.3552820841356568
2020-03-13 23:00:00,1.1150610139781452
2020-03-20 23:00:00,3.0851095261518404
2020-03-27 23:00:00,3.022499238033092
2018-01-06 00:00:00,3.9190506435988217
2018-01-13 00:00:00,0.8406969834901298
2018-01-20 00:00:00,0.9124057301135968
2018-01-27 00:00:00,1.2869020055814873
2018-02-03 00:00:00,0.8696083223776955
2018-02-10 00:00:00,1.6494367576370073
2018-02-17 00:00:00,0.925875816390194
2018-02-24 00:00:00,2.886174888300729
2018-03-03 00:00:00,1.6011821331907865
2018-03-10 00:00:00,1.0181483474202542
2018-03-17 00:00:00,1.6628589312019946
2018-03-24 00:00:00,0.7205709119106791
2018-03-31 00:00:00,0.9936941170790119
2018-04-14 00:00:00,1.3353804887603589
2018-04-21 00:00:00,1.5985770867485254
2018-04-28 00:00:00,0.6538579637612932
2018-05-05 00:00:00,1.4667607031308165
2018-05-12 00:00:00,0.6839901285711653
2018-05-19 00:00:00,0.8393333493043061
2018-05-26 00:00:00,0.7462228791259302
2018-06-02 00:00:00,0.5833010945451834
2018-06-09 00:00:00,1.7910689716520365
2018-06-16 00:00:00,0.4398151400138094
2018-06-23 00:00:00,2.0807310459687365
2018-06-30 00:00:00,2.12692800770335
2018-07-07 00:00:00,0.47341694011252
2018-07-14 00:00:00,1.9151590771646412
2018-07-21 00:00:00,1.2967428240911256
2018-07-28 00:00:00,0.9673668314830232
2018-08-04 00:00:00,1.6502235203142825
2018-08-11 00:00:00,2.375064808108652
2018-08-18 00:00:00,0.6535310850602599
2018-08-25 00:00:00,0.4097661618040798
2018-09-01 00:00:00,2.3095327041935043
2018-09-08 00:00:00,1.4926284429528995
2018-09-15 00:00:00,1.5405381159977451
2018-09-22 00:00:00,1.49983600361361
2018-09-29 00:00:00,1.025912949709841
2018-10-06 00:00:00,1.8352674855120672
2018-10-13 00:00:00,1.4311448687458999
2018-10-20 00:00:00,1.1277329304356265
2018-10-27 00:00:00,1.566531600587373
2018-11-03 00:00:00,0.783579367905989
2018-11-10 00:00:00,1.4107187053966923
2018-11-17 00:00:00,0.6506436042133767
2018-11-24 00:00:00,1.0271532154309828
2018-12-01 00:00:00,1.1986407755623882
2018-12-08 00:00:00,1.2922241795581693
2018-12-15 00:00:00,0.9564758589700543
2018-12-22 00:00:00,1.7049777569289206
2018-12-29 00:00:00,1.10741264379428
2019-01-05 00:00:00,1.2991093910623874
2019-01-12 00:00:00,1.361267103056297
2019-01-19 00:00:00,0.8361162910162376
2019-01-26 00:00:00,1.4226442310745724
2019-02-02 00:00:00,0.8167479294158616
2019-02-09 00:00:00,1.326933353328737
2019-02-16 00:00:00,1.32803899328935
2019-02-23 00:00:00,0.6178300280069069
2019-03-09 00:00:00,0.8883702642012823
2019-03-16 00:00:00,0.7591011287140879
2019-03-23 00:00:00,0.8911140056031447
2019-03-30 00:00:00,0.5610394868270888
2019-04-06 00:00:00,0.4143205470897032
2019-04-13 00:00:00,1.0516445627667232
2019-04-20 00:00:00,1.0686709122613993
2019-04-27 00:00:00,0.5594430160235369
2019-05-04 00:00:00,0.41483607716506754
2019-05-11 00:00:00,0.6062317730039094
2019-05-18 00:00:00,0.9494762140395349
2019-05-25 00:00:00,1.2418922719939265
2019-06-08 00:00:00,0.6239539648256448
2019-06-15 00:00:00,1.3709228787622172
2019-06-22 00:00:00,0.4379151144084198
2019-06-29 00:00:00,1.4312147397741646
2019-07-06 00:00:00,1.9437010697494532
2019-07-13 00:00:00,1.0394848183128431
2019-07-20 00:00:00,0.9842158929256689
2019-07-27 00:00:00,1.3330115679960206
2019-08-03 00:00:00,0.8779915120910824
2019-08-10 00:00:00,0.8694910307920156
2019-08-17 00:00:00,1.4225312497620577
2019-08-24 00:00:00,2.5147513417856953
2019-08-31 00:00:00,1.2442493332848201
2019-09-07 00:00:00,1.3869521099615139
2019-09-14 00:00:00,1.5192583173715952
2019-09-21 00:00:00,0.8378942684480581
2019-09-28 00:00:00,2.1691515365620955
2019-10-05 00:00:00,1.1063925408989308
2019-10-12 00:00:00,1.2965568354330053
2019-10-19 00:00:00,0.8794728517837181
2019-10-26 00:00:00,2.132937526835114
2019-11-02 00:00:00,0.882323472286769
2019-11-09 00:00:00,1.7029527942680798
2019-11-16 00:00:00,2.343915634869096
2019-11-23 00:00:00,2.1931464343425455
2019-11-30 00:00:00,1.5877303843037085
2019-12-07 00:00:00,0.33762477689013043
2019-12-14 00:00:00,0.7349261624446486
2019-12-21 00:00:00,1.2076966283397998
2019-12-28 00:00:00,1.1819795684793792
2020-01-04 00:00:00,1.5742384077119163
2020-01-11 00:00:00,1.307183261662573
2020-01-18 00:00:00,1.2602107557696174
2020-01-25 00:00:00,2.30669175957685
2020-02-01 00:00:00,2.64217837657302
2020-02-08 00:00:00,1.0292714763901525
2020-02-15 00:00:00,1.2981752648025868
2020-02-22 00:00:00,1.179210177933501
2020-02-29 00:00:00,0.5259871197457484
2020-03-07 00:00:00,1.6065208919657537
2020-03-14 00:00:00,1.0788812323608057
2020-03-21 00:00:00,0.6455932328534447
2020-03-28 00:00:00,1.7508975381430159
2018-01-06 01:00:00,2.6636807732193795
2018-01-13 01:00:00,1.4397642219224407
2018-01-20 01:00:00,1.3145366086357582
2018-01-27 01:00:00,0.17807247351390404
2018-02-03 01:00:00,2.1185826694515817
2018-02-10 01:00:00,1.8345836315727309
2018-02-17 01:00:00,1.6693323415513401
2018-02-24 01:00:00,0.9252266938728564
2018-03-03 01:00:00,1.5506260561108172
2018-03-10 01:00:00,1.720890125714124
2018-03-17 01:00:00,1.3814104181262272
2018-03-24 01:00:00,1.131649929755488
2018-03-31 01:00:00,0.780255561691554
2018-04-14 01:00:00,1.717398093842096
2018-04-21 01:00:00,1.9939194301299876
2018-04-28 01:00:00,0.7926832679288012
2018-05-05 01:00:00,1.9388951218904806
2018-05-12 01:00:00,1.5845833315986877
2018-05-19 01:00:00,0.7446084111611102
2018-05-26 01:00:00,0.8615284358751377
2018-06-02 01:00:00,1.6941603144226887
2018-06-09 01:00:00,1.1641358238884947
2018-06-16 01:00:00,1.6881105249299897
2018-06-23 01:00:00,0.4770743528685214
2018-06-30 01:00:00,0.938848707029953
2018-07-07 01:00:00,1.0672326796769027
2018-07-14 01:00:00,0.46383581749051117
2018-07-21 01:00:00,1.1095706524041882
2018-07-28 01:00:00,1.9450722634255715
2018-08-04 01:00:00,0.9345142727089046
2018-08-11 01:00:00,2.229780577287602
2018-08-18 01:00:00,2.162891453063629
2018-08-25 01:00:00,1.3931675211645709
2018-09-01 01:00:00,1.3992161450121194
2018-09-08 01:00:00,1.243372708306251
2018-09-15 01:00:00,0.9846830600875993
2018-09-22 01:00:00,0.752611975450691
2018-09-29 01:00:00,0.28935712563363325
2018-10-06 01:00:00,0.9014879207401311
2018-10-13 01:00:00,1.1642283673493488
2018-10-20 01:00:00,1.3342618100184214
2018-10-27 01:00:00,0.6837980383028053
2018-11-03 01:00:00,0.4531403100560387
2018-11-10 01:00:00,0.5627127868384096
2018-11-17 01:00:00,0.6257934783014348
2018-11-24 01:00:00,0.980404507097142
2018-12-01 01:00:00,1.1058586548643863
2018-12-08 01:00:00,0.7242013696545078
2018-12-15 01:00:00,0.9572730363837859
2018-12-22 01:00:00,0.597198429710866
2018-12-29 01:00:00,1.03575216666035
2019-01-05 01:00:00,0.6906650717042832
2019-01-12 01:00:00,2.2531500951599335
2019-01-19 01:00:00,0.9739740931167483
2019-01-26 01:00:00,0.5802894788550228
2019-02-02 01:00:00,0.6177121549951451
2019-02-09 01:00:00,1.066718275652628
2019-02-16 01:00:00,1.347699075907209
2019-02-23 01:00:00,2.25030674683872
2019-03-09 01:00:00,1.0209779242109354
2019-03-16 01:00:00,0.9439049746227631
2019-03-23 01:00:00,1.6395320822309252
2019-03-30 01:00:00,1.6722821926490172
2019-04-06 01:00:00,2.830099237485082
2019-04-13 01:00:00,0.8443454814677063
2019-04-20 01:00:00,2.424281429925779
2019-04-27 01:00:00,0.5383155341499264
2019-05-04 01:00:00,0.9166580501054087
2019-05-11 01:00:00,0.6398437293236813
2019-05-18 01:00:00,1.0666156521867296
2019-05-25 01:00:00,0.9584464560648457
2019-06-08 01:00:00,0.9529172439462646
2019-06-15 01:00:00,0.8338257689848068
2019-06-22 01:00:00,0.4569902264027781
2019-06-29 01:00:00,0.8106127874309351
2019-07-06 01:00:00,1.2704683455278991
2019-07-13 01:00:00,1.4843625087169088
2019-07-20 01:00:00,1.2743372387725587
2019-07-27 01:00:00,0.9062600186228114
2019-08-03 01:00:00,1.1359654732137479
2019-08-10 01:00:00,0.7074676247211883
2019-08-17 01:00:00,1.8858272955205917
2019-08-24 01:00:00,1.728761336479305
2019-08-31 01:00:00,0.8217586782281248
2019-09-07 01:00:00,0.6888752251855635
2019-09-14 01:00:00,1.5751699976770355
2019-09-21 01:00:00,1.1049374168587662
2019-09-28 01:00:00,1.4684976610487488
2019-10-05 01:00:00,1.6117186391725646
2019-10-12 01:00:00,0.6078915866662845
2019-10-19 01:00:00,1.1426641973843987
2019-10-26 01:00:00,1.6676154858021441
2019-11-02 01:00:00,0.2096478722807175
2019-11-09 01:00:00,0.8752919414174211
2019-11-16 01:00:00,0.9662624286295317
2019-11-23 01:00:00,0.5599995682938999
2019-11-30 01:00:00,1.058827955532711
2019-12-07 01:00:00,1.3068062565315448
2019-12-14 01:00:00,1.2671623690506593
2019-12-21 01:00:00,1.3259764976251123
2019-12-28 01:00:00,0.666313724715961
2020-01-04 01:00:00,1.106076888628773
2020-01-11 01:00:00,1.2902017780558237
2020-01-18 01:00:00,1.2605743555116995
2020-01-25 01:00:00,1.3574697494617096
2020-02-01 01:00:00,1.3816651388595906
2020-02-08 01:00:00,1.577745341956699
2020-02-15 01:00:00,1.8511404928783057
2020-02-22 01:00:00,1.6022779937750435
2020-02-29 01:00:00,1.411937810246686
2020-03-07 01:00:00,1.4973069627791251
2020-03-14 01:00:00,1.184323663780286
2020-03-21 01:00:00,1.3682788474768868
2020-03-28 01:00:00,2.3698481386727517
2018-01-06 02:00:00,0.887272918681167
2018-01-13 02:00:00,1.8423506215259668
2018-01-20 02:00:00,0.46635150519126284
2018-01-27 02:00:00,1.321595673737434
2018-02-03 02:00:00,1.770091445227446
2018-02-10 02:00:00,1.797063242817796
2018-02-17 02:00:00,1.1759383147230618
2018-02-24 02:00:00,0.9095479877441576
2018-03-03 02:00:00,0.8304783650569377
2018-03-10 02:00:00,1.4449481555154933
2018-03-17 02:00:00,1.1186572614989967
2018-03-24 02:00:00,0.9398203379858117
2018-03-31 02:00:00,0.3784994979001225
2018-04-14 02:00:00,0.7137619914449521
2018-04-21 02:00:00,1.0383738526110664
2018-04-28 02:00:00,1.5557278511479724
2018-05-05 02:00:00,1.1974758191022388
2018-05-12 02:00:00,3.3816641116886434
2018-05-19 02:00:00,0.23517026034612803
2018-05-26 02:00:00,0.8647620130505569
2018-06-02 02:00:00,1.1339349857345664
2018-06-09 02:00:00,0.8841719110928121
2018-06-16 02:00:00,1.0647399604413834
2018-06-23 02:00:00,1.1755924176069443
2018-06-30 02:00:00,0.5339190641393365
2018-07-07 02:00:00,2.0454126815460656
2018-07-14 02:00:00,0.8587318127911012
2018-07-21 02:00:00,2.2324120635136273
2018-07-28 02:00:00,1.2772138216132993
2018-08-04 02:00:00,0.31018561067026656
2018-08-11 02:00:00,2.5877348094035098
2018-08-18 02:00:00,1.2076190093820105
2018-08-25 02:00:00,0.5933735780991211
2018-09-01 02:00:00,0.8134504187847081
2018-09-08 02:00:00,1.702034876199354
2018-09-15 02:00:00,0.6476658189881765
2018-09-22 02:00:00,1.5934172293999798
2018-09-29 02:00:00,0.8217042322033413
2018-10-06 02:00:00,1.1192291416905498
2018-10-13 02:00:00,1.5498711064587984
2018-10-20 02:00:00,1.490844506286588
2018-10-27 02:00:00,0.9003334941521689
2018-11-03 02:00:00,1.803061220683128
2018-11-10 02:00:00,1.2183835445019635
2018-11-17 02:00:00,0.7062429350970385
2018-11-24 02:00:00,0.6553979940520405
2018-12-01 02:00:00,0.896716197971169
2018-12-08 02:00:00,0.8789194339966707
2018-12-15 02:00:00,1.4359885425892898
2018-12-22 02:00:00,2.0314994569399696
2018-12-29 02:00:00,0.5294107925247407
2019-01-05 02:00:00,0.7965678625239412
2019-01-12 02:00:00,1.2151847067759676
2019-01-19 02:00:00,1.4186013686745167
2019-01-26 02:00:00,2.01642556562367
2019-02-02 02:00:00,1.0356503583759384
2019-02-09 02:00:00,1.1422756327900627
2019-02-16 02:00:00,1.720350816008307
2019-02-23 02:00:00,1.5624378316823395
2019-03-02 02:00:00,2.2147724415836465
2019-03-09 02:00:00,0.7850969081108169
2019-03-16 02:00:00,1.728873747482362
2019-03-23 02:00:00,1.883039137209767
2019-03-30 02:00:00,1.781027280199408
2019-04-06 02:00:00,1.1551718008269718
2019-04-13 02:00:00,1.198970809853404
2019-04-20 02:00:00,0.992013776905131
2019-04-27 02:00:00,0.4741348709992714
2019-05-04 02:00:00,1.8373256515139336
2019-05-11 02:00:00,1.468863451818263
2019-05-18 02:00:00,1.858108914555773
2019-05-25 02:00:00,0.3533975248993847
2019-06-08 02:00:00,1.1755683479770807
2019-06-15 02:00:00,0.8778018230695814
2019-06-22 02:00:00,1.2866606030022982
2019-06-29 02:00:00,0.6405359247822783
2019-07-06 02:00:00,0.8219150757524224
2019-07-13 02:00:00,0.809648697438383
2019-07-20 02:00:00,0.8691530841514078
2019-07-27 02:00:00,1.0065300627102676
2019-08-03 02:00:00,1.0638413588805153
2019-08-10 02:00:00,1.4988643692349624
2019-08-17 02:00:00,0.7987065169345362
2019-08-24 02:00:00,1.5866086822044518
2019-08-31 02:00:00,1.0127113113345048
2019-09-07 02:00:00,0.6748592131638531
2019-09-14 02:00:00,0.7793533453994668
2019-09-21 02:00:00,1.0068160050100614
2019-09-28 02:00:00,0.3404914739019659
2019-10-05 02:00:00,1.939980954324837
2019-10-12 02:00:00,1.4472240066835564
2019-10-19 02:00:00,1.2156310065455878
2019-10-26 02:00:00,0.9025147189451548
2019-11-02 02:00:00,1.988066521397353
2019-11-09 02:00:00,1.6424361681320367
2019-11-16 02:00:00,0.9134369860738636
2019-11-23 02:00:00,1.5120115450939717
2019-11-30 02:00:00,2.917033249334545
2019-12-07 02:00:00,1.1469878899196266
2019-12-14 02:00:00,1.4667644878730515
2019-12-21 02:00:00,2.7385708976810212
2019-12-28 02:00:00,0.8340453778650778
2020-01-04 02:00:00,0.9961875606390002
2020-01-11 02:00:00,1.085202512898425
2020-01-18 02:00:00,1.4728347017721721
2020-01-25 02:00:00,0.932126456472048
2020-02-01 02:00:00,0.665124116248127
2020-02-08 02:00:00,1.7533938405587017
2020-02-15 02:00:00,0.5438274841133403
2020-02-22 02:00:00,1.338269688355995
2020-02-29 02:00:00,1.3826117313984139
2020-03-07 02:00:00,0.8892753135428605
2020-03-14 02:00:00,2.2930745367061287
2020-03-21 02:00:00,6.684852901309311
2020-03-28 02:00:00,2.9977622356837705
2018-01-06 03:00:00,2.2137918330369537
2018-01-13 03:00:00,1.7114069200699797
2018-01-20 03:00:00,1.0607126982986417
2018-01-27 03:00:00,1.033979714217236
2018-02-03 03:00:00,2.3333351531235755
2018-02-10 03:00:00,0.6271816636541064
2018-02-17 03:00:00,0.8356096844949898
2018-02-24 03:00:00,1.4338280487870407
2018-03-03 03:00:00,0.7957243470434021
2018-03-10 03:00:00,2.5767609832058027
2018-03-17 03:00:00,1.8308555102090283
2018-03-24 03:00:00,0.9719698995314894
2018-03-31 03:00:00,0.9573380668862301
2018-04-14 03:00:00,1.2454645204544363
2018-04-21 03:00:00,1.3531307755146307
2018-04-28 03:00:00,1.3985251680547526
2018-05-05 03:00:00,1.026152430446814
2018-05-12 03:00:00,0.8009829945791679
2018-05-19 03:00:00,1.2768128739005664
2018-05-26 03:00:00,1.1516160999401397
2018-06-02 03:00:00,1.1971219329738962
2018-06-09 03:00:00,1.5217508570395608
2018-06-16 03:00:00,4.118080043093547
2018-06-23 03:00:00,0.785807576047903
2018-06-30 03:00:00,1.4680085237606915
2018-07-07 03:00:00,3.181718284192138
2018-07-14 03:00:00,0.9738158492604835
2018-07-21 03:00:00,1.473446095585517
2018-07-28 03:00:00,0.7295664043625883
2018-08-04 03:00:00,1.7430314571164645
2018-08-11 03:00:00,2.4074763232675287
2018-08-18 03:00:00,1.2601901254635677
2018-08-25 03:00:00,1.0236510727645713
2018-09-01 03:00:00,1.6739450330640702
2018-09-08 03:00:00,1.4914054214430055
2018-09-15 03:00:00,1.5597014998342364
2018-09-22 03:00:00,1.3601863234140157
2018-09-29 03:00:00,1.388271251850495
2018-10-06 03:00:00,1.5839061099316452
2018-10-13 03:00:00,4.802428565173009
2018-10-20 03:00:00,0.5936791040431229
2018-10-27 03:00:00,0.5766020604729302
2018-11-03 03:00:00,1.1708101532004414
2018-11-10 03:00:00,0.9400296907484518
2018-11-17 03:00:00,1.325205913986938
2018-11-24 03:00:00,1.0860701102923722
2018-12-01 03:00:00,0.6899277029219054
2018-12-08 03:00:00,0.8742939187161898
2018-12-15 03:00:00,0.9205816195031828
2018-12-22 03:00:00,1.3918045192271802
2018-12-29 03:00:00,1.2432813341835867
2019-01-05 03:00:00,1.918827772601697
2019-01-12 03:00:00,1.116027734601629
2019-01-19 03:00:00,1.377606002187782
2019-01-26 03:00:00,1.3099628450511864
2019-02-02 03:00:00,1.120985519115035
2019-02-09 03:00:00,1.8181754546117632
2019-02-16 03:00:00,0.9712862242886396
2019-02-23 03:00:00,0.5098891871239921
2019-03-02 03:00:00,1.122921567912483
2019-03-09 03:00:00,0.8214380657247861
2019-03-16 03:00:00,1.4237010041355942
2019-03-23 03:00:00,1.1133204275806823
2019-03-30 03:00:00,0.9194128755973247
2019-04-06 03:00:00,0.9621391518939056
2019-04-13 03:00:00,1.5522399098801882
2019-04-20 03:00:00,1.6353273151138499
2019-04-27 03:00:00,0.9356340642000545
2019-05-04 03:00:00,1.76520353980627
2019-05-11 03:00:00,1.0844197624690668
2019-05-18 03:00:00,1.4844324288918676
2019-05-25 03:00:00,1.1827582979423594
2019-06-08 03:00:00,1.2980999163619056
2019-06-15 03:00:00,0.7966904490246166
2019-06-22 03:00:00,1.2003308205413754
2019-06-29 03:00:00,1.627189311707886
2019-07-06 03:00:00,0.8079596704777825
2019-07-13 03:00:00,1.455460430556162
2019-07-20 03:00:00,0.6377582358123127
2019-07-27 03:00:00,0.7726905361098007
2019-08-03 03:00:00,0.6767445254458442
2019-08-10 03:00:00,1.4513011503003734
2019-08-17 03:00:00,1.2886905366749022
2019-08-24 03:00:00,2.6575531333242544
2019-08-31 03:00:00,0.88238129167047
2019-09-07 03:00:00,1.0907350605309436
2019-09-14 03:00:00,1.5748754977207369
2019-09-21 03:00:00,1.3410540653174827
2019-09-28 03:00:00,0.4866315870530934
2019-10-05 03:00:00,0.8487389451000853
2019-10-12 03:00:00,1.1796485239275907
2019-10-19 03:00:00,1.9720372544052498
2019-10-26 03:00:00,2.0764737253613808
2019-11-02 03:00:00,1.3233770277973302
2019-11-09 03:00:00,1.6333266328487162
2019-11-16 03:00:00,1.7898784131654455
2019-11-23 03:00:00,0.48044099337497603
2019-11-30 03:00:00,0.7848664408964394
2019-12-07 03:00:00,1.9693596121846848
2019-12-14 03:00:00,0.9058210496985534
2019-12-21 03:00:00,1.8974766745373408
2019-12-28 03:00:00,1.350570766967527
2020-01-04 03:00:00,1.0432094743443887
2020-01-11 03:00:00,1.3895831715301117
2020-01-18 03:00:00,1.1372186166691582
2020-01-25 03:00:00,2.0264806988705333
2020-02-01 03:00:00,1.4007220478937068
2020-02-08 03:00:00,1.5212719668533277
2020-02-15 03:00:00,0.932300598428457
2020-02-22 03:00:00,1.8994022173452485
2020-02-29 03:00:00,0.6342482388717225
2020-03-07 03:00:00,3.5270362258731414
2020-03-14 03:00:00,1.3785867016351667
2020-03-21 03:00:00,3.7042128005212023
2020-03-28 03:00:00,2.5098034418728474
2018-01-06 04:00:00,1.319754543489459
2018-01-13 04:00:00,2.124679499248998
2018-01-20 04:00:00,0.6640542235338865
2018-01-27 04:00:00,1.5671908217345327
2018-02-03 04:00:00,0.6323926147260969
2018-02-10 04:00:00,2.723075827876263
2018-02-17 04:00:00,1.2723384065566392
2018-02-24 04:00:00,0.891577385461548
2018-03-03 04:00:00,1.2007161355797038
2018-03-10 04:00:00,0.5130136879607742
2018-03-17 04:00:00,1.3225647641884535
2018-03-24 04:00:00,0.6225132653699501
2018-03-31 04:00:00,1.8688917414966097
2018-04-14 04:00:00,0.967270452254262
2018-04-21 04:00:00,1.3081069151245348
2018-05-05 04:00:00,2.923945482643664
2018-05-12 04:00:00,1.0276656527009718
2018-05-19 04:00:00,2.87365600253755
2018-05-26 04:00:00,0.43486563816212886
2018-06-02 04:00:00,0.8893637002816638
2018-06-09 04:00:00,2.816342786164969
2018-06-16 04:00:00,0.5143060604744534
2018-06-23 04:00:00,1.0452862089205894
2018-06-30 04:00:00,1.2732605647728328
2018-07-07 04:00:00,1.1827219145796994
2018-07-14 04:00:00,1.2680127928186655
2018-07-21 04:00:00,1.673629975860454
2018-07-28 04:00:00,2.1041091685986424
2018-08-04 04:00:00,1.740509627374076
2018-08-11 04:00:00,1.6051515778016843
2018-08-18 04:00:00,3.7222461098643604
2018-08-25 04:00:00,1.476479293543859
2018-09-01 04:00:00,1.9096847795252205
2018-09-08 04:00:00,0.2829211372964575
2018-09-15 04:00:00,0.49170691647438214
2018-09-22 04:00:00,0.8960729449220597
2018-09-29 04:00:00,1.175791365039415
2018-10-06 04:00:00,0.9507388634947348
2018-10-13 04:00:00,3.12247219487913
2018-10-20 04:00:00,2.049816542871649
2018-10-27 04:00:00,0.7678559742154397
2018-11-03 04:00:00,1.594290110403883
2018-11-10 04:00:00,1.0929473771508982
2018-11-17 04:00:00,1.1845156463149769
2018-11-24 04:00:00,1.9804604483194805
2018-12-01 04:00:00,0.9821786729691299
2018-12-08 04:00:00,1.1203554762463823
2018-12-15 04:00:00,0.5619093337342402
2018-12-22 04:00:00,0.9951036736967515
2018-12-29 04:00:00,1.8489261124590253
2019-01-05 04:00:00,1.0335900500514201
2019-01-12 04:00:00,1.7670212899537507
2019-01-19 04:00:00,1.99489766625054
2019-01-26 04:00:00,1.6878406098517866
2019-02-02 04:00:00,1.6838472071861583
2019-02-09 04:00:00,1.4753124509106572
2019-02-16 04:00:00,1.0477354631378846
2019-02-23 04:00:00,1.0483333529423111
2019-03-02 04:00:00,1.2255490430921878
2019-03-09 04:00:00,0.9926100136038633
2019-03-16 04:00:00,1.0435940940681399
2019-03-23 04:00:00,1.159569206265675
2019-03-30 04:00:00,1.3158187736834301
2019-04-06 04:00:00,1.500794271213775
2019-04-13 04:00:00,0.80603105584936
2019-04-20 04:00:00,0.7025477392105228
2019-04-27 04:00:00,0.6397547711852426
2019-05-04 04:00:00,0.8721531494663073
2019-05-11 04:00:00,0.887895728481662
2019-05-18 04:00:00,1.2851042011888474
2019-05-25 04:00:00,0.36287355627778434
2019-06-08 04:00:00,1.7022520205727927
2019-06-15 04:00:00,0.4218007309571233
2019-06-22 04:00:00,0.4514768706891419
2019-06-29 04:00:00,0.9025782701434717
2019-07-06 04:00:00,0.547400249049315
2019-07-13 04:00:00,0.871288025454037
2019-07-20 04:00:00,1.1218439743321653
2019-07-27 04:00:00,0.4604683211107897
2019-08-03 04:00:00,0.47765809575285256
2019-08-10 04:00:00,0.9764713325253541
2019-08-17 04:00:00,3.664929885420745
2019-08-24 04:00:00,1.2038882580673265
2019-08-31 04:00:00,0.9054267642643608
2019-09-07 04:00:00,1.2927937727360952
2019-09-14 04:00:00,0.8245894082051832
2019-09-21 04:00:00,0.9881795082068514
2019-09-28 04:00:00,0.9945269954846775
2019-10-05 04:00:00,1.6078288661542186
2019-10-19 04:00:00,2.2279352035609428
2019-10-26 04:00:00,1.4955812914450743
2019-11-02 04:00:00,1.2129544198977666
2019-11-09 04:00:00,0.8926668421923236
2019-11-16 04:00:00,2.033942424931763
2019-11-23 04:00:00,1.6951759357049665
2019-11-30 04:00:00,1.3479013858800992
2019-12-07 04:00:00,1.2081512825872167
2019-12-14 04:00:00,1.3525043984641416
2019-12-21 04:00:00,0.8668410315217655
2019-12-28 04:00:00,0.7645726402853901
2020-01-04 04:00:00,2.2381723148489616
2020-01-11 04:00:00,0.862825728781785
2020-01-18 04:00:00,1.8613419824922448
2020-01-25 04:00:00,1.4096456501786125
2020-02-01 04:00:00,0.9790065155591567
2020-02-08 04:00:00,1.5351317084770677
2020-02-15 04:00:00,0.6655515741243748
2020-02-22 04:00:00,0.6368493857564973
2020-02-29 04:00:00,0.9931409726441894
2020-03-07 04:00:00,0.4371988466547234
2020-03-14 04:00:00,0.8111896034138464
2020-03-21 04:00:00,0.8654015295988832
2020-03-28 04:00:00,2.561622034420295
2018-01-06 05:00:00,0.6231846719714214
2018-01-13 05:00:00,0.929721709485118
2018-01-20 05:00:00,0.5577993048036443
2018-01-27 05:00:00,0.6509835414855513
2018-02-03 05:00:00,0.9469545542275826
2018-02-10 05:00:00,0.4872483466925036
2018-02-17 05:00:00,1.402911894557175
2018-02-24 05:00:00,0.5405784464974109
2018-03-03 05:00:00,0.7738409068500245
2018-03-10 05:00:00,1.0383472964436695
2018-03-17 05:00:00,0.902380673174889
2018-03-24 05:00:00,1.3700404509162725
2018-03-31 05:00:00,0.6139278211371872
2018-04-14 05:00:00,0.16189244917364362
2018-04-21 05:00:00,1.395231224537452
2018-05-05 05:00:00,1.4877454105900483
2018-05-12 05:00:00,0.5956397132396068
2018-05-19 05:00:00,1.165375572802317
2018-05-26 05:00:00,0.5613170435440038
2018-06-02 05:00:00,1.0439903472631191
2018-06-09 05:00:00,0.29169425990128656
2018-06-16 05:00:00,2.6453644486923467
2018-06-23 05:00:00,0.5304042526954459
2018-06-30 05:00:00,1.0397127619875308
2018-07-07 05:00:00,0.6485144094238969
2018-07-14 05:00:00,0.749777413658511
2018-07-21 05:00:00,0.7649404454315907
2018-07-28 05:00:00,0.6574047142185525
2018-08-04 05:00:00,1.1613596685471093
2018-08-11 05:00:00,0.5292964972534955
2018-08-18 05:00:00,0.8819220771162803
2018-08-25 05:00:00,3.0147679654041775
2018-09-01 05:00:00,0.7203119168574494
2018-09-08 05:00:00,1.4257277268520385
2018-09-15 05:00:00,0.13668484614881393
2018-09-22 05:00:00,1.3776383408915933
2018-09-29 05:00:00,0.70416456322681
2018-10-06 05:00:00,0.8998256008974731
2018-10-13 05:00:00,0.37693614892273597
2018-10-20 05:00:00,0.7963866923712088
2018-10-27 05:00:00,0.4441841565455931
2018-11-03 05:00:00,0.6579933882728972
2018-11-10 05:00:00,0.72988077315371
2018-11-17 05:00:00,0.9086655542205943
2018-11-24 05:00:00,1.4025537843110192
2018-12-01 05:00:00,0.4075200007223907
2018-12-08 05:00:00,0.7887276998669587
2018-12-15 05:00:00,0.6534017653227966
2018-12-22 05:00:00,0.9841521732776102
2018-12-29 05:00:00,0.6213540988942983
2019-01-05 05:00:00,0.70309472293131
2019-01-12 05:00:00,1.1100474129946176
2019-01-19 05:00:00,0.4371852532183477
2019-01-26 05:00:00,0.5911686735133279
2019-02-02 05:00:00,1.2839018000256235
2019-02-09 05:00:00,0.702036274689346
2019-02-16 05:00:00,1.3816133896205653
2019-02-23 05:00:00,0.40157036676174324
2019-03-02 05:00:00,0.3412453806361396
2019-03-09 05:00:00,0.39396883640703767
2019-03-16 05:00:00,0.5908516664327673
2019-03-23 05:00:00,0.8393570260982725
2019-03-30 05:00:00,0.3973233193955816
2019-04-06 05:00:00,0.29769676024696706
2019-04-13 05:00:00,0.861304973563607
2019-04-20 05:00:00,0.5473809025187829
2019-04-27 05:00:00,0.7979047607800246
2019-05-04 05:00:00,0.7489790012741048
2019-05-11 05:00:00,0.49226603253405243
2019-05-18 05:00:00,0.6773487934155709
2019-05-25 05:00:00,1.095231505415489
2019-06-08 05:00:00,0.5607457398459882
2019-06-15 05:00:00,0.5821405230871228
2019-06-22 05:00:00,0.5339004138446212
2019-06-29 05:00:00,0.2668645186742986
2019-07-06 05:00:00,0.7364869439448714
2019-07-13 05:00:00,1.0970086131015684
2019-07-20 05:00:00,0.8633021403447944
2019-07-27 05:00:00,0.4362553294816068
2019-08-03 05:00:00,0.9769928361374249
2019-08-10 05:00:00,0.556805177040095
2019-08-17 05:00:00,1.2231011600603796
2019-08-24 05:00:00,2.4680395031371534
2019-08-31 05:00:00,1.3979571205150938
2019-09-07 05:00:00,0.8354179702164717
2019-09-14 05:00:00,1.1635985148809747
2019-09-21 05:00:00,0.6495129656152844
2019-09-28 05:00:00,0.3390355450025996
2019-10-05 05:00:00,0.6125004325697028
2019-10-19 05:00:00,0.7498335051742169
2019-10-26 05:00:00,1.5570765889457112
2019-11-02 05:00:00,0.9951512650438655
2019-11-09 05:00:00,0.7619133007380003
2019-11-16 05:00:00,0.5663268590870854
2019-11-23 05:00:00,1.2364507676070335
2019-11-30 05:00:00,0.7662594930337221
2019-12-07 05:00:00,0.835746784925488
2019-12-14 05:00:00,0.4751052086067488
2019-12-21 05:00:00,1.3115566636833689
2019-12-28 05:00:00,0.6993376465472572
2020-01-04 05:00:00,1.0430495215882305
2020-01-11 05:00:00,0.8822428115072045
2020-01-18 05:00:00,0.6596252700065751
2020-01-25 05:00:00,0.9273145930937763
2020-02-01 05:00:00,0.551137788621642
2020-02-08 05:00:00,0.5115759059900893
2020-02-15 05:00:00,0.6256199826798478
2020-02-22 05:00:00,1.9141585287918983
2020-02-29 05:00:00,0.9450293324752128
2020-03-07 05:00:00,0.5172573226176208
2020-03-14 05:00:00,0.7928185555393231
2020-03-21 05:00:00,0.9009861442442918
2020-03-28 05:00:00,1.5781670585397223
2018-01-06 06:00:00,1.071265974540227
2018-01-13 06:00:00,0.8585311591041128
2018-01-20 06:00:00,0.43295240125599266
2018-01-27 06:00:00,0.7737978652357145
2018-02-03 06:00:00,0.46481383727855374
2018-02-10 06:00:00,0.9142038817558151
2018-02-17 06:00:00,0.3999987622245129
2018-02-24 06:00:00,0.49406229576126
2018-03-03 06:00:00,0.4253617271219713
2018-03-10 06:00:00,0.6022903970417295
2018-03-17 06:00:00,0.45536769955703615
2018-03-24 06:00:00,0.8438101579526938
2018-03-31 06:00:00,0.3851030071178461
2018-04-14 06:00:00,0.6289050449150883
2018-04-21 06:00:00,0.5260232366976968
2018-05-05 06:00:00,0.3134612299415307
2018-05-12 06:00:00,0.5366362433591406
2018-05-19 06:00:00,0.40385546212508516
2018-05-26 06:00:00,0.48902119289487084
2018-06-02 06:00:00,0.4768747191640431
2018-06-09 06:00:00,0.7892808478810743
2018-06-16 06:00:00,0.5822550857132589
2018-06-23 06:00:00,0.4461745551236495
2018-06-30 06:00:00,0.18510123660234415
2018-07-07 06:00:00,0.7505837679440591
2018-07-14 06:00:00,0.7899015900824933
2018-07-21 06:00:00,1.1889902461492308
2018-07-28 06:00:00,0.4809055105233881
2018-08-04 06:00:00,0.46244107996445855
2018-08-11 06:00:00,0.6833288447018909
2018-08-18 06:00:00,0.7063143060014878
2018-08-25 06:00:00,0.3432668686934377
2018-09-01 06:00:00,0.706467598322138
2018-09-08 06:00:00,0.4780228175349936
2018-09-15 06:00:00,1.2918976771695136
2018-09-22 06:00:00,0.591859375953435
2018-09-29 06:00:00,0.8945266558452583
2018-10-06 06:00:00,0.461550595728471
2018-10-13 06:00:00,0.7480754702415107
2018-10-20 06:00:00,0.5128394058087816
2018-10-27 06:00:00,0.8659677951177003
2018-11-03 06:00:00,0.718174301259013
2018-11-10 06:00:00,1.2664007659485383
2018-11-17 06:00:00,0.9113756918833696
2018-11-24 06:00:00,0.3295273122479781
2018-12-01 06:00:00,0.7069796136537593
2018-12-08 06:00:00,0.9780418637872534
2018-12-15 06:00:00,0.644435395467217
2018-12-22 06:00:00,0.4471726373217642
2018-12-29 06:00:00,0.7739247099458123
2019-01-05 06:00:00,0.756524904290211
2019-01-12 06:00:00,0.5720139415908604
2019-01-19 06:00:00,0.5921272224296243
2019-01-26 06:00:00,1.0410641944440941
2019-02-02 06:00:00,0.2624822724406501
2019-02-09 06:00:00,0.5996576825381682
2019-02-16 06:00:00,0.5269260242332704
2019-02-23 06:00:00,0.666439526042272
2019-03-02 06:00:00,0.5379921319641205
2019-03-09 06:00:00,0.4885610743725861
2019-03-16 06:00:00,0.6099809744726051
2019-03-23 06:00:00,0.6410473419971237
2019-03-30 06:00:00,1.1756261909248815
2019-04-06 06:00:00,0.6576036885708871
2019-04-13 06:00:00,0.42868383622780626
2019-04-20 06:00:00,0.6671649887087427
2019-04-27 06:00:00,0.6972229002797967
2019-05-04 06:00:00,0.44369184554358687
2019-05-11 06:00:00,0.7183365137814695
2019-05-18 06:00:00,0.7331565211323365
2019-05-25 06:00:00,0.5159876047341664
2019-06-08 06:00:00,0.655902129857744
2019-06-15 06:00:00,0.5416810877960786
2019-06-22 06:00:00,0.48671107460976376
2019-06-29 06:00:00,0.7534037930800292
2019-07-06 06:00:00,0.8938166484195718
2019-07-13 06:00:00,0.7566295714557365
2019-07-20 06:00:00,1.120564846121345
2019-07-27 06:00:00,1.4469488113642879
2019-08-03 06:00:00,1.3896306767832332
2019-08-10 06:00:00,0.8309140493264483
2019-08-17 06:00:00,1.5550450427670215
2019-08-24 06:00:00,0.48274768857757766
2019-08-31 06:00:00,0.40617017046091725
2019-09-07 06:00:00,0.8873146168761045
2019-09-14 06:00:00,0.6648998549483798
2019-09-21 06:00:00,1.3173458065425316
2019-09-28 06:00:00,0.6569641924706745
2019-10-05 06:00:00,0.5701315136028529
2019-10-19 06:00:00,0.6145921472611602
2019-10-26 06:00:00,1.1554148226914889
2019-11-02 06:00:00,1.0017886652370598
2019-11-09 06:00:00,0.9496956447809213
2019-11-16 06:00:00,1.3003078098205425
2019-11-23 06:00:00,1.4851928822047213
2019-11-30 06:00:00,0.4366938492046933
2019-12-07 06:00:00,0.5399165683828283
2019-12-14 06:00:00,1.1497678631204316
2019-12-21 06:00:00,0.8326774235859365
2019-12-28 06:00:00,0.6234163588580379
2020-01-04 06:00:00,0.7383465159071808
2020-01-11 06:00:00,0.5426034507017967
2020-01-18 06:00:00,1.1050826162306293
2020-01-25 06:00:00,0.5130982470604012
2020-02-01 06:00:00,0.3621465337088185
2020-02-08 06:00:00,0.6497608101562705
2020-02-15 06:00:00,1.6030448594441673
2020-02-22 06:00:00,1.2359260115747215
2020-02-29 06:00:00,1.0825354379983623
2020-03-07 06:00:00,0.6616339713196806
2020-03-14 06:00:00,0.5657844058031026
2020-03-21 06:00:00,1.1090376949327023
2020-03-28 06:00:00,0.7637511230343422
2018-01-06 07:00:00,0.3365313920517414
2018-01-13 07:00:00,1.0262781693264118
2018-01-20 07:00:00,0.7007705054700384
2018-01-27 07:00:00,0.7185591116257775
2018-02-03 07:00:00,0.19607022144391983
2018-02-10 07:00:00,0.30039670124427875
2018-02-17 07:00:00,0.5382773552518486
2018-02-24 07:00:00,0.5077572444114876
2018-03-03 07:00:00,2.9347012630734293
2018-03-10 07:00:00,0.44195132551734545
2018-03-17 07:00:00,0.7163625067334484
2018-03-24 07:00:00,0.2563972400679625
2018-03-31 07:00:00,0.35890552161362616
2018-04-14 07:00:00,0.29717749609002664
2018-04-21 07:00:00,0.3845240178699907
2018-05-05 07:00:00,0.4001330612301099
2018-05-12 07:00:00,0.4459609507169975
2018-05-19 07:00:00,0.5144541433211347
2018-05-26 07:00:00,1.0855325433692993
2018-06-02 07:00:00,0.5262639896023027
2018-06-09 07:00:00,0.6185412067748219
2018-06-16 07:00:00,0.336447521476278
2018-06-23 07:00:00,0.6190551173333663
2018-06-30 07:00:00,0.22034362506056232
2018-07-07 07:00:00,0.23633512457584688
2018-07-14 07:00:00,0.5899160026289696
2018-07-21 07:00:00,0.5963371877735391
2018-07-28 07:00:00,0.22691271961344986
2018-08-04 07:00:00,0.43433886068987504
2018-08-11 07:00:00,0.6305543732099718
2018-08-18 07:00:00,0.8095596200447586
2018-08-25 07:00:00,0.4493956244118275
2018-09-01 07:00:00,1.2460616386650671
2018-09-08 07:00:00,0.7160116284507898
2018-09-15 07:00:00,0.2955644234644464
2018-09-22 07:00:00,0.8198327315056565
2018-09-29 07:00:00,0.3256940947882774
2018-10-06 07:00:00,0.478898007219401
2018-10-13 07:00:00,0.657648944631701
2018-10-20 07:00:00,0.31305262016925545
2018-10-27 07:00:00,0.3909964477941122
2018-11-03 07:00:00,0.8901912630671097
2018-11-10 07:00:00,0.5694779703730418
2018-11-17 07:00:00,0.9867031428470753
2018-11-24 07:00:00,0.4247734284786683
2018-12-01 07:00:00,0.45382230847958765
2018-12-08 07:00:00,0.8255974928762777
2018-12-15 07:00:00,0.49842453516396784
2018-12-22 07:00:00,0.6746236692344433
2018-12-29 07:00:00,0.3809507079848355
2019-01-05 07:00:00,0.9939056862374684
2019-01-12 07:00:00,0.6762310819966424
2019-01-19 07:00:00,0.5951093547056058
2019-01-26 07:00:00,0.31756203834952884
2019-02-02 07:00:00,0.33924774352895276
2019-02-09 07:00:00,0.46406570844747647
2019-02-16 07:00:00,0.6877970039336528
2019-02-23 07:00:00,0.9459821667266523
2019-03-02 07:00:00,1.032088886718736
2019-03-09 07:00:00,0.5382040947611026
2019-03-16 07:00:00,0.4998101005894401
2019-03-23 07:00:00,0.6452595105973481
2019-03-30 07:00:00,0.7023999854896594
2019-04-06 07:00:00,0.6813081659690529
2019-04-13 07:00:00,0.4717961149748781
2019-04-20 07:00:00,0.6579073420563345
2019-04-27 07:00:00,0.1019690982907548
2019-05-04 07:00:00,0.623759510059
2019-05-11 07:00:00,0.6151031711553695
2019-05-18 07:00:00,0.4938439804337797
2019-05-25 07:00:00,1.732109278406925
2019-06-08 07:00:00,0.591171279905738
2019-06-15 07:00:00,0.7424462198867133
2019-06-22 07:00:00,0.9724866961780044
2019-06-29 07:00:00,0.6464142485695682
2019-07-06 07:00:00,0.3525196099211438
2019-07-13 07:00:00,0.5855916076096663
2019-07-20 07:00:00,0.28033412789427425
2019-07-27 07:00:00,0.258816593229227
2019-08-03 07:00:00,1.1078263464909803
2019-08-10 07:00:00,0.6063843587425886
2019-08-17 07:00:00,0.48534828908138894
2019-08-24 07:00:00,1.3827113560910838
2019-08-31 07:00:00,0.8035733742394149
2019-09-07 07:00:00,0.32279638049786596
2019-09-14 07:00:00,0.5941254447151195
2019-09-21 07:00:00,0.8385210327466462
2019-09-28 07:00:00,0.42445881790506496
2019-10-05 07:00:00,1.794082216392389
2019-10-19 07:00:00,0.6148614526644061
2019-10-26 07:00:00,1.304250656663119
2019-11-02 07:00:00,0.9395438592960192
2019-11-09 07:00:00,0.5091376952052936
2019-11-16 07:00:00,0.707791028488213
2019-11-23 07:00:00,0.5975711831339262
2019-11-30 07:00:00,0.4915781309174089
2019-12-07 07:00:00,0.9465788084985464
2019-12-14 07:00:00,0.45358487880023
2019-12-21 07:00:00,0.5014601869724304
2019-12-28 07:00:00,1.4395168549087098
2020-01-04 07:00:00,0.3411579455279774
2020-01-11 07:00:00,0.717323546315821
2020-01-18 07:00:00,0.6110246778005388
2020-01-25 07:00:00,0.3344481313476213
2020-02-01 07:00:00,0.5665009827507625
2020-02-08 07:00:00,0.26748890520628005
2020-02-15 07:00:00,0.5994435713945993
2020-02-22 07:00:00,0.4667974555241177
2020-02-29 07:00:00,0.5939383139867853
2020-03-07 07:00:00,0.7582527455450885
2020-03-14 07:00:00,0.7335280478145487
2020-03-21 07:00:00,0.7527357090801842
2020-03-28 07:00:00,0.4875855854355293
2018-01-06 08:00:00,0.9039270711531951
2018-01-13 08:00:00,1.2691572833723432
2018-01-20 08:00:00,0.7912796016129255
2018-01-27 08:00:00,0.585936401454651
2018-02-03 08:00:00,0.5199466710810372
2018-02-10 08:00:00,0.7564635625686443
2018-02-17 08:00:00,0.4768996011663443
2018-02-24 08:00:00,0.34855683293873213
2018-03-03 08:00:00,0.5237898290166376
2018-03-10 08:00:00,0.4155132837708999
2018-03-17 08:00:00,0.6631038901939553
2018-03-24 08:00:00,0.5027405908633831
2018-03-31 08:00:00,0.44156893889868526
2018-04-14 08:00:00,1.1488030175059198
2018-04-21 08:00:00,0.6037734381493612
2018-05-05 08:00:00,0.5480125441039807
2018-05-12 08:00:00,0.510527657600056
2018-05-19 08:00:00,0.24664041635859854
2018-05-26 08:00:00,0.7537531704962461
2018-06-02 08:00:00,0.24943833714054894
2018-06-09 08:00:00,0.6560172214955134
2018-06-16 08:00:00,0.6373927623172416
2018-06-23 08:00:00,0.65646111269514
2018-06-30 08:00:00,0.22136935179844242
2018-07-07 08:00:00,0.09479200594257084
2018-07-14 08:00:00,0.42810635180173656
2018-07-21 08:00:00,0.3462938034987152
2018-07-28 08:00:00,1.026209362633045
2018-08-04 08:00:00,0.36887870078875223
2018-08-11 08:00:00,1.3388143982228156
2018-08-18 08:00:00,0.41539838858024297
2018-08-25 08:00:00,1.0908963324470657
2018-09-01 08:00:00,0.2761087161583171
2018-09-08 08:00:00,0.33954059940758485
2018-09-15 08:00:00,0.5373700501808648
2018-09-22 08:00:00,0.33938616040513697
2018-09-29 08:00:00,0.8841068974383861
2018-10-06 08:00:00,0.8017800025954804
2018-10-13 08:00:00,0.3274977550992163
2018-10-20 08:00:00,0.24178532931240934
2018-10-27 08:00:00,0.3904191199270362
2018-11-03 08:00:00,0.44911428575002216
2018-11-10 08:00:00,0.36437452794512193
2018-11-17 08:00:00,0.6193406767709667
2018-11-24 08:00:00,0.47876860904432067
2018-12-01 08:00:00,0.5060660806066468
2018-12-08 08:00:00,0.3141162519473006
2018-12-15 08:00:00,0.9534280597937995
2018-12-22 08:00:00,1.2462104642623577
2018-12-29 08:00:00,1.336788007978252
2019-01-05 08:00:00,0.5730877323877195
2019-01-12 08:00:00,1.0779189795586392
2019-01-19 08:00:00,0.4971781092153334
2019-01-26 08:00:00,0.40208428083290887
2019-02-02 08:00:00,0.4164610496428396
2019-02-09 08:00:00,1.1187468934639995
2019-02-16 08:00:00,0.5568384570311001
2019-02-23 08:00:00,0.24462278530126783
2019-03-02 08:00:00,0.3615490385421202
2019-03-09 08:00:00,0.7163008149439343
2019-03-16 08:00:00,0.4350536931745181
2019-03-23 08:00:00,0.5758099719321076
2019-03-30 08:00:00,0.4677342778012955
2019-04-06 08:00:00,0.26960478238921326
2019-04-13 08:00:00,0.2876732199527972
2019-04-20 08:00:00,0.5301551289754278
2019-04-27 08:00:00,0.43580393655742605
2019-05-04 08:00:00,0.7342512699439588
2019-05-11 08:00:00,0.32286310285646497
2019-05-18 08:00:00,0.6229232632324155
2019-05-25 08:00:00,0.44133668081783206
2019-06-08 08:00:00,1.089307724980759
2019-06-15 08:00:00,0.34289835811331354
2019-06-22 08:00:00,0.32025776331990036
2019-06-29 08:00:00,0.538519065570352
2019-07-06 08:00:00,0.5281863183342715
2019-07-13 08:00:00,0.716431024333704
2019-07-20 08:00:00,0.7625885923883094
2019-07-27 08:00:00,1.0033050791519305
2019-08-03 08:00:00,0.9322490231868044
2019-08-10 08:00:00,1.2954841113399354
2019-08-17 08:00:00,0.7222034262813161
2019-08-24 08:00:00,0.5243742198340146
2019-08-31 08:00:00,0.7648620839381876
2019-09-07 08:00:00,0.6214143355603167
2019-09-14 08:00:00,0.7829592967377851
2019-09-21 08:00:00,0.2376425455589359
2019-09-28 08:00:00,0.30633566996844297
2019-10-05 08:00:00,0.4321937178475457
2019-10-19 08:00:00,1.3379151567536363
2019-10-26 08:00:00,0.7336489236280986
2019-11-02 08:00:00,0.6008584506297854
2019-11-09 08:00:00,1.1002045315114621
2019-11-16 08:00:00,0.8278832334443914
2019-11-23 08:00:00,0.617802181569664
2019-11-30 08:00:00,0.49619030622977456
2019-12-07 08:00:00,0.7636292308506437
2019-12-14 08:00:00,0.7733486040941587
2019-12-21 08:00:00,0.6042133041294034
2019-12-28 08:00:00,1.1573888936643615
2020-01-04 08:00:00,1.938153766579854
2020-01-11 08:00:00,0.4126602106839729
2020-01-18 08:00:00,0.39920411430785285
2020-01-25 08:00:00,0.35438747794379066
2020-02-01 08:00:00,0.4704162323160121
2020-02-08 08:00:00,0.5930814388386321
2020-02-15 08:00:00,0.44027134009806
2020-02-22 08:00:00,0.35252508531045873
2020-02-29 08:00:00,0.1847318055337826
2020-03-07 08:00:00,0.6935018422238624
2020-03-14 08:00:00,0.483085566856682
2020-03-21 08:00:00,1.339922451149451
2020-03-28 08:00:00,0.7316861200851381
2018-01-06 09:00:00,0.39998671597362795
2018-01-13 09:00:00,0.34639243930475944
2018-01-20 09:00:00,1.1617294034228218
2018-01-27 09:00:00,0.37390502452749286
2018-02-03 09:00:00,0.5079665629073045
2018-02-10 09:00:00,0.09829578527966965
2018-02-17 09:00:00,0.4811878870967535
2018-02-24 09:00:00,0.7450383906212812
2018-03-03 09:00:00,0.38645304484214493
2018-03-10 09:00:00,0.36581919960529585
2018-03-17 09:00:00,0.34431728922382726
2018-03-24 09:00:00,0.4957168141060627
2018-03-31 09:00:00,0.459089122197932
2018-04-14 09:00:00,0.5440924478753689
2018-04-21 09:00:00,0.410970819429489
2018-05-05 09:00:00,0.4038168075117803
2018-05-12 09:00:00,0.23623093597688638
2018-05-19 09:00:00,0.21263891661587878
2018-05-26 09:00:00,0.36695744996783214
2018-06-02 09:00:00,1.5865523549194482
2018-06-09 09:00:00,0.5699084730007706
2018-06-16 09:00:00,0.6975566989209603
2018-06-23 09:00:00,0.4485183997024728
2018-06-30 09:00:00,0.634829319104413
2018-07-07 09:00:00,0.3867905315534405
2018-07-14 09:00:00,0.4747712525514174
2018-07-21 09:00:00,0.6650936124059932
2018-07-28 09:00:00,0.4167243888607301
2018-08-04 09:00:00,0.33152944179335875
2018-08-11 09:00:00,0.3748801918862491
2018-08-18 09:00:00,0.671495158900418
2018-08-25 09:00:00,0.2849390459557006
2018-09-01 09:00:00,0.47108484125836064
2018-09-08 09:00:00,0.7406741293778053
2018-09-15 09:00:00,0.4383440826767279
2018-09-22 09:00:00,0.3456652958292087
2018-09-29 09:00:00,0.2949103736842495
2018-10-06 09:00:00,0.7077327715358256
2018-10-13 09:00:00,0.4424855688971397
2018-10-20 09:00:00,0.6356148285402664
2018-10-27 09:00:00,0.5101409642766312
2018-11-03 09:00:00,0.2855233834434
2018-11-10 09:00:00,0.507413434100433
2018-11-17 09:00:00,0.8982580426194224
2018-11-24 09:00:00,0.7139782948054458
2018-12-01 09:00:00,0.6436417855227866
2018-12-08 09:00:00,0.8270145099512047
2018-12-15 09:00:00,0.7639681369234802
2018-12-22 09:00:00,0.7745505170021306
2018-12-29 09:00:00,1.0655889452132983
2019-01-05 09:00:00,0.9367031493844671
2019-01-12 09:00:00,0.2882364545029585
2019-01-19 09:00:00,1.204964032319342
2019-01-26 09:00:00,1.0599141183026832
2019-02-02 09:00:00,0.4686576397315313
2019-02-09 09:00:00,0.686643347749794
2019-02-16 09:00:00,0.5268577045572325
2019-02-23 09:00:00,1.021430342007772
2019-03-02 09:00:00,0.30721152021740217
2019-03-09 09:00:00,0.1542431978115438
2019-03-16 09:00:00,0.14593274129305886
2019-03-23 09:00:00,0.3589784206330439
2019-03-30 09:00:00,0.7674528114337941
2019-04-06 09:00:00,0.2910657676864737
2019-04-13 09:00:00,0.42116449283823437
2019-04-20 09:00:00,0.39490483921889713
2019-04-27 09:00:00,0.22799351449434174
2019-05-04 09:00:00,0.5662686560625411
2019-05-11 09:00:00,1.2661920346857383
2019-05-18 09:00:00,1.2254490376400327
2019-05-25 09:00:00,0.5672382266409396
2019-06-08 09:00:00,0.15410740130205336
2019-06-15 09:00:00,0.31454026123636525
2019-06-22 09:00:00,0.2103817737394877
2019-06-29 09:00:00,0.3905163330807095
2019-07-06 09:00:00,0.9837633502074901
2019-07-13 09:00:00,0.6817862631968409
2019-07-20 09:00:00,0.5668693852265836
2019-07-27 09:00:00,1.2397547544225176
2019-08-03 09:00:00,0.7680064299817351
2019-08-10 09:00:00,0.7140281783184114
2019-08-17 09:00:00,1.2395012171571376
2019-08-24 09:00:00,0.7580479488885516
2019-08-31 09:00:00,0.6639614769833465
2019-09-07 09:00:00,0.6899042514468854
2019-09-14 09:00:00,0.9944060187178411
2019-09-21 09:00:00,0.9581824187046337
2019-09-28 09:00:00,0.6408997147070771
2019-10-05 09:00:00,0.5017232215999843
2019-10-19 09:00:00,0.35272657574172817
2019-10-26 09:00:00,0.28347046549022126
2019-11-02 09:00:00,0.5654446277173881
2019-11-09 09:00:00,0.9786677313758695
2019-11-16 09:00:00,0.7869874724391586
2019-11-23 09:00:00,0.9193035352932346
2019-11-30 09:00:00,0.2981882834562952
2019-12-07 09:00:00,0.2840424517013246
2019-12-14 09:00:00,0.6059806654004937
2019-12-21 09:00:00,0.5188922403434844
2019-12-28 09:00:00,1.215148648470072
2020-01-04 09:00:00,0.7893367331116945
2020-01-11 09:00:00,0.3135643779374659
2020-01-18 09:00:00,0.8167974971068495
2020-01-25 09:00:00,0.5512379316627397
2020-02-01 09:00:00,1.3138420098506356
2020-02-08 09:00:00,1.7114850586480013
2020-02-15 09:00:00,1.1520126003337288
2020-02-22 09:00:00,0.4417913642492156
2020-02-29 09:00:00,0.45358515949775485
2020-03-07 09:00:00,0.4509784573609417
2020-03-14 09:00:00,0.6411991600286232
2020-03-21 09:00:00,1.0014916746078653
2020-03-28 09:00:00,0.9846600104957601
2018-01-06 10:00:00,0.28235304822577295
2018-01-13 10:00:00,0.45673680991235804
2018-01-20 10:00:00,0.13379112393864745
2018-01-27 10:00:00,0.7665549370645452
2018-02-03 10:00:00,0.35645873408591566
2018-02-10 10:00:00,0.22372032723333368
2018-02-17 10:00:00,0.22652012012106856
2018-02-24 10:00:00,0.24113693687225318
2018-03-03 10:00:00,0.9360870811989979
2018-03-10 10:00:00,0.14985843336080842
2018-03-17 10:00:00,0.6807928861834694
2018-03-24 10:00:00,0.5563335294783565
2018-03-31 10:00:00,0.3899007154660306
2018-04-14 10:00:00,0.2638963373135535
2018-04-21 10:00:00,0.6831479875682671
2018-05-05 10:00:00,0.3916495162077529
2018-05-12 10:00:00,0.2587692703916263
2018-05-19 10:00:00,0.8023509206016587
2018-05-26 10:00:00,0.2237535765450989
2018-06-02 10:00:00,0.4860393805117596
2018-06-09 10:00:00,0.19005519881682367
2018-06-16 10:00:00,1.0961748499804753
2018-06-23 10:00:00,0.4104148198471534
2018-06-30 10:00:00,0.5609863473428351
2018-07-07 10:00:00,0.6519877932399168
2018-07-14 10:00:00,0.9561754310619484
2018-07-21 10:00:00,0.4349338391384265
2018-07-28 10:00:00,0.31586368668127895
2018-08-04 10:00:00,0.6607876872169938
2018-08-11 10:00:00,1.694094658703932
2018-08-18 10:00:00,0.9987079715230213
2018-08-25 10:00:00,1.052299623694337
2018-09-01 10:00:00,0.7035411262572923
2018-09-08 10:00:00,0.1746078615603753
2018-09-15 10:00:00,0.3858185911087949
2018-09-22 10:00:00,0.5657033801720078
2018-09-29 10:00:00,0.43015899143537967
2018-10-06 10:00:00,0.42286805665200017
2018-10-13 10:00:00,0.6401987494888265
2018-10-20 10:00:00,0.30226572512768995
2018-10-27 10:00:00,1.6872057581721978
2018-11-03 10:00:00,0.9040609330895284
2018-11-10 10:00:00,0.8756389557770232
2018-11-17 10:00:00,0.1735531782950399
2018-11-24 10:00:00,0.8051610111791316
2018-12-01 10:00:00,0.21971645359562814
2018-12-08 10:00:00,0.3495530784878635
2018-12-15 10:00:00,0.7625901274705292
2018-12-22 10:00:00,0.20139758137406422
2018-12-29 10:00:00,0.6325499695773147
2019-01-05 10:00:00,0.8708682145007738
2019-01-12 10:00:00,1.1217046361974954
2019-01-19 10:00:00,0.1931550083399317
2019-01-26 10:00:00,0.7226208819165276
2019-02-02 10:00:00,0.7092378653665594
2019-02-09 10:00:00,0.5314842677258969
2019-02-16 10:00:00,0.3842952238051227
2019-02-23 10:00:00,0.45546694073188115
2019-03-02 10:00:00,0.42561017685659314
2019-03-09 10:00:00,0.8825023312504688
2019-03-16 10:00:00,0.685928046025288
2019-03-23 10:00:00,0.32330394672552126
2019-03-30 10:00:00,0.7348400568504836
2019-04-06 10:00:00,1.1441982362609935
2019-04-13 10:00:00,0.5632840954595085
2019-04-20 10:00:00,0.42689961767597817
2019-04-27 10:00:00,1.382910367031831
2019-05-04 10:00:00,0.8475500270075454
2019-05-11 10:00:00,0.589770127613845
2019-05-18 10:00:00,0.43295416454691155
2019-05-25 10:00:00,1.0948675021234286
2019-06-08 10:00:00,0.42721635567146593
2019-06-15 10:00:00,1.07857488884728
2019-06-22 10:00:00,0.8111391160907986
2019-06-29 10:00:00,0.9156812435578199
2019-07-06 10:00:00,1.1158460881633188
2019-07-13 10:00:00,0.261058977658122
2019-07-20 10:00:00,0.7026982795060235
2019-07-27 10:00:00,0.4936191252427355
2019-08-03 10:00:00,0.4934662372902375
2019-08-10 10:00:00,1.151443643379688
2019-08-17 10:00:00,0.436828771956819
2019-08-24 10:00:00,0.6781700450736041
2019-08-31 10:00:00,1.982333371495776
2019-09-07 10:00:00,0.45453579417179607
2019-09-14 10:00:00,0.44417804692389756
2019-09-21 10:00:00,0.3261502531137022
2019-09-28 10:00:00,0.40095026474666773
2019-10-05 10:00:00,1.0263603459447288
2019-10-19 10:00:00,1.8487997561907106
2019-10-26 10:00:00,0.40588144591596037
2019-11-02 10:00:00,0.758903751534965
2019-11-09 10:00:00,1.311000476879532
2019-11-16 10:00:00,0.7610901318815537
2019-11-23 10:00:00,1.9734626119761307
2019-11-30 10:00:00,0.7595884938712102
2019-12-07 10:00:00,0.21837506340413582
2019-12-14 10:00:00,0.9372943492539718
2019-12-21 10:00:00,1.2428976208423064
2019-12-28 10:00:00,0.5254787896589798
2020-01-04 10:00:00,0.7815043320252499
2020-01-11 10:00:00,1.7258284682754486
2020-01-18 10:00:00,0.2791642661224446
2020-01-25 10:00:00,0.59925843916718
2020-02-01 10:00:00,1.0269198845201062
2020-02-08 10:00:00,1.0403327351449423
2020-02-15 10:00:00,1.6405224613963831
2020-02-22 10:00:00,0.8480083251828596
2020-02-29 10:00:00,0.9086679342188573
2020-03-07 10:00:00,0.46986439394241303
2020-03-14 10:00:00,0.9005119621979746
2020-03-21 10:00:00,0.5148038200224376
2020-03-28 10:00:00,1.5110580254489712
2018-01-06 11:00:00,0.7773189209129798
2018-01-13 11:00:00,0.7469294007198175
2018-01-20 11:00:00,0.26405637560979933
2018-01-27 11:00:00,1.0921619804292746
2018-02-03 11:00:00,0.6977030705870234
2018-02-10 11:00:00,0.673650856135369
2018-02-17 11:00:00,0.5749219191761159
2018-02-24 11:00:00,0.6367410319253064
2018-03-03 11:00:00,1.365910149925296
2018-03-10 11:00:00,1.2119171244462879
2018-03-17 11:00:00,0.9599681193928384
2018-03-24 11:00:00,0.36200822589763065
2018-03-31 11:00:00,1.219178501376647
2018-04-14 11:00:00,0.4183449726918705
2018-04-21 11:00:00,0.6529921027359514
2018-05-05 11:00:00,0.4831454349749106
2018-05-12 11:00:00,0.954346285757485
2018-05-19 11:00:00,0.7099440476957332
2018-05-26 11:00:00,1.2138466228480709
2018-06-02 11:00:00,0.7262682989545042
2018-06-09 11:00:00,0.5076893729453017
2018-06-16 11:00:00,0.31523818178820534
2018-06-23 11:00:00,0.2058512286828286
2018-06-30 11:00:00,0.48827696563989825
2018-07-07 11:00:00,0.34030929425838374
2018-07-14 11:00:00,2.197337129650957
2018-07-21 11:00:00,0.5064009689458567
2018-07-28 11:00:00,1.077547739732872
2018-08-04 11:00:00,1.3883339971863677
2018-08-11 11:00:00,0.7255177355361584
2018-08-18 11:00:00,0.7565505013870949
2018-08-25 11:00:00,0.8602088657620816
2018-09-01 11:00:00,1.0740606951117597
2018-09-08 11:00:00,0.8876221422320791
2018-09-15 11:00:00,1.1267960535527195
2018-09-22 11:00:00,0.28031655475102596
2018-09-29 11:00:00,0.9103537589760017
2018-10-06 11:00:00,0.4818417276452491
2018-10-13 11:00:00,0.718091277087672
2018-10-20 11:00:00,0.4515897974352719
2018-10-27 11:00:00,0.5850603175246765
2018-11-03 11:00:00,0.26280798516678255
2018-11-10 11:00:00,0.8253173078321948
2018-11-17 11:00:00,0.7935177224029436
2018-11-24 11:00:00,0.8316762913012037
2018-12-01 11:00:00,0.43027081327379296
2018-12-08 11:00:00,1.0720277792360393
2018-12-15 11:00:00,0.3885178308548611
2018-12-22 11:00:00,0.830644340409038
2018-12-29 11:00:00,0.5786844004293831
2019-01-05 11:00:00,0.8358604676154382
2019-01-12 11:00:00,0.6970671003906062
2019-01-19 11:00:00,0.9073148942321512
2019-01-26 11:00:00,0.4295168815021532
2019-02-02 11:00:00,0.23292748403339705
2019-02-09 11:00:00,2.525438126520592
2019-02-16 11:00:00,0.7264644198535466
2019-02-23 11:00:00,0.8892662523150114
2019-03-02 11:00:00,1.1383620482829038
2019-03-09 11:00:00,0.39849091470480535
2019-03-16 11:00:00,1.0319835128208956
2019-03-23 11:00:00,0.5272953816271039
2019-03-30 11:00:00,0.7632845311444079
2019-04-06 11:00:00,1.4933597912694714
2019-04-13 11:00:00,0.8935514028548921
2019-04-20 11:00:00,0.7819761095218591
2019-04-27 11:00:00,0.33985088719121936
2019-05-04 11:00:00,0.17583312389543562
2019-05-11 11:00:00,0.3472113770426145
2019-05-18 11:00:00,0.904214223462507
2019-05-25 11:00:00,1.42511751511084
2019-06-08 11:00:00,0.7092099888367739
2019-06-15 11:00:00,1.128463346517284
2019-06-22 11:00:00,0.6045995503114007
2019-06-29 11:00:00,0.2181031128995703
2019-07-06 11:00:00,0.23477977493861285
2019-07-13 11:00:00,0.3966553154282803
2019-07-20 11:00:00,0.5861361116000202
2019-07-27 11:00:00,0.48541745093996846
2019-08-03 11:00:00,1.6766453515294255
2019-08-10 11:00:00,0.581494945353144
2019-08-17 11:00:00,1.4257906730419743
2019-08-24 11:00:00,0.27541042753839323
2019-08-31 11:00:00,0.4883979098586784
2019-09-07 11:00:00,1.738499016470999
2019-09-14 11:00:00,0.35336864932911133
2019-09-21 11:00:00,1.2198617746029325
2019-09-28 11:00:00,0.8847331040226951
2019-10-05 11:00:00,0.5912056497144057
2019-10-19 11:00:00,0.4554016133662166
2019-10-26 11:00:00,0.9007941025456486
2019-11-02 11:00:00,1.368919550268211
2019-11-09 11:00:00,1.0346121532790928
2019-11-16 11:00:00,0.658445261285772
2019-11-23 11:00:00,0.4779699335544471
2019-11-30 11:00:00,1.4650887025228907
2019-12-07 11:00:00,1.3051935020652716
2019-12-14 11:00:00,1.115004794500586
2019-12-21 11:00:00,0.353714296254907
2019-12-28 11:00:00,1.8758483149813665
2020-01-04 11:00:00,0.9521256562046845
2020-01-11 11:00:00,0.22576221645895342
2020-01-18 11:00:00,0.8559732407804291
2020-01-25 11:00:00,1.0864763770288697
2020-02-01 11:00:00,0.7296638680323848
2020-02-08 11:00:00,0.9222375835502853
2020-02-15 11:00:00,1.147385645043328
2020-02-22 11:00:00,2.029366653097838
2020-02-29 11:00:00,0.5348254872738806
2020-03-07 11:00:00,2.1656686557829126
2020-03-14 11:00:00,1.2765759612973329
2020-03-21 11:00:00,0.6566614753320786
2020-03-28 11:00:00,0.7025451996107679
2018-01-06 12:00:00,0.7288373804854832
2018-01-13 12:00:00,1.2694863396211025
2018-01-20 12:00:00,0.9671256885340807
2018-01-27 12:00:00,0.636062433726911
2018-02-03 12:00:00,0.922851878803923
2018-02-10 12:00:00,0.9305844900172192
2018-02-17 12:00:00,0.45883511035079
2018-02-24 12:00:00,1.0735089178386565
2018-03-03 12:00:00,0.3035920835057082
2018-03-10 12:00:00,0.9900539774565177
2018-03-17 12:00:00,0.6514840015170159
2018-03-24 12:00:00,1.7765221617019427
2018-03-31 12:00:00,1.8495877207910782
2018-04-14 12:00:00,0.6768635092205958
2018-04-21 12:00:00,0.4429858744654525
2018-05-05 12:00:00,0.8839391378545421
2018-05-12 12:00:00,1.179605281248582
2018-05-19 12:00:00,0.4788562246480883
2018-05-26 12:00:00,2.355451549578347
2018-06-02 12:00:00,0.7183857159636892
2018-06-09 12:00:00,0.7497802265557258
2018-06-16 12:00:00,1.2528234285796247
2018-06-23 12:00:00,0.45413777682943185
2018-06-30 12:00:00,0.7611475790951286
2018-07-07 12:00:00,1.7909026120351275
2018-07-14 12:00:00,1.0199087257697217
2018-07-21 12:00:00,1.5696375301282934
2018-07-28 12:00:00,0.8674261162339166
2018-08-04 12:00:00,1.332579049982095
2018-08-11 12:00:00,0.7056073074467991
2018-08-18 12:00:00,1.3202191337326898
2018-08-25 12:00:00,0.7600153935539927
2018-09-01 12:00:00,1.4519078241770764
2018-09-08 12:00:00,0.4079714547524864
2018-09-15 12:00:00,0.715084698601115
2018-09-22 12:00:00,0.3480900545399666
2018-09-29 12:00:00,1.2422783311337529
2018-10-06 12:00:00,0.39475379127444593
2018-10-13 12:00:00,0.3824168563831526
2018-10-20 12:00:00,1.1509668448428358
2018-10-27 12:00:00,0.2712713181094212
2018-11-03 12:00:00,0.9986793002054657
2018-11-10 12:00:00,0.5168055530436625
2018-11-17 12:00:00,1.8754079715508785
2018-11-24 12:00:00,0.3242561192486058
2018-12-01 12:00:00,0.5155617922205132
2018-12-08 12:00:00,0.4322689998460304
2018-12-15 12:00:00,0.4413284620192277
2018-12-22 12:00:00,0.15873210464816204
2018-12-29 12:00:00,1.4902157901595676
2019-01-05 12:00:00,1.4118841687652304
2019-01-12 12:00:00,0.9067841164326039
2019-01-19 12:00:00,0.9485016876495516
2019-01-26 12:00:00,1.6992059926963488
2019-02-02 12:00:00,0.5722065619865384
2019-02-09 12:00:00,0.6756145897007423
2019-02-16 12:00:00,0.9591355081069121
2019-02-23 12:00:00,0.7137233994115593
2019-03-02 12:00:00,0.7807448697086247
2019-03-09 12:00:00,0.6783449761740122
2019-03-16 12:00:00,0.899386873892466
2019-03-23 12:00:00,1.1880563395561081
2019-03-30 12:00:00,0.2798799030027664
2019-04-06 12:00:00,2.0067957472917684
2019-04-13 12:00:00,1.0314203514503948
2019-04-20 12:00:00,1.141859647517497
2019-04-27 12:00:00,0.7300419313916187
2019-05-04 12:00:00,0.5059191283721778
2019-05-11 12:00:00,2.464462134466005
2019-05-18 12:00:00,0.7845302903502244
2019-05-25 12:00:00,1.52622016307146
2019-06-08 12:00:00,0.41811307407401305
2019-06-15 12:00:00,0.2892009414561661
2019-06-22 12:00:00,0.44240044079343815
2019-06-29 12:00:00,0.347803122089255
2019-07-06 12:00:00,0.7321031873171582
2019-07-13 12:00:00,1.0118264303776423
2019-07-20 12:00:00,1.12725250919405
2019-07-27 12:00:00,1.392746252117463
2019-08-03 12:00:00,0.463451564532572
2019-08-10 12:00:00,1.8280122017951346
2019-08-17 12:00:00,1.1680545291910875
2019-08-24 12:00:00,0.9237053160395255
2019-08-31 12:00:00,1.4163145831684556
2019-09-07 12:00:00,1.1274539365191931
2019-09-14 12:00:00,0.32351110606534744
2019-09-21 12:00:00,0.5949589810980084
2019-09-28 12:00:00,0.49037239189349
2019-10-05 12:00:00,0.3575669085408712
2019-10-19 12:00:00,0.839056202912026
2019-10-26 12:00:00,1.1799008228171386
2019-11-02 12:00:00,1.0911359998117214
2019-11-09 12:00:00,0.6391494805542278
2019-11-16 12:00:00,1.1345733085685428
2019-11-23 12:00:00,0.5109940604175044
2019-11-30 12:00:00,0.3710526848768106
2019-12-07 12:00:00,0.5147415576926686
2019-12-14 12:00:00,0.4236960117707874
2019-12-21 12:00:00,0.7609180782109399
2019-12-28 12:00:00,0.6029266886693452
2020-01-04 12:00:00,0.3213688327871185
2020-01-11 12:00:00,0.8469596339396006
2020-01-18 12:00:00,0.4513734945703299
2020-01-25 12:00:00,1.0324393494446282
2020-02-01 12:00:00,0.4762530065693808
2020-02-08 12:00:00,1.3003478285127572
2020-02-15 12:00:00,0.6115814564426123
2020-02-22 12:00:00,0.9068600142719174
2020-02-29 12:00:00,1.5378809509204003
2020-03-07 12:00:00,0.8287954245659929
2020-03-14 12:00:00,0.3534703700595382
2020-03-21 12:00:00,0.9331701328142932
2020-03-28 12:00:00,0.734730465965584
2018-01-06 13:00:00,1.409300178438996
2018-01-13 13:00:00,0.8198302840112361
2018-01-20 13:00:00,0.6521536113551022
2018-01-27 13:00:00,0.44622450685370535
2018-02-03 13:00:00,0.5538654111702176
2018-02-10 13:00:00,0.6654291570176627
2018-02-17 13:00:00,0.5524332312513999
2018-02-24 13:00:00,0.5724483740237639
2018-03-03 13:00:00,0.5321000167457143
2018-03-10 13:00:00,0.9721192881994111
2018-03-17 13:00:00,0.6935489516864097
2018-03-24 13:00:00,1.9186553898494827
2018-03-31 13:00:00,0.5921058149862141
2018-04-14 13:00:00,1.0363465809253691
2018-04-21 13:00:00,1.176422644989498
2018-05-05 13:00:00,0.5663002332097491
2018-05-12 13:00:00,0.4284565609595486
2018-05-19 13:00:00,1.1343009310946879
2018-05-26 13:00:00,0.26569922275198093
2018-06-02 13:00:00,0.9982958216921465
2018-06-09 13:00:00,1.4886302277941148
2018-06-16 13:00:00,0.8839284943173676
2018-06-23 13:00:00,2.657742314116455
2018-06-30 13:00:00,0.8438169316087938
2018-07-07 13:00:00,0.4633179357648072
2018-07-14 13:00:00,1.0601147186914053
2018-07-21 13:00:00,1.015610257085052
2018-07-28 13:00:00,0.4613389789062568
2018-08-04 13:00:00,0.8851146535664177
2018-08-11 13:00:00,1.0825734326239864
2018-08-18 13:00:00,0.4937202723911777
2018-08-25 13:00:00,0.7926436523058801
2018-09-01 13:00:00,1.0068697060332485
2018-09-08 13:00:00,0.352795066687844
2018-09-15 13:00:00,1.7153000218501253
2018-09-22 13:00:00,0.7326771158198768
2018-09-29 13:00:00,0.6637931592359761
2018-10-06 13:00:00,1.3914196911721366
2018-10-13 13:00:00,1.1723840794081692
2018-10-20 13:00:00,0.5747488273270284
2018-10-27 13:00:00,0.496629501416649
2018-11-03 13:00:00,0.9616480945381091
2018-11-10 13:00:00,0.4711832633551171
2018-11-17 13:00:00,1.3224273033582916
2018-11-24 13:00:00,1.1201336089270941
2018-12-01 13:00:00,1.6767549526333263
2018-12-08 13:00:00,0.8285971449085447
2018-12-15 13:00:00,0.331308523395478
2018-12-22 13:00:00,1.4831050684742644
2018-12-29 13:00:00,0.32721252570053483
2019-01-05 13:00:00,0.6939334340246451
2019-01-12 13:00:00,1.3845633143602107
2019-01-19 13:00:00,0.6583618324377699
2019-01-26 13:00:00,1.4374702471772136
2019-02-02 13:00:00,0.5904382806172676
2019-02-09 13:00:00,0.6131252195839629
2019-02-16 13:00:00,0.876833209766462
2019-02-23 13:00:00,0.20543043028557717
2019-03-02 13:00:00,1.0230746542685403
2019-03-09 13:00:00,0.2807117998461471
2019-03-16 13:00:00,0.6535184041462103
2019-03-23 13:00:00,0.2636312009578465
2019-03-30 13:00:00,0.3479602064252855
2019-04-06 13:00:00,1.4963214517455126
2019-04-13 13:00:00,0.17471764161467204
2019-04-20 13:00:00,1.0700693495040239
2019-04-27 13:00:00,0.6759647395161067
2019-05-04 13:00:00,0.9838644713337646
2019-05-11 13:00:00,0.907845797996847
2019-05-18 13:00:00,1.0490243339667775
2019-05-25 13:00:00,0.7786677124460959
2019-06-08 13:00:00,0.89332982977608
2019-06-15 13:00:00,0.4140290705042007
2019-06-22 13:00:00,0.9598673822546153
2019-06-29 13:00:00,0.2642528238743901
2019-07-06 13:00:00,1.0227376296196908
2019-07-13 13:00:00,0.6844899579630568
2019-07-20 13:00:00,1.7261606603397794
2019-07-27 13:00:00,0.5890989515932197
2019-08-03 13:00:00,1.0985302005877537
2019-08-10 13:00:00,0.7313324964479353
2019-08-17 13:00:00,1.0343804533550136
2019-08-24 13:00:00,0.928898915965859
2019-08-31 13:00:00,1.9625672530876639
2019-09-07 13:00:00,0.44634706976330707
2019-09-14 13:00:00,1.1339917004600721
2019-09-21 13:00:00,2.057714578547638
2019-09-28 13:00:00,0.4275114544559251
2019-10-05 13:00:00,0.4695971883278007
2019-10-19 13:00:00,0.9032215448644332
2019-10-26 13:00:00,1.081012737057196
2019-11-02 13:00:00,0.6511603382734061
2019-11-09 13:00:00,0.8206842307240216
2019-11-16 13:00:00,0.5592248029095864
2019-11-23 13:00:00,0.9031086150378593
2019-11-30 13:00:00,0.4455651293872133
2019-12-07 13:00:00,1.0607358445035102
2019-12-14 13:00:00,0.6951949895107028
2019-12-21 13:00:00,0.507012280414935
2019-12-28 13:00:00,0.22652894270708288
2020-01-04 13:00:00,0.656624140933021
2020-01-11 13:00:00,0.4842859486406209
2020-01-18 13:00:00,1.034047064100913
2020-01-25 13:00:00,0.5017774260197405
2020-02-01 13:00:00,2.162793531572119
2020-02-08 13:00:00,1.3533751455289293
2020-02-15 13:00:00,0.6052277470194157
2020-02-22 13:00:00,0.6493236649175842
2020-02-29 13:00:00,1.1083780220050812
2020-03-07 13:00:00,0.6835603236669802
2020-03-14 13:00:00,0.9323228724222639
2020-03-21 13:00:00,2.456109834380399
2020-03-28 13:00:00,0.16721598991627123
2018-01-06 14:00:00,0.9809123992104625
2018-01-13 14:00:00,0.9802137362471763
2018-01-20 14:00:00,0.5377262074741813
2018-01-27 14:00:00,0.7435245065293906
2018-02-03 14:00:00,1.28485715752397
2018-02-10 14:00:00,0.6567385482176785
2018-02-17 14:00:00,1.570972919878245
2018-02-24 14:00:00,0.8847923372136643
2018-03-03 14:00:00,0.7823747430310647
2018-03-10 14:00:00,1.1972048733084757
2018-03-17 14:00:00,0.9279775575574215
2018-03-24 14:00:00,0.30819199901233896
2018-03-31 14:00:00,0.6213057737610672
2018-04-14 14:00:00,1.3427578007974594
2018-04-21 14:00:00,0.4331154061773409
2018-05-05 14:00:00,1.066479621033338
2018-05-12 14:00:00,1.9872815420369383
2018-05-19 14:00:00,0.6557147988327594
2018-05-26 14:00:00,1.105711228372698
2018-06-02 14:00:00,0.9810985805495889
2018-06-09 14:00:00,0.6162909400810155
2018-06-16 14:00:00,0.19234424580595086
2018-06-23 14:00:00,0.798386405546011
2018-06-30 14:00:00,0.43231239574588065
2018-07-07 14:00:00,0.8343711985262725
2018-07-14 14:00:00,1.3163300204090802
2018-07-21 14:00:00,1.921220963488994
2018-07-28 14:00:00,0.2770368886332006
2018-08-04 14:00:00,0.46743456664757066
2018-08-11 14:00:00,2.3905918053657573
2018-08-18 14:00:00,0.6236964739836762
2018-08-25 14:00:00,0.652596886184463
2018-09-01 14:00:00,0.7952968766986546
2018-09-08 14:00:00,0.8628488630960854
2018-09-15 14:00:00,1.8999216733794506
2018-09-22 14:00:00,1.0260475324229827
2018-09-29 14:00:00,1.8091618978675812
2018-10-06 14:00:00,0.9947406690219687
2018-10-13 14:00:00,0.7869092709179418
2018-10-20 14:00:00,1.1314076634328967
2018-10-27 14:00:00,0.5719705501837298
2018-11-03 14:00:00,0.8280525442957806
2018-11-10 14:00:00,0.4430481650791213
2018-11-17 14:00:00,1.0493442167124434
2018-11-24 14:00:00,0.4763077147842978
2018-12-01 14:00:00,0.8412533811534637
2018-12-08 14:00:00,1.2423567718778388
2018-12-15 14:00:00,0.5334833439307792
2018-12-22 14:00:00,0.9224840145778646
2018-12-29 14:00:00,0.7184927844397843
2019-01-05 14:00:00,1.7216648330927469
2019-01-12 14:00:00,0.491925731577405
2019-01-19 14:00:00,0.7630951883575432
2019-01-26 14:00:00,2.8609167487902147
2019-02-02 14:00:00,0.5810558547391713
2019-02-09 14:00:00,1.3875578471352172
2019-02-16 14:00:00,0.6656514977399187
2019-02-23 14:00:00,0.5965580790410319
2019-03-02 14:00:00,0.6193594557588885
2019-03-09 14:00:00,0.5514984686936658
2019-03-16 14:00:00,1.3121438153936364
2019-03-23 14:00:00,0.9302318151854705
2019-03-30 14:00:00,1.0487191132451819
2019-04-06 14:00:00,0.6406002736444538
2019-04-13 14:00:00,1.5765226186710453
2019-04-20 14:00:00,0.8826932684779818
2019-04-27 14:00:00,0.9164396717351607
2019-05-04 14:00:00,1.0240871085784267
2019-05-11 14:00:00,1.0870870110479247
2019-05-18 14:00:00,0.8569775959741225
2019-05-25 14:00:00,1.1559639205707726
2019-06-08 14:00:00,0.8686419768754592
2019-06-15 14:00:00,0.4161665152571945
2019-06-22 14:00:00,0.8918807955575601
2019-06-29 14:00:00,0.37993652302779507
2019-07-06 14:00:00,0.438882711464815
2019-07-13 14:00:00,0.5269056992085703
2019-07-20 14:00:00,1.5486984136048763
2019-07-27 14:00:00,0.7147986996330398
2019-08-03 14:00:00,0.6307088374153049
2019-08-10 14:00:00,0.48954331155524383
2019-08-17 14:00:00,2.291194722588531
2019-08-24 14:00:00,0.5956445715108765
2019-08-31 14:00:00,2.0843693426558243
2019-09-07 14:00:00,1.1485563137154675
2019-09-14 14:00:00,0.6062688085781408
2019-09-21 14:00:00,1.2072606768368739
2019-09-28 14:00:00,1.1451405634459404
2019-10-05 14:00:00,0.5851848996044708
2019-10-19 14:00:00,0.9781529180686207
2019-10-26 14:00:00,0.7920075352067987
2019-11-02 14:00:00,0.426604391773256
2019-11-09 14:00:00,0.7072539208856381
2019-11-16 14:00:00,1.2148225343666845
2019-11-23 14:00:00,0.2972888994346496
2019-11-30 14:00:00,0.9887059767529329
2019-12-07 14:00:00,2.1341854649355527
2019-12-14 14:00:00,0.4341689537882418
2019-12-21 14:00:00,0.8945200745023653
2019-12-28 14:00:00,0.8022999778578945
2020-01-04 14:00:00,0.9480645876139445
2020-01-11 14:00:00,0.8151143889064519
2020-01-18 14:00:00,0.7354771534628439
2020-01-25 14:00:00,0.75221974207432
2020-02-01 14:00:00,0.8459955186020871
2020-02-08 14:00:00,1.1435371993230319
2020-02-15 14:00:00,0.4133403738594745
2020-02-22 14:00:00,0.835517833902039
2020-02-29 14:00:00,0.5838826167669505
2020-03-07 14:00:00,0.6289395620579655
2020-03-14 14:00:00,0.7125673167095373
2020-03-21 14:00:00,0.2689102108708032
2020-03-28 14:00:00,0.3848484612901501
2018-01-06 15:00:00,0.6870002386866496
2018-01-13 15:00:00,1.1696602431856231
2018-01-20 15:00:00,0.9974148482054465
2018-01-27 15:00:00,1.02793979383776
2018-02-03 15:00:00,1.0918769712483063
2018-02-10 15:00:00,0.6718961209602121
2018-02-17 15:00:00,0.6026066897409823
2018-02-24 15:00:00,0.9051253721158457
2018-03-03 15:00:00,0.7354405286926649
2018-03-10 15:00:00,1.096452395058707
2018-03-17 15:00:00,2.228928242242707
2018-03-24 15:00:00,1.5194558129060565
2018-03-31 15:00:00,0.8417320269631704
2018-04-14 15:00:00,1.0454381225210851
2018-04-21 15:00:00,1.1403468669699466
2018-05-05 15:00:00,0.6668724901463282
2018-05-12 15:00:00,0.8685096033468765
2018-05-19 15:00:00,0.5035951452539599
2018-05-26 15:00:00,0.8185907107743575
2018-06-02 15:00:00,0.7851113020035706
2018-06-09 15:00:00,0.8657074005076323
2018-06-16 15:00:00,0.6513672985307315
2018-06-23 15:00:00,0.881730145657699
2018-06-30 15:00:00,0.7652812839618854
2018-07-07 15:00:00,1.69502869543168
2018-07-14 15:00:00,0.4562691640478146
2018-07-21 15:00:00,0.45898410045433347
2018-07-28 15:00:00,2.148998873646617
2018-08-04 15:00:00,1.3031682802673092
2018-08-11 15:00:00,0.8344703710386197
2018-08-18 15:00:00,0.22654732787338153
2018-08-25 15:00:00,1.302206938604094
2018-09-01 15:00:00,1.0232339181946288
2018-09-08 15:00:00,0.9987366008837886
2018-09-15 15:00:00,0.6730649581608854
2018-09-22 15:00:00,0.672420075800854
2018-09-29 15:00:00,0.40234433932054736
2018-10-06 15:00:00,0.7019370401310844
2018-10-13 15:00:00,1.3155400876182837
2018-10-20 15:00:00,1.0214151904864752
2018-10-27 15:00:00,0.9540599674354666
2018-11-03 15:00:00,1.0921035590544241
2018-11-10 15:00:00,1.150636234727922
2018-11-17 15:00:00,0.9486178846008544
2018-11-24 15:00:00,0.7439156733919439
2018-12-01 15:00:00,0.3467756344838248
2018-12-08 15:00:00,0.3956212737688259
2018-12-15 15:00:00,0.7968140225362804
2018-12-22 15:00:00,1.487340690584381
2018-12-29 15:00:00,0.4202112033206258
2019-01-05 15:00:00,0.31646010550039777
2019-01-12 15:00:00,1.3226629972088055
2019-01-19 15:00:00,1.098537842759258
2019-01-26 15:00:00,0.813556285557865
2019-02-02 15:00:00,0.6712155494578614
2019-02-09 15:00:00,1.8998123203380726
2019-02-16 15:00:00,1.0390957926086033
2019-02-23 15:00:00,0.40340017338614204
2019-03-02 15:00:00,0.6875025393659778
2019-03-09 15:00:00,1.1536350933979154
2019-03-16 15:00:00,0.4927252685468003
2019-03-23 15:00:00,0.5357979061265699
2019-03-30 15:00:00,0.6528423052383304
2019-04-06 15:00:00,1.2427843164613326
2019-04-13 15:00:00,1.7129241903379655
2019-04-20 15:00:00,0.9335999896580828
2019-04-27 15:00:00,1.0544331990272227
2019-05-04 15:00:00,1.4255135560645094
2019-05-11 15:00:00,0.5358466943595144
2019-05-18 15:00:00,0.45112271688860145
2019-05-25 15:00:00,0.9021372296402305
2019-06-08 15:00:00,1.1367987607180037
2019-06-15 15:00:00,0.4877738280406402
2019-06-22 15:00:00,0.6460863502166654
2019-06-29 15:00:00,1.2203649874534401
2019-07-06 15:00:00,0.6260048309547139
2019-07-13 15:00:00,1.2199839017274108
2019-07-20 15:00:00,0.4645271023674002
2019-07-27 15:00:00,0.38478791500941467
2019-08-03 15:00:00,3.2934369326541275
2019-08-10 15:00:00,0.6900328924093079
2019-08-17 15:00:00,0.6186182097902346
2019-08-24 15:00:00,0.6637184407041176
2019-08-31 15:00:00,0.29546726751367086
2019-09-07 15:00:00,1.2337166323999056
2019-09-14 15:00:00,0.6148523691932227
2019-09-21 15:00:00,0.5028546990219407
2019-09-28 15:00:00,1.3613923441235227
2019-10-05 15:00:00,1.1425752578551072
2019-10-19 15:00:00,0.67661261750267
2019-10-26 15:00:00,0.7608279684221714
2019-11-02 15:00:00,0.2882147591181693
2019-11-09 15:00:00,1.0734720389260675
2019-11-16 15:00:00,1.280699548733957
2019-11-23 15:00:00,3.35453353626821
2019-11-30 15:00:00,0.7320486751076161
2019-12-07 15:00:00,0.6923955524548887
2019-12-14 15:00:00,0.7427768261547066
2019-12-21 15:00:00,0.8474584339405495
2019-12-28 15:00:00,1.3247486580532264
2020-01-04 15:00:00,2.0994011255128537
2020-01-11 15:00:00,0.6470776113716635
2020-01-18 15:00:00,1.1907396253957852
2020-01-25 15:00:00,0.39558407445660093
2020-02-01 15:00:00,0.7262056336800228
2020-02-08 15:00:00,0.8750412866685151
2020-02-15 15:00:00,0.5887180502551823
2020-02-22 15:00:00,0.9894944222572057
2020-02-29 15:00:00,1.0922137669986136
2020-03-07 15:00:00,1.2601831416254736
2020-03-14 15:00:00,1.0706312019848665
2020-03-21 15:00:00,1.283402533277892
2020-03-28 15:00:00,0.4159551619542867
2018-01-06 16:00:00,0.45660324135401886
2018-01-13 16:00:00,2.930770454402831
2018-01-20 16:00:00,1.0089539398968084
2018-01-27 16:00:00,0.8315610873821476
2018-02-03 16:00:00,0.3721607525078642
2018-02-10 16:00:00,0.7261123758816774
2018-02-17 16:00:00,1.3272122522517071
2018-02-24 16:00:00,0.6104873835010647
2018-03-03 16:00:00,0.6110219345654362
2018-03-10 16:00:00,1.2533980562188638
2018-03-17 16:00:00,0.5097616931895854
2018-03-24 16:00:00,1.1100089754109417
2018-03-31 16:00:00,0.775706977117759
2018-04-14 16:00:00,0.5124631210940039
2018-04-21 16:00:00,0.5412115766720323
2018-05-05 16:00:00,0.5100826904300945
2018-05-12 16:00:00,0.5128968546092092
2018-05-19 16:00:00,0.2761160994343462
2018-05-26 16:00:00,0.5012117952129888
2018-06-02 16:00:00,3.1621358383554528
2018-06-09 16:00:00,0.8346420021301612
2018-06-16 16:00:00,0.935242446971844
2018-06-23 16:00:00,1.3491362596614
2018-06-30 16:00:00,0.7654905644903376
2018-07-07 16:00:00,1.0400736896940057
2018-07-14 16:00:00,1.431440567291389
2018-07-21 16:00:00,0.7073301921125182
2018-07-28 16:00:00,1.1505782713520671
2018-08-04 16:00:00,1.141877970422471
2018-08-11 16:00:00,0.8244390159261168
2018-08-18 16:00:00,0.39406689140397827
2018-08-25 16:00:00,0.633676074965283
2018-09-01 16:00:00,1.1580352224004373
2018-09-08 16:00:00,0.7871228521904647
2018-09-15 16:00:00,2.97533134520186
2018-09-22 16:00:00,1.661115210267749
2018-09-29 16:00:00,1.97240721256839
2018-10-06 16:00:00,1.1103931228704842
2018-10-13 16:00:00,0.8157950322871482
2018-10-20 16:00:00,0.7445680042919062
2018-10-27 16:00:00,0.7052932132982926
2018-11-03 16:00:00,1.0151847444762592
2018-11-10 16:00:00,1.3926086383968765
2018-11-17 16:00:00,0.9416762884256553
2018-11-24 16:00:00,1.0410700514392943
2018-12-01 16:00:00,0.8426370170006761
2018-12-08 16:00:00,0.4396070183955701
2018-12-15 16:00:00,1.7053802656896238
2018-12-22 16:00:00,1.4087025450798927
2018-12-29 16:00:00,0.4093850691374792
2019-01-05 16:00:00,0.5273705540309136
2019-01-12 16:00:00,1.1254926420114775
2019-01-19 16:00:00,0.7530940898605665
2019-01-26 16:00:00,0.748262961719951
2019-02-02 16:00:00,1.1882776273664755
2019-02-09 16:00:00,1.6747424497275192
2019-02-16 16:00:00,0.33042995667930447
2019-02-23 16:00:00,1.5298362809919714
2019-03-02 16:00:00,0.35451709983709623
2019-03-09 16:00:00,0.8906766438951546
2019-03-16 16:00:00,0.6143389810553006
2019-03-23 16:00:00,0.44349719236299795
2019-03-30 16:00:00,0.7930533201465253
2019-04-06 16:00:00,0.6951712574036508
2019-04-13 16:00:00,0.6274891953870617
2019-04-20 16:00:00,0.833768236095475
2019-04-27 16:00:00,1.2166424759890035
2019-05-04 16:00:00,1.2631568905379
2019-05-11 16:00:00,0.7560291839835133
2019-05-18 16:00:00,0.9740706460940313
2019-05-25 16:00:00,0.46267737203065
2019-06-08 16:00:00,0.8234150965657495
2019-06-15 16:00:00,1.3457071861535788
2019-06-22 16:00:00,0.8736917421479949
2019-06-29 16:00:00,1.228473226699413
2019-07-06 16:00:00,1.8096179640338086
2019-07-13 16:00:00,1.3464688248219114
2019-07-20 16:00:00,0.44349734723859097
2019-07-27 16:00:00,1.4173980408540063
2019-08-03 16:00:00,0.9804057343976884
2019-08-10 16:00:00,1.394561608346978
2019-08-17 16:00:00,0.5729478382010793
2019-08-24 16:00:00,0.40672974355110625
2019-08-31 16:00:00,0.49283440668179157
2019-09-07 16:00:00,1.1440570682129605
2019-09-14 16:00:00,0.6344479874785904
2019-09-21 16:00:00,0.6237704614164281
2019-09-28 16:00:00,0.687006965611127
2019-10-05 16:00:00,0.9210951398748224
2019-10-19 16:00:00,0.8549512933911576
2019-10-26 16:00:00,2.279599630249493
2019-11-02 16:00:00,1.0455540403948143
2019-11-09 16:00:00,1.837218467239868
2019-11-16 16:00:00,0.24752888077491808
2019-11-23 16:00:00,0.7865154886076064
2019-11-30 16:00:00,1.2037393369376503
2019-12-07 16:00:00,0.2868043158565791
2019-12-14 16:00:00,0.4477829515001781
2019-12-21 16:00:00,0.758213965464195
2019-12-28 16:00:00,0.7034186359432755
2020-01-04 16:00:00,0.694023984754747
2020-01-11 16:00:00,1.0986297148322064
2020-01-18 16:00:00,1.0794969552133942
2020-01-25 16:00:00,1.5507993806548912
2020-02-01 16:00:00,1.1604414130873009
2020-02-08 16:00:00,1.4587094792267559
2020-02-15 16:00:00,0.7489273522068506
2020-02-22 16:00:00,1.3324148281599602
2020-02-29 16:00:00,0.9645507353005334
2020-03-07 16:00:00,0.5079381412544263
2020-03-14 16:00:00,0.8683333384656294
2020-03-21 16:00:00,0.5776170577380937
2020-03-28 16:00:00,1.1787926511560756
2018-01-06 17:00:00,1.0140077590821783
2018-01-13 17:00:00,0.252664054786116
2018-01-20 17:00:00,0.7369214119292232
2018-01-27 17:00:00,1.2490237595138758
2018-02-03 17:00:00,1.3440277108196235
2018-02-10 17:00:00,0.5492124743872235
2018-02-17 17:00:00,0.7773019523454966
2018-02-24 17:00:00,1.0052146175295837
2018-03-03 17:00:00,1.2273852358874202
2018-03-10 17:00:00,2.1578155335716933
2018-03-17 17:00:00,0.848550577028009
2018-03-24 17:00:00,0.6362277852059705
2018-03-31 17:00:00,1.3038279122797005
2018-04-14 17:00:00,0.4066175005292667
2018-04-21 17:00:00,1.4866762542481191
2018-05-05 17:00:00,0.6817612278992355
2018-05-12 17:00:00,2.669585886920878
2018-05-19 17:00:00,0.9169697672298138
2018-05-26 17:00:00,1.0880103582636362
2018-06-02 17:00:00,1.096078869234114
2018-06-09 17:00:00,1.1171915184123136
2018-06-16 17:00:00,1.0914753789448228
2018-06-23 17:00:00,0.7751361337712237
2018-06-30 17:00:00,1.3068937031469543
2018-07-07 17:00:00,0.9168811982673162
2018-07-14 17:00:00,1.551338359224004
2018-07-21 17:00:00,1.0262741952055567
2018-07-28 17:00:00,0.9306239159254099
2018-08-04 17:00:00,0.845479203608395
2018-08-11 17:00:00,0.48139877863880765
2018-08-18 17:00:00,0.525937318938564
2018-08-25 17:00:00,0.6592363517125596
2018-09-01 17:00:00,0.7926549596203706
2018-09-08 17:00:00,0.5608342160148508
2018-09-15 17:00:00,1.2184524792775453
2018-09-22 17:00:00,0.6205425706837654
2018-09-29 17:00:00,1.2302034982165317
2018-10-06 17:00:00,1.56409739226321
2018-10-13 17:00:00,0.6256396057512198
2018-10-20 17:00:00,0.853726706280339
2018-10-27 17:00:00,1.679686419761548
2018-11-03 17:00:00,0.6880451786020032
2018-11-10 17:00:00,1.145248731035688
2018-11-17 17:00:00,0.8167802910663466
2018-11-24 17:00:00,1.0408660925185809
2018-12-01 17:00:00,0.6186064074682274
2018-12-08 17:00:00,0.33942178320762656
2018-12-15 17:00:00,0.6485693328023282
2018-12-22 17:00:00,0.7162440106416548
2018-12-29 17:00:00,0.9559322919853444
2019-01-05 17:00:00,0.6350420728909502
2019-01-12 17:00:00,0.6169039800967119
2019-01-19 17:00:00,0.8667217984603893
2019-01-26 17:00:00,0.6858878571408996
2019-02-02 17:00:00,0.9813922279434776
2019-02-09 17:00:00,1.3220505569504521
2019-02-16 17:00:00,0.2832067313308674
2019-02-23 17:00:00,0.5351876683467344
2019-03-02 17:00:00,1.3177718267289447
2019-03-09 17:00:00,0.6533583345191333
2019-03-16 17:00:00,0.6728700512976996
2019-03-23 17:00:00,1.4253809256859347
2019-03-30 17:00:00,1.6471766061414501
2019-04-06 17:00:00,0.9849786445787208
2019-04-13 17:00:00,0.8832869274717798
2019-04-20 17:00:00,0.9145177161345815
2019-04-27 17:00:00,1.0172537777923178
2019-05-04 17:00:00,1.0871624758704475
2019-05-11 17:00:00,0.7174700491897124
2019-05-18 17:00:00,1.2428853536365443
2019-05-25 17:00:00,1.22514757430665
2019-06-08 17:00:00,1.04442134903179
2019-06-15 17:00:00,0.7667352065128327
2019-06-22 17:00:00,0.7389184988963375
2019-06-29 17:00:00,1.8134639215063784
2019-07-06 17:00:00,0.9498179760326633
2019-07-13 17:00:00,0.6087892928009558
2019-07-20 17:00:00,0.6011846787804134
2019-07-27 17:00:00,1.0704118757769203
2019-08-03 17:00:00,2.303546983755204
2019-08-10 17:00:00,0.8883063114549321
2019-08-17 17:00:00,1.6284435843096765
2019-08-24 17:00:00,0.9109393261203854
2019-08-31 17:00:00,0.7223197086877964
2019-09-07 17:00:00,0.6761110889022502
2019-09-14 17:00:00,0.3323693208369396
2019-09-21 17:00:00,1.1417181266799086
2019-09-28 17:00:00,1.3818040504228501
2019-10-05 17:00:00,1.1782861075239448
2019-10-19 17:00:00,0.6256709425346242
2019-10-26 17:00:00,0.9214023559845135
2019-11-02 17:00:00,1.400891962872349
2019-11-09 17:00:00,0.6221289507056066
2019-11-16 17:00:00,1.2858593737498087
2019-11-23 17:00:00,0.3138071891841034
2019-11-30 17:00:00,0.5600296440060964
2019-12-07 17:00:00,0.6320304816232242
2019-12-14 17:00:00,0.5644043317401515
2019-12-21 17:00:00,1.2420468458252523
2019-12-28 17:00:00,2.1100746300878446
2020-01-04 17:00:00,0.8472983245963867
2020-01-11 17:00:00,0.905718546902146
2020-01-18 17:00:00,1.9464154055510423
2020-01-25 17:00:00,1.0360780722114358
2020-02-01 17:00:00,0.8124058921213283
2020-02-08 17:00:00,0.265845541738872
2020-02-15 17:00:00,0.46796422063813387
2020-02-22 17:00:00,1.0676265907411402
2020-02-29 17:00:00,0.8799915560742686
2020-03-07 17:00:00,1.1529897759690397
2020-03-14 17:00:00,0.4260702811713827
2020-03-21 17:00:00,0.5224407787788073
2020-03-28 17:00:00,0.6528148407858171
2018-01-06 18:00:00,1.770777645741391
2018-01-13 18:00:00,1.8537887994625502
2018-01-20 18:00:00,0.7780484096016048
2018-01-27 18:00:00,1.2590289713160427
2018-02-03 18:00:00,0.9593552211529771
2018-02-10 18:00:00,0.5831822042362212
2018-02-17 18:00:00,0.8158997306889374
2018-02-24 18:00:00,1.5215115105185095
2018-03-03 18:00:00,0.6799687087035747
2018-03-10 18:00:00,1.0474125754607029
2018-03-17 18:00:00,1.0683154979846465
2018-03-24 18:00:00,1.106885276656627
2018-03-31 18:00:00,0.8329681398908689
2018-04-14 18:00:00,0.9357378745187983
2018-04-21 18:00:00,1.351191202429028
2018-05-05 18:00:00,0.8349783815046024
2018-05-12 18:00:00,0.6810733731281288
2018-05-19 18:00:00,1.10130421365869
2018-05-26 18:00:00,0.8836789388318284
2018-06-02 18:00:00,0.9125080715321576
2018-06-09 18:00:00,0.8650175076296884
2018-06-16 18:00:00,0.6653701278549213
2018-06-23 18:00:00,1.6662255793130376
2018-06-30 18:00:00,1.3324743308196412
2018-07-07 18:00:00,1.6284825297323915
2018-07-14 18:00:00,0.6659129513470954
2018-07-21 18:00:00,1.6810878701138396
2018-07-28 18:00:00,0.8194384714962754
2018-08-04 18:00:00,0.5187196040147622
2018-08-11 18:00:00,1.6689420180871992
2018-08-18 18:00:00,0.7654513780283679
2018-08-25 18:00:00,0.7030627111893406
2018-09-01 18:00:00,1.0020165784599173
2018-09-08 18:00:00,1.0282730377675513
2018-09-15 18:00:00,1.1256861592889684
2018-09-22 18:00:00,0.5981154935950057
2018-09-29 18:00:00,1.1911237325892203
2018-10-06 18:00:00,1.2742220033163525
2018-10-13 18:00:00,1.1715928626759082
2018-10-20 18:00:00,1.5687134499181108
2018-10-27 18:00:00,0.7536194802713907
2018-11-03 18:00:00,1.0205635402179045
2018-11-10 18:00:00,2.164322847022051
2018-11-17 18:00:00,0.8158605075779682
2018-11-24 18:00:00,0.9314472291864846
2018-12-01 18:00:00,1.3583381777013699
2018-12-08 18:00:00,0.9904437569757312
2018-12-15 18:00:00,2.7612826769209
2018-12-22 18:00:00,0.9058117319224371
2018-12-29 18:00:00,1.282866370471263
2019-01-05 18:00:00,1.623278217513706
2019-01-12 18:00:00,0.9047791336245461
2019-01-19 18:00:00,1.8157547498731816
2019-01-26 18:00:00,0.5633705422411442
2019-02-02 18:00:00,0.9346926912373636
2019-02-09 18:00:00,1.559525605489026
2019-02-16 18:00:00,1.4202407148623883
2019-02-23 18:00:00,0.8922631939898253
2019-03-02 18:00:00,1.1250661456585063
2019-03-09 18:00:00,0.6514386197803714
2019-03-16 18:00:00,0.6700736452660455
2019-03-23 18:00:00,1.106516967303566
2019-03-30 18:00:00,0.5417531041050625
2019-04-06 18:00:00,1.513068119171555
2019-04-13 18:00:00,0.4045744502193371
2019-04-20 18:00:00,0.8994740836544732
2019-04-27 18:00:00,2.41010701718495
2019-05-04 18:00:00,0.7980646661149938
2019-05-11 18:00:00,1.4923448469697422
2019-05-18 18:00:00,0.7225399471857541
2019-05-25 18:00:00,0.9185350377293745
2019-06-08 18:00:00,0.8415776431181786
2019-06-15 18:00:00,0.9050186813358393
2019-06-22 18:00:00,0.5803431370095711
2019-06-29 18:00:00,1.133937607696408
2019-07-06 18:00:00,1.2995418706921256
2019-07-13 18:00:00,1.0690787059262392
2019-07-20 18:00:00,0.7571157197903902
2019-07-27 18:00:00,1.441807345293523
2019-08-03 18:00:00,0.7445869654427466
2019-08-10 18:00:00,0.9878682969424832
2019-08-17 18:00:00,0.7678723629609392
2019-08-24 18:00:00,0.7316954525342149
2019-08-31 18:00:00,0.7946035205815166
2019-09-07 18:00:00,1.4276225429792653
2019-09-14 18:00:00,0.6863597683102706
2019-09-21 18:00:00,0.8513345596347106
2019-09-28 18:00:00,1.9913524298245016
2019-10-05 18:00:00,0.8366164333908421
2019-10-19 18:00:00,1.4956601117627184
2019-10-26 18:00:00,1.4848254709403916
2019-11-02 18:00:00,0.4842127892482284
2019-11-09 18:00:00,1.0628565581113187
2019-11-16 18:00:00,0.6817784752827696
2019-11-23 18:00:00,1.1874057005270529
2019-11-30 18:00:00,0.6207077518063079
2019-12-07 18:00:00,1.202180058740737
2019-12-14 18:00:00,1.4595018773623203
2019-12-21 18:00:00,1.0514730347409227
2019-12-28 18:00:00,0.7773823616198065
2020-01-04 18:00:00,1.0662504731187918
2020-01-11 18:00:00,1.1305338819843782
2020-01-18 18:00:00,1.5105791994414859
2020-01-25 18:00:00,1.4574027803390994
2020-02-01 18:00:00,0.6302232157546301
2020-02-08 18:00:00,1.8299913244464048
2020-02-15 18:00:00,1.5569785579358695
2020-02-22 18:00:00,3.73907532832494
2020-02-29 18:00:00,0.5134193566674135
2020-03-07 18:00:00,0.8870271852067342
2020-03-14 18:00:00,0.5560767181610798
2020-03-21 18:00:00,1.2156831468431586
2020-03-28 18:00:00,0.5018587066831142
2018-01-06 19:00:00,0.6831591946552615
2018-01-13 19:00:00,0.4290982379403587
2018-01-20 19:00:00,0.6618284284172686
2018-01-27 19:00:00,0.4508288556526398
2018-02-03 19:00:00,0.627125442407498
2018-02-10 19:00:00,3.174079260038935
2018-02-17 19:00:00,1.0996052314867484
2018-02-24 19:00:00,1.0036156023225355
2018-03-03 19:00:00,1.5037088123366906
2018-03-10 19:00:00,2.0673050140385816
2018-03-17 19:00:00,0.6434494957847182
2018-03-24 19:00:00,0.879161382358191
2018-03-31 19:00:00,1.04026977893627
2018-04-14 19:00:00,1.4211883239763192
2018-04-21 19:00:00,1.0025707211925006
2018-05-05 19:00:00,0.5360659234241455
2018-05-12 19:00:00,1.7186440026665986
2018-05-19 19:00:00,1.6226910336033675
2018-05-26 19:00:00,0.4954649193413364
2018-06-02 19:00:00,0.26229051601505105
2018-06-09 19:00:00,1.275650698431852
2018-06-16 19:00:00,0.2769292625625549
2018-06-23 19:00:00,1.2216907372757546
2018-06-30 19:00:00,0.9635499346229729
2018-07-07 19:00:00,1.890795561902154
2018-07-14 19:00:00,0.6043415983397171
2018-07-21 19:00:00,0.6728164938675095
2018-07-28 19:00:00,3.251488851696005
2018-08-04 19:00:00,2.1795158048511927
2018-08-11 19:00:00,0.48679723364603733
2018-08-18 19:00:00,0.8850989510751816
2018-08-25 19:00:00,0.539641171123366
2018-09-01 19:00:00,1.2235582611376603
2018-09-08 19:00:00,0.8963720919871274
2018-09-15 19:00:00,0.9021587882044783
2018-09-22 19:00:00,1.0057279609927887
2018-09-29 19:00:00,0.22980371243872535
2018-10-06 19:00:00,0.2770259130356012
2018-10-13 19:00:00,0.37448204256220696
2018-10-20 19:00:00,0.2838604146176142
2018-10-27 19:00:00,1.4083750643020945
2018-11-03 19:00:00,0.3842736975116769
2018-11-10 19:00:00,0.9754941905289969
2018-11-17 19:00:00,1.0174299110547456
2018-11-24 19:00:00,0.8437081506607249
2018-12-01 19:00:00,0.6455326691025571
2018-12-08 19:00:00,1.5328010607753022
2018-12-15 19:00:00,0.6185268866813676
2018-12-22 19:00:00,0.931748664129955
2018-12-29 19:00:00,0.9785721023442222
2019-01-05 19:00:00,0.7530037977338236
2019-01-12 19:00:00,1.1378191491365988
2019-01-19 19:00:00,0.6659369205173625
2019-01-26 19:00:00,0.6279113549744595
2019-02-02 19:00:00,0.7147014955563844
2019-02-09 19:00:00,0.8194089784323522
2019-02-16 19:00:00,1.1586074849570902
2019-02-23 19:00:00,0.6352629122575247
2019-03-02 19:00:00,0.9009725700981104
2019-03-09 19:00:00,0.38430419275834876
2019-03-16 19:00:00,0.7655408290486363
2019-03-23 19:00:00,0.5256241105664287
2019-03-30 19:00:00,1.2118485708250308
2019-04-06 19:00:00,1.2064745805878887
2019-04-13 19:00:00,1.0069123472794304
2019-04-20 19:00:00,0.6324039202235712
2019-04-27 19:00:00,0.8371899577193798
2019-05-04 19:00:00,0.7164048074818298
2019-05-11 19:00:00,0.7794823849843638
2019-05-18 19:00:00,0.6320228644953971
2019-05-25 19:00:00,0.4395898182276749
2019-06-08 19:00:00,1.3986926668909367
2019-06-15 19:00:00,0.7403945423820343
2019-06-22 19:00:00,1.6128523163387143
2019-06-29 19:00:00,0.3169316521449646
2019-07-06 19:00:00,0.8076423110558748
2019-07-13 19:00:00,0.7461844938686621
2019-07-20 19:00:00,1.1743950672525014
2019-07-27 19:00:00,0.6851429906812255
2019-08-03 19:00:00,0.5597484831125834
2019-08-10 19:00:00,0.9371374337644067
2019-08-17 19:00:00,0.5213363887245462
2019-08-24 19:00:00,1.5607549110772612
2019-08-31 19:00:00,1.200236139164253
2019-09-07 19:00:00,0.36237395669552797
2019-09-14 19:00:00,0.9986432196564384
2019-09-21 19:00:00,1.1456213923223226
2019-09-28 19:00:00,0.6667028459605641
2019-10-05 19:00:00,0.577468195985364
2019-10-19 19:00:00,0.5258200383927373
2019-10-26 19:00:00,1.598955188817581
2019-11-02 19:00:00,0.8316963836637356
2019-11-09 19:00:00,0.9415232214334803
2019-11-16 19:00:00,1.0075979111855156
2019-11-23 19:00:00,0.8349283774204526
2019-11-30 19:00:00,0.8345802289739438
2019-12-07 19:00:00,2.1312241624593007
2019-12-14 19:00:00,1.163405723293466
2019-12-21 19:00:00,0.6439877491685609
2019-12-28 19:00:00,1.4847756845121691
2020-01-04 19:00:00,1.1172649307016307
2020-01-11 19:00:00,0.8495881611390927
2020-01-18 19:00:00,0.27335846215726567
2020-01-25 19:00:00,0.82788288719103
2020-02-01 19:00:00,1.5563555951232249
2020-02-08 19:00:00,0.29098020773173955
2020-02-15 19:00:00,1.0457493021151325
2020-02-22 19:00:00,0.28594459705018593
2020-02-29 19:00:00,0.5216942970377592
2020-03-07 19:00:00,0.6145514106140366
2020-03-14 19:00:00,0.6933590721283142
2020-03-21 19:00:00,1.6494549066422997
2020-03-28 19:00:00,2.0298297318224385
2018-01-06 20:00:00,2.120711680031004
2018-01-13 20:00:00,0.8395462210044903
2018-01-20 20:00:00,1.1058158493106884
2018-01-27 20:00:00,0.5245054778984588
2018-02-03 20:00:00,0.7087797697991586
2018-02-10 20:00:00,1.4009701617549757
2018-02-17 20:00:00,0.7704874979839625
2018-02-24 20:00:00,0.8427563298301082
2018-03-03 20:00:00,0.676530349200038
2018-03-10 20:00:00,0.9715937085990313
2018-03-17 20:00:00,1.212002787274397
2018-03-24 20:00:00,1.1797759128235359
2018-03-31 20:00:00,0.8618233576493062
2018-04-14 20:00:00,0.48675581650359073
2018-04-21 20:00:00,0.7479527405863468
2018-05-05 20:00:00,1.0425800010685915
2018-05-12 20:00:00,1.8872110632323456
2018-05-19 20:00:00,1.328954741898431
2018-05-26 20:00:00,0.5913173482132478
2018-06-02 20:00:00,1.3866715350070051
2018-06-09 20:00:00,0.3459942555505592
2018-06-16 20:00:00,0.537005312734031
2018-06-23 20:00:00,0.783534312329476
2018-06-30 20:00:00,0.6016541679538152
2018-07-07 20:00:00,1.1504352200599552
2018-07-14 20:00:00,0.6957956313679053
2018-07-21 20:00:00,0.5742316469059568
2018-07-28 20:00:00,1.2057514443535575
2018-08-04 20:00:00,0.7693633761805457
2018-08-11 20:00:00,0.6642121118555886
2018-08-18 20:00:00,2.0619975734633376
2018-09-01 20:00:00,0.4302697404098233
2018-09-08 20:00:00,0.8718706053326676
2018-09-15 20:00:00,1.1676199904186062
2018-09-22 20:00:00,1.427524017331134
2018-09-29 20:00:00,0.7384830726203304
2018-10-06 20:00:00,0.45434993328408174
2018-10-13 20:00:00,0.3130370607127048
2018-10-20 20:00:00,1.508239128197843
2018-10-27 20:00:00,1.3065630745807384
2018-11-03 20:00:00,1.0789740944973687
2018-11-10 20:00:00,1.5272817241311791
2018-11-17 20:00:00,0.6515817736820927
2018-11-24 20:00:00,0.7530761102605602
2018-12-01 20:00:00,2.1136528712028304
2018-12-08 20:00:00,0.9419798874444073
2018-12-15 20:00:00,0.5155890870931042
2018-12-22 20:00:00,0.455561371396014
2018-12-29 20:00:00,0.9509926262864699
2019-01-05 20:00:00,0.7276043705039048
2019-01-12 20:00:00,1.0862955206594636
2019-01-19 20:00:00,1.1751004961913942
2019-01-26 20:00:00,0.4657314170460359
2019-02-02 20:00:00,0.8742840880973181
2019-02-09 20:00:00,0.7695204932201748
2019-02-16 20:00:00,1.0741161017406395
2019-02-23 20:00:00,0.861896684032294
2019-03-02 20:00:00,0.3126714567884902
2019-03-09 20:00:00,1.7626267099480515
2019-03-16 20:00:00,0.7418566104183814
2019-03-23 20:00:00,0.7271679194214136
2019-03-30 20:00:00,1.1014601332721103
2019-04-06 20:00:00,0.8861621738542985
2019-04-13 20:00:00,1.7012421366527177
2019-04-20 20:00:00,0.5436741845528187
2019-04-27 20:00:00,0.5470016269509503
2019-05-04 20:00:00,0.8271249397806029
2019-05-11 20:00:00,0.4425074788634937
2019-05-18 20:00:00,1.0007327970121043
2019-05-25 20:00:00,1.3739806917597663
2019-06-08 20:00:00,0.5351395372088198
2019-06-15 20:00:00,1.034531473710542
2019-06-22 20:00:00,0.24236070773237647
2019-06-29 20:00:00,0.47883047615067764
2019-07-06 20:00:00,0.4154732072538487
2019-07-13 20:00:00,1.0031789051666193
2019-07-20 20:00:00,0.6775783002565776
2019-07-27 20:00:00,2.395148664947982
2019-08-03 20:00:00,0.8661250500559181
2019-08-10 20:00:00,0.43877632455873966
2019-08-17 20:00:00,1.2421330916622877
2019-08-24 20:00:00,0.7127667561792002
2019-08-31 20:00:00,1.261401102123608
2019-09-07 20:00:00,2.187455888112497
2019-09-14 20:00:00,0.8968470639634188
2019-09-21 20:00:00,0.5409441136594485
2019-09-28 20:00:00,0.3541428120819841
2019-10-05 20:00:00,1.2485139673222474
2019-10-19 20:00:00,0.603416213501825
2019-10-26 20:00:00,1.328283736986635
2019-11-02 20:00:00,1.1785586442058882
2019-11-09 20:00:00,1.4275451349632016
2019-11-16 20:00:00,0.7244169394628934
2019-11-23 20:00:00,0.6916162874448917
2019-11-30 20:00:00,1.6745957736077406
2019-12-07 20:00:00,1.673000689628537
2019-12-14 20:00:00,1.1779784069093628
2019-12-21 20:00:00,2.6805819698868087
2019-12-28 20:00:00,1.88971985421435
2020-01-04 20:00:00,0.3627334958259073
2020-01-11 20:00:00,0.9713140881271373
2020-01-18 20:00:00,2.0014530330438016
2020-01-25 20:00:00,1.3954346619570506
2020-02-01 20:00:00,0.8254544557807518
2020-02-08 20:00:00,1.04671731082833
2020-02-15 20:00:00,1.7811701769336195
2020-02-22 20:00:00,0.8867800880405703
2020-02-29 20:00:00,1.7748570161941972
2020-03-07 20:00:00,0.23781789514105406
2020-03-14 20:00:00,0.6457439403239746
2020-03-21 20:00:00,0.8689792631192115
2020-03-28 20:00:00,0.6017891022116468
2018-01-06 21:00:00,1.8325343683997466
2018-01-13 21:00:00,0.8025883025525409
2018-01-20 21:00:00,1.0767066491272104
2018-01-27 21:00:00,1.383076984699029
2018-02-03 21:00:00,0.6826149808777432
2018-02-10 21:00:00,0.6262204996332266
2018-02-17 21:00:00,1.2073272347184403
2018-02-24 21:00:00,1.4519143134704604
2018-03-03 21:00:00,1.0673684283541163
2018-03-10 21:00:00,0.3738440077822465
2018-03-17 21:00:00,1.3935819524833504
2018-03-24 21:00:00,1.150147022923731
2018-03-31 21:00:00,0.6500558480419851
2018-04-14 21:00:00,0.8624952011448382
2018-04-21 21:00:00,0.9086378357054222
2018-05-05 21:00:00,0.8338082475225731
2018-05-12 21:00:00,1.1848031799788143
2018-05-19 21:00:00,1.9960578687445816
2018-05-26 21:00:00,0.6868031632706194
2018-06-02 21:00:00,0.7841124682895346
2018-06-09 21:00:00,0.8045937129504366
2018-06-16 21:00:00,1.1041363884698598
2018-06-23 21:00:00,0.7731910692816093
2018-06-30 21:00:00,1.3930274499503235
2018-07-07 21:00:00,1.5304807135791707
2018-07-14 21:00:00,0.8110229552394548
2018-07-21 21:00:00,0.44389852857268836
2018-07-28 21:00:00,1.0700729622305922
2018-08-04 21:00:00,1.179886108117375
2018-08-11 21:00:00,1.1775658767168893
2018-08-18 21:00:00,1.2738799919384758
2018-08-25 21:00:00,0.9727564412674242
2018-09-01 21:00:00,1.0101580690827316
2018-09-08 21:00:00,0.9353438465099169
2018-09-15 21:00:00,1.4969297154228616
2018-09-22 21:00:00,1.30281387831485
2018-09-29 21:00:00,0.7470664997190085
2018-10-06 21:00:00,1.283875651823733
2018-10-13 21:00:00,1.3475124857290661
2018-10-20 21:00:00,1.53925688679163
2018-10-27 21:00:00,2.3537643484909556
2018-11-03 21:00:00,2.155984143054724
2018-11-10 21:00:00,0.9129348556124924
2018-11-17 21:00:00,0.4368185676303957
2018-11-24 21:00:00,1.014081552306872
2018-12-01 21:00:00,0.5707786706519092
2018-12-08 21:00:00,0.667417689722026
2018-12-15 21:00:00,0.45578999292826483
2018-12-22 21:00:00,0.5538731129459376
2018-12-29 21:00:00,0.8645077295148127
2019-01-05 21:00:00,0.6644345643370078
2019-01-12 21:00:00,0.8601059046143946
2019-01-19 21:00:00,0.9022479716991546
2019-01-26 21:00:00,0.5700038892066627
2019-02-02 21:00:00,0.5180574089171534
2019-02-09 21:00:00,1.265898214501587
2019-02-16 21:00:00,1.1647414283962263
2019-02-23 21:00:00,1.3078337890325475
2019-03-02 21:00:00,1.9637070518166517
2019-03-09 21:00:00,0.30916568700219155
2019-03-16 21:00:00,1.023465752123776
2019-03-23 21:00:00,0.43054841641820135
2019-03-30 21:00:00,1.401969336005994
2019-04-06 21:00:00,0.8992330641131215
2019-04-13 21:00:00,1.7906812578000666
2019-04-20 21:00:00,1.323983288444071
2019-04-27 21:00:00,2.7442635586721953
2019-05-04 21:00:00,0.8781108121494524
2019-05-11 21:00:00,1.4098573062349564
2019-05-18 21:00:00,1.1338131972456365
2019-05-25 21:00:00,0.7969411242426763
2019-06-08 21:00:00,0.48284901273791997
2019-06-15 21:00:00,0.5643841325981175
2019-06-22 21:00:00,1.6460294557259088
2019-06-29 21:00:00,0.7630905685819552
2019-07-06 21:00:00,0.7610223302829326
2019-07-13 21:00:00,0.5545869326826894
2019-07-20 21:00:00,2.0691213308077065
2019-07-27 21:00:00,2.8809091237088245
2019-08-03 21:00:00,0.9826859098519563
2019-08-10 21:00:00,0.6885450672276157
2019-08-17 21:00:00,1.1316463963624643
2019-08-24 21:00:00,0.7803122701478639
2019-08-31 21:00:00,1.7578695296190487
2019-09-07 21:00:00,1.8135713662279154
2019-09-14 21:00:00,1.2717483712264113
2019-09-21 21:00:00,1.4401563156970716
2019-09-28 21:00:00,1.1730407597683241
2019-10-05 21:00:00,1.0331465228728915
2019-10-19 21:00:00,0.4166276166863671
2019-10-26 21:00:00,0.27589759400388064
2019-11-02 21:00:00,1.0813204450205924
2019-11-09 21:00:00,1.1263650263669325
2019-11-16 21:00:00,1.003827067485859
2019-11-23 21:00:00,1.5698986536229562
2019-11-30 21:00:00,0.7677896948980782
2019-12-07 21:00:00,1.3025633974926616
2019-12-14 21:00:00,0.6188966778162152
2019-12-21 21:00:00,0.8810119743978774
2019-12-28 21:00:00,0.6719348986713242
2020-01-04 21:00:00,0.8587233731644279
2020-01-11 21:00:00,0.8925372425851691
2020-01-18 21:00:00,1.1615326057134543
2020-01-25 21:00:00,0.47798493230820766
2020-02-01 21:00:00,0.631748106062483
2020-02-08 21:00:00,0.49787851393119625
2020-02-15 21:00:00,1.2066708593085564
2020-02-22 21:00:00,1.2068630430434921
2020-02-29 21:00:00,0.9240110991746766
2020-03-07 21:00:00,1.9301787295341455
2020-03-14 21:00:00,1.4457999553073315
2020-03-21 21:00:00,0.5433915891573753
2020-03-28 21:00:00,2.4919558131748296
2018-01-06 22:00:00,0.8542290278619812
2018-01-13 22:00:00,0.7081409995087607
2018-01-20 22:00:00,0.6763310184230491
2018-01-27 22:00:00,1.0632436390687547
2018-02-03 22:00:00,0.5940142663681778
2018-02-10 22:00:00,0.6157912103691124
2018-02-17 22:00:00,0.6412880087742008
2018-02-24 22:00:00,0.5261430984858919
2018-03-03 22:00:00,1.7489238661171949
2018-03-10 22:00:00,0.4368581704104675
2018-03-17 22:00:00,1.2687222085602388
2018-03-24 22:00:00,0.384405544515981
2018-03-31 22:00:00,0.4087760899361918
2018-04-14 22:00:00,0.7486273769250106
2018-04-21 22:00:00,1.1005623520039574
2018-05-05 22:00:00,0.5143748129498902
2018-05-12 22:00:00,0.649108889098316
2018-05-19 22:00:00,0.37423644181730764
2018-05-26 22:00:00,1.4962140946680245
2018-06-02 22:00:00,1.3309832996537228
2018-06-09 22:00:00,2.7725543910028843
2018-06-16 22:00:00,1.100204113323501
2018-06-23 22:00:00,0.867980140059528
2018-06-30 22:00:00,0.3940796578781443
2018-07-07 22:00:00,2.08384348642331
2018-07-14 22:00:00,0.5749963117709874
2018-07-21 22:00:00,0.9531673722119115
2018-07-28 22:00:00,0.8577151904153847
2018-08-04 22:00:00,0.8276758816160561
2018-08-11 22:00:00,0.9293431554471657
2018-08-18 22:00:00,0.46925080723104046
2018-08-25 22:00:00,0.7398584861047744
2018-09-01 22:00:00,0.740095174483544
2018-09-08 22:00:00,1.3722707296430081
2018-09-15 22:00:00,1.5296352912079125
2018-09-22 22:00:00,0.4788385071827736
2018-09-29 22:00:00,0.8662418850018039
2018-10-06 22:00:00,0.7427822249707532
2018-10-13 22:00:00,1.1596499572750563
2018-10-20 22:00:00,1.0380770604211182
2018-10-27 22:00:00,1.1637038969712055
2018-11-03 22:00:00,1.9817106049936266
2018-11-10 22:00:00,1.229492757954881
2018-11-17 22:00:00,0.44454181694841954
2018-11-24 22:00:00,3.178127228536346
2018-12-01 22:00:00,2.0201998426701953
2018-12-08 22:00:00,0.41681096983827887
2018-12-15 22:00:00,0.9169972196931508
2018-12-22 22:00:00,1.4287026045562004
2018-12-29 22:00:00,4.291708041210732
2019-01-05 22:00:00,0.7132227737074545
2019-01-12 22:00:00,1.0396668681792332
2019-01-19 22:00:00,0.8515495590208029
2019-01-26 22:00:00,2.056818789096856
2019-02-02 22:00:00,0.908546370612434
2019-02-09 22:00:00,0.2569340509785758
2019-02-16 22:00:00,1.6471742851657387
2019-02-23 22:00:00,2.235097561429427
2019-03-02 22:00:00,1.8056550913553338
2019-03-09 22:00:00,0.4938512419430712
2019-03-16 22:00:00,0.5185910262433285
2019-03-23 22:00:00,0.49272603292278877
2019-03-30 22:00:00,1.1739757426563533
2019-04-06 22:00:00,0.4965431714673177
2019-04-13 22:00:00,0.4622488424298358
2019-04-20 22:00:00,1.0887564730890178
2019-04-27 22:00:00,2.6429375176796555
2019-05-04 22:00:00,1.7281245985431397
2019-05-11 22:00:00,0.4669816042299404
2019-05-18 22:00:00,0.44527252223817043
2019-05-25 22:00:00,0.3322770683319474
2019-06-08 22:00:00,1.1250652433823023
2019-06-15 22:00:00,0.2585959250194441
2019-06-22 22:00:00,0.4836474799037174
2019-06-29 22:00:00,0.4979342478453895
2019-07-06 22:00:00,0.39492752860245217
2019-07-13 22:00:00,0.8779702957306215
2019-07-20 22:00:00,0.2623673004791586
2019-07-27 22:00:00,0.8518313494211286
2019-08-03 22:00:00,1.099828560977265
2019-08-10 22:00:00,0.9637074036635349
2019-08-17 22:00:00,1.6130649973701046
2019-08-24 22:00:00,0.7779061870577823
2019-08-31 22:00:00,0.46582144653168234
2019-09-07 22:00:00,1.8731984343664752
2019-09-14 22:00:00,0.9847773962950805
2019-09-21 22:00:00,0.7453833443645185
2019-09-28 22:00:00,1.2707047894378696
2019-10-05 22:00:00,0.527549571237919
2019-10-19 22:00:00,0.41244079688323426
2019-10-26 22:00:00,1.041344289462308
2019-11-02 22:00:00,0.690039754877905
2019-11-09 22:00:00,1.0586214232128854
2019-11-16 22:00:00,0.485413939987238
2019-11-23 22:00:00,2.096584824351873
2019-11-30 22:00:00,0.594140210282222
2019-12-07 22:00:00,0.5284512728049886
2019-12-14 22:00:00,1.9957265558373798
2019-12-21 22:00:00,1.5515934668577307
2019-12-28 22:00:00,0.259085663029689
2020-01-04 22:00:00,1.9772994709608636
2020-01-11 22:00:00,1.9342883352152123
2020-01-18 22:00:00,1.582177131040538
2020-01-25 22:00:00,0.5215802495326441
2020-02-01 22:00:00,0.9278750525352819
2020-02-08 22:00:00,0.5561498954278498
2020-02-15 22:00:00,2.405326238759143
2020-02-22 22:00:00,0.6345768481922957
2020-02-29 22:00:00,0.5413013967546928
2020-03-07 22:00:00,0.4397425556860118
2020-03-14 22:00:00,2.2040035143120464
2020-03-21 22:00:00,1.1173481121822044
2020-03-28 22:00:00,1.4479499517209329
2018-01-06 23:00:00,1.1369721444445888
2018-01-13 23:00:00,1.3525567754928456
2018-01-20 23:00:00,0.45473307022906995
2018-01-27 23:00:00,0.7386057714475612
2018-02-03 23:00:00,1.840245429546414
2018-02-10 23:00:00,1.4513196103479036
2018-02-17 23:00:00,0.48843146998964837
2018-02-24 23:00:00,2.500566801618434
2018-03-10 23:00:00,1.2966479086408484
2018-03-17 23:00:00,2.010248154771398
2018-03-24 23:00:00,0.8419690060038582
2018-03-31 23:00:00,0.9408080307449714
2018-04-14 23:00:00,0.9874421502024402
2018-04-21 23:00:00,1.565636301386874
2018-05-05 23:00:00,0.37605632154589774
2018-05-12 23:00:00,0.7107582338371945
2018-05-19 23:00:00,1.2772939050098608
2018-05-26 23:00:00,0.25436780812875487
2018-06-02 23:00:00,0.8169617531616828
2018-06-09 23:00:00,2.1642957376866954
2018-06-16 23:00:00,0.31918165813216914
2018-06-23 23:00:00,0.35093352785195603
2018-06-30 23:00:00,0.7966540393317563
2018-07-07 23:00:00,0.8686687535208669
2018-07-14 23:00:00,2.224541323251463
2018-07-21 23:00:00,1.1603916900645348
2018-07-28 23:00:00,1.2639527807051287
2018-08-04 23:00:00,0.8800093635913241
2018-08-11 23:00:00,0.6026731623163069
2018-08-18 23:00:00,2.5597507392465877
2018-08-25 23:00:00,2.5817412070674903
2018-09-01 23:00:00,1.03029958046106
2018-09-08 23:00:00,0.7306126259565234
2018-09-15 23:00:00,1.439962037257699
2018-09-22 23:00:00,0.845230577987933
2018-09-29 23:00:00,0.584431254171987
2018-10-06 23:00:00,1.5522632887695154
2018-10-13 23:00:00,0.607634609237434
2018-10-20 23:00:00,1.4894043456421622
2018-10-27 23:00:00,0.6260094424746926
2018-11-03 23:00:00,0.8706782894736652
2018-11-10 23:00:00,1.3983725134172968
2018-11-17 23:00:00,1.7162162145800457
2018-11-24 23:00:00,1.860955651261672
2018-12-01 23:00:00,0.7069711783594399
2018-12-08 23:00:00,1.2382863100337842
2018-12-15 23:00:00,1.5220306523994187
2018-12-22 23:00:00,0.8120813959227665
2018-12-29 23:00:00,0.6137146835608873
2019-01-05 23:00:00,1.2811399434250477
2019-01-12 23:00:00,1.6216578412468605
2019-01-19 23:00:00,1.8488315222507625
2019-01-26 23:00:00,1.7783647244440535
2019-02-02 23:00:00,1.010873967659072
2019-02-09 23:00:00,0.9819536852253705
2019-02-16 23:00:00,0.8829222256445016
2019-02-23 23:00:00,2.029936304044088
2019-03-02 23:00:00,1.4614344929877388
2019-03-09 23:00:00,2.053388500030001
2019-03-16 23:00:00,1.0593272418462527
2019-03-23 23:00:00,0.8499806401279849
2019-03-30 23:00:00,1.1242704135722785
2019-04-06 23:00:00,1.376134980658217
2019-04-13 23:00:00,0.6922019173354226
2019-04-20 23:00:00,1.5367862211206096
2019-04-27 23:00:00,0.6702628255999921
2019-05-04 23:00:00,1.3654712618009366
2019-05-11 23:00:00,2.4127207085990463
2019-05-25 23:00:00,0.2827150647689424
2019-06-08 23:00:00,1.0567348515862314
2019-06-15 23:00:00,1.1737952819064608
2019-06-22 23:00:00,0.9501672045383557
2019-06-29 23:00:00,0.9437182251757644
2019-07-06 23:00:00,1.127439766425243
2019-07-13 23:00:00,0.6343373109179571
2019-07-20 23:00:00,1.5616491233086633
2019-07-27 23:00:00,2.0178088705847994
2019-08-03 23:00:00,1.2953972817346284
2019-08-10 23:00:00,1.0501522862738695
2019-08-17 23:00:00,0.868156213177744
2019-08-24 23:00:00,2.1220931128322853
2019-08-31 23:00:00,0.6979555179820323
2019-09-07 23:00:00,0.6707394428023927
2019-09-14 23:00:00,1.1776036533780943
2019-09-21 23:00:00,0.7336996694941363
2019-09-28 23:00:00,1.521402717181282
2019-10-05 23:00:00,1.0380512960393347
2019-10-19 23:00:00,0.6451190691579819
2019-10-26 23:00:00,1.2729045679851634
2019-11-02 23:00:00,1.0951947846621253
2019-11-09 23:00:00,1.6180060711448214
2019-11-16 23:00:00,1.0702207643789186
2019-11-23 23:00:00,1.0333626041214905
2019-11-30 23:00:00,1.7495471435669332
2019-12-07 23:00:00,0.2607446628337411
2019-12-14 23:00:00,1.6085608223621404
2019-12-21 23:00:00,1.5752288545580049
2019-12-28 23:00:00,0.7592103878271594
2020-01-04 23:00:00,2.366725261493133
2020-01-11 23:00:00,0.6814291437973522
2020-01-18 23:00:00,0.5537066789563067
2020-01-25 23:00:00,1.9462814702635656
2020-02-01 23:00:00,1.677650152469252
2020-02-08 23:00:00,0.983796980232792
2020-02-15 23:00:00,0.3543468441365953
2020-02-22 23:00:00,1.3382600322088114
2020-02-29 23:00:00,0.9612158493715717
2020-03-07 23:00:00,2.447873977764892
2020-03-14 23:00:00,0.9784729877340163
2020-03-21 23:00:00,1.3777176466798489
2020-03-28 23:00:00,2.6696591290331355
2018-01-07 00:00:00,0.9623083322219955
2018-01-14 00:00:00,1.8591881962131176
2018-01-21 00:00:00,0.79152543531191
2018-01-28 00:00:00,0.5581523736984553
2018-02-04 00:00:00,1.1669059373146202
2018-02-11 00:00:00,1.6431036677839201
2018-02-18 00:00:00,0.790866018464472
2018-02-25 00:00:00,1.1911468810925843
2018-03-11 00:00:00,1.4229535633057364
2018-03-18 00:00:00,1.6351982540845391
2018-03-25 00:00:00,1.0969248957020101
2018-04-01 00:00:00,2.7157012737902724
2018-04-15 00:00:00,0.4870768147099135
2018-04-22 00:00:00,0.9167322458985891
2018-05-06 00:00:00,0.9762962431700811
2018-05-13 00:00:00,1.6004804514782558
2018-05-20 00:00:00,1.1627235205635338
2018-05-27 00:00:00,1.0399328488313273
2018-06-03 00:00:00,0.4341780444435557
2018-06-10 00:00:00,1.1201049111751904
2018-06-17 00:00:00,0.49300671780961186
2018-06-24 00:00:00,0.9167041898275179
2018-07-01 00:00:00,1.456748186651549
2018-07-08 00:00:00,0.9394808116129568
2018-07-15 00:00:00,1.9931507842897587
2018-07-22 00:00:00,1.8156858431221339
2018-07-29 00:00:00,0.381498623230259
2018-08-05 00:00:00,0.4735200139207825
2018-08-12 00:00:00,0.9586575591966312
2018-08-19 00:00:00,1.2846676604833405
2018-08-26 00:00:00,1.289143334969384
2018-09-02 00:00:00,1.2110847534761333
2018-09-09 00:00:00,1.2045321882306637
2018-09-16 00:00:00,0.9657606277037596
2018-09-23 00:00:00,1.39976119382952
2018-09-30 00:00:00,2.1860467915926165
2018-10-07 00:00:00,1.5567372799038746
2018-10-14 00:00:00,1.054837368805476
2018-10-21 00:00:00,3.777194106131371
2018-10-28 00:00:00,0.9122032267964415
2018-11-04 00:00:00,0.6534754438055471
2018-11-11 00:00:00,0.9217034629890655
2018-11-18 00:00:00,1.9183771084033814
2018-11-25 00:00:00,1.2826331641490667
2018-12-02 00:00:00,0.8050314790621851
2018-12-09 00:00:00,0.24582605014960157
2018-12-16 00:00:00,1.2961919626944671
2018-12-23 00:00:00,1.2132919291531585
2018-12-30 00:00:00,0.7125909361182468
2019-01-06 00:00:00,0.6497400647033684
2019-01-13 00:00:00,1.269882106866884
2019-01-20 00:00:00,1.2962752611448107
2019-01-27 00:00:00,1.1231301014883577
2019-02-03 00:00:00,0.8566340791429621
2019-02-10 00:00:00,1.3143848234347983
2019-02-17 00:00:00,0.4562472230342885
2019-02-24 00:00:00,1.5474925207057333
2019-03-03 00:00:00,1.4621734287626362
2019-03-10 00:00:00,0.5532710335369084
2019-03-17 00:00:00,1.8330781355723333
2019-03-24 00:00:00,0.6467125861435238
2019-03-31 00:00:00,0.28361439756057305
2019-04-07 00:00:00,1.1020258704181303
2019-04-14 00:00:00,0.5531764847427484
2019-04-21 00:00:00,1.1849634302787628
2019-04-28 00:00:00,1.8179566335463013
2019-05-05 00:00:00,0.9272107082253669
2019-05-12 00:00:00,1.6543590667481782
2019-05-19 00:00:00,0.6606198408732089
2019-05-26 00:00:00,1.1670472873291395
2019-06-09 00:00:00,1.0154214043619993
2019-06-16 00:00:00,1.1904161460463702
2019-06-23 00:00:00,0.24355881078996983
2019-06-30 00:00:00,0.4418535561701143
2019-07-07 00:00:00,1.275904129344444
2019-07-14 00:00:00,0.5886519045668179
2019-07-21 00:00:00,1.7233566765319555
2019-07-28 00:00:00,0.7077247814841541
2019-08-04 00:00:00,0.957455180832177
2019-08-11 00:00:00,1.1766432162978389
2019-08-18 00:00:00,1.0940951262925918
2019-08-25 00:00:00,1.9398310086147514
2019-09-01 00:00:00,1.346075741445922
2019-09-08 00:00:00,0.7796845320233315
2019-09-15 00:00:00,0.5716223924876618
2019-09-22 00:00:00,0.26337764430949057
2019-09-29 00:00:00,1.215518288510651
2019-10-06 00:00:00,0.9234783974033914
2019-10-20 00:00:00,1.3313497861311443
2019-10-27 00:00:00,2.5786762282910525
2019-11-03 00:00:00,1.840729598794526
2019-11-10 00:00:00,0.849923423402696
2019-11-17 00:00:00,2.905400809166357
2019-11-24 00:00:00,2.528834079080222
2019-12-01 00:00:00,2.7712875262277126
2019-12-08 00:00:00,2.4648440837138224
2019-12-15 00:00:00,0.31972464401158834
2019-12-22 00:00:00,0.747691427637517
2019-12-29 00:00:00,1.1670541442897278
2020-01-05 00:00:00,1.0919684912670795
2020-01-12 00:00:00,1.0677950625052623
2020-01-19 00:00:00,1.8884796535967174
2020-01-26 00:00:00,0.8968493321972836
2020-02-02 00:00:00,0.3797280244175518
2020-02-09 00:00:00,0.6371681366704263
2020-02-16 00:00:00,1.0597945600193603
2020-02-23 00:00:00,1.0397039743898446
2020-03-01 00:00:00,1.3927223847363703
2020-03-08 00:00:00,0.9029968013015304
2020-03-15 00:00:00,0.6568312102615776
2020-03-22 00:00:00,3.0168408466363603
2020-03-29 00:00:00,2.928740258255156
2018-01-07 01:00:00,1.5577239664077311
2018-01-14 01:00:00,2.076558872177404
2018-01-21 01:00:00,0.5125560796235171
2018-01-28 01:00:00,2.357032383141471
2018-02-04 01:00:00,1.3119987431701157
2018-02-11 01:00:00,2.0197629884414114
2018-02-18 01:00:00,0.7886666335302327
2018-02-25 01:00:00,0.5091300679128914
2018-03-04 01:00:00,0.5995684369272268
2018-03-11 01:00:00,0.5920476511289257
2018-03-18 01:00:00,0.6242142038567454
2018-03-25 01:00:00,2.2366378590021156
2018-04-01 01:00:00,1.6359228502603511
2018-04-15 01:00:00,1.8015763620076781
2018-04-22 01:00:00,1.2289962209860823
2018-05-06 01:00:00,1.2005416575576122
2018-05-13 01:00:00,0.9558131439402698
2018-05-20 01:00:00,1.386102641162072
2018-05-27 01:00:00,0.6531193998970937
2018-06-03 01:00:00,0.5056033451868421
2018-06-10 01:00:00,1.2659741221174288
2018-06-17 01:00:00,1.914331087256121
2018-06-24 01:00:00,0.8524531772655348
2018-07-01 01:00:00,1.2866483657851793
2018-07-08 01:00:00,1.84832576833783
2018-07-15 01:00:00,1.429819780524103
2018-07-22 01:00:00,2.6414856163535307
2018-07-29 01:00:00,2.590347525342097
2018-08-05 01:00:00,0.7325521630782087
2018-08-12 01:00:00,1.2272975046103252
2018-08-19 01:00:00,1.849900699601338
2018-08-26 01:00:00,0.974796506767626
2018-09-02 01:00:00,3.6566611761578285
2018-09-09 01:00:00,1.8263025335248149
2018-09-16 01:00:00,1.3924387176798645
2018-09-23 01:00:00,1.4278160015902412
2018-09-30 01:00:00,1.0849996138737925
2018-10-07 01:00:00,2.1958385107324165
2018-10-14 01:00:00,1.3957006161004712
2018-10-21 01:00:00,1.8633064346216655
2018-10-28 01:00:00,0.7542068884511484
2018-11-04 01:00:00,2.378431907744069
2018-11-11 01:00:00,0.5878846314078057
2018-11-18 01:00:00,1.5486667266091265
2018-11-25 01:00:00,0.9365732211823546
2018-12-02 01:00:00,1.7706922254264472
2018-12-09 01:00:00,1.2659662787821173
2018-12-16 01:00:00,1.108634212335378
2018-12-23 01:00:00,0.5347433019320478
2018-12-30 01:00:00,1.7969889387010354
2019-01-06 01:00:00,1.4820669702410165
2019-01-13 01:00:00,0.3147811777986544
2019-01-20 01:00:00,1.1010322703834785
2019-01-27 01:00:00,0.6597533031674782
2019-02-03 01:00:00,1.757328487201219
2019-02-10 01:00:00,0.3959230958507106
2019-02-17 01:00:00,1.7634042090550512
2019-02-24 01:00:00,1.5578474427450042
2019-03-03 01:00:00,2.514663572551256
2019-03-10 01:00:00,1.7040059201947413
2019-03-17 01:00:00,0.6286318698497462
2019-03-24 01:00:00,3.138589510878069
2019-03-31 01:00:00,1.4306695276363084
2019-04-07 01:00:00,0.5752304401739695
2019-04-14 01:00:00,1.236860408678315
2019-04-21 01:00:00,2.252660754828006
2019-04-28 01:00:00,0.5910806194481386
2019-05-05 01:00:00,1.2891012823128762
2019-05-12 01:00:00,1.1108727386335873
2019-05-19 01:00:00,0.7360417342195269
2019-05-26 01:00:00,0.6220622500778297
2019-06-09 01:00:00,1.8208899635333042
2019-06-16 01:00:00,2.520994328783854
2019-06-23 01:00:00,1.101160693447158
2019-06-30 01:00:00,1.386737969776953
2019-07-07 01:00:00,1.2193955816620061
2019-07-14 01:00:00,1.5787330766937147
2019-07-21 01:00:00,0.9371158279112344
2019-07-28 01:00:00,1.9915679168663651
2019-08-04 01:00:00,0.9440724075083178
2019-08-11 01:00:00,1.7516622541324873
2019-08-18 01:00:00,0.6509996774698819
2019-08-25 01:00:00,0.5695573789418151
2019-09-01 01:00:00,1.1593999321328325
2019-09-08 01:00:00,0.5156177551790115
2019-09-15 01:00:00,0.8094070509450518
2019-09-22 01:00:00,0.7579218541651498
2019-09-29 01:00:00,1.4729901710354212
2019-10-06 01:00:00,1.065811148857774
2019-10-20 01:00:00,1.8919588086697685
2019-10-27 01:00:00,2.1605934199865393
2019-11-03 01:00:00,1.036934166656851
2019-11-10 01:00:00,1.109322342698925
2019-11-17 01:00:00,1.287843356604526
2019-11-24 01:00:00,1.4502372574719298
2019-12-01 01:00:00,0.8502809005769275
2019-12-08 01:00:00,1.3383072919966545
2019-12-15 01:00:00,1.2853157587945685
2019-12-22 01:00:00,0.5940039161897552
2019-12-29 01:00:00,1.0624396819932656
2020-01-05 01:00:00,1.8574387101101995
2020-01-12 01:00:00,1.6129177199283649
2020-01-19 01:00:00,0.3627958568167382
2020-01-26 01:00:00,1.85555374193423
2020-02-02 01:00:00,0.7143233993135738
2020-02-09 01:00:00,0.8871716814689246
2020-02-16 01:00:00,2.366980155187512
2020-02-23 01:00:00,1.1242739896259193
2020-03-01 01:00:00,0.3682877418584807
2020-03-08 01:00:00,1.1311587387246433
2020-03-15 01:00:00,1.7647181431239678
2020-03-22 01:00:00,1.0277701886107913
2020-03-29 01:00:00,3.0950206228147854
2018-01-07 02:00:00,1.2961954018603128
2018-01-14 02:00:00,0.6896069225900017
2018-01-21 02:00:00,0.5400083245455283
2018-01-28 02:00:00,1.3964673643077792
2018-02-04 02:00:00,0.9165220186136325
2018-02-11 02:00:00,0.9674920372846558
2018-02-18 02:00:00,1.2848925684085577
2018-02-25 02:00:00,1.819780607345018
2018-03-04 02:00:00,1.4530314490245093
2018-03-11 02:00:00,1.4146657883591347
2018-03-18 02:00:00,1.2281524692983519
2018-04-01 02:00:00,0.5368263401064788
2018-04-15 02:00:00,1.2484947710336396
2018-04-22 02:00:00,0.5014521685972774
2018-05-06 02:00:00,0.39195439470811405
2018-05-13 02:00:00,1.1071480731503436
2018-05-20 02:00:00,1.2422130373357572
2018-05-27 02:00:00,0.8692927307393181
2018-06-03 02:00:00,0.8964692976340557
2018-06-10 02:00:00,0.8086727091165467
2018-06-17 02:00:00,0.971641139430456
2018-06-24 02:00:00,1.2311378890987996
2018-07-01 02:00:00,1.291923023654675
2018-07-08 02:00:00,0.7240504653687839
2018-07-15 02:00:00,0.8034061229161552
2018-07-22 02:00:00,1.1456774901401843
2018-07-29 02:00:00,1.9425454238344175
2018-08-05 02:00:00,0.5513343036319323
2018-08-12 02:00:00,1.016875592747779
2018-08-19 02:00:00,1.4782073627460421
2018-08-26 02:00:00,1.4005218507335322
2018-09-02 02:00:00,1.8005871029642304
2018-09-09 02:00:00,1.7759319483499072
2018-09-16 02:00:00,1.1322392965236305
2018-09-23 02:00:00,0.35700055584958323
2018-09-30 02:00:00,1.9013532467694914
2018-10-07 02:00:00,1.203249941871685
2018-10-14 02:00:00,0.7892264957540615
2018-10-21 02:00:00,1.2365220725440902
2018-10-28 02:00:00,0.2099064926092509
2018-11-04 02:00:00,1.1505838920755023
2018-11-11 02:00:00,1.5016167620975918
2018-11-18 02:00:00,1.9567962306582836
2018-11-25 02:00:00,1.269757434352799
2018-12-02 02:00:00,1.1418279181705755
2018-12-09 02:00:00,0.8867632284391966
2018-12-16 02:00:00,0.6554124857276591
2018-12-23 02:00:00,0.2553493527319792
2018-12-30 02:00:00,2.7892378447814457
2019-01-06 02:00:00,2.30571576411638
2019-01-13 02:00:00,2.409161686824858
2019-01-20 02:00:00,2.2039323716868506
2019-01-27 02:00:00,0.7931669711460682
2019-02-03 02:00:00,1.6311780313365425
2019-02-10 02:00:00,1.177706110631304
2019-02-17 02:00:00,1.3370151124516105
2019-02-24 02:00:00,0.7549445093093264
2019-03-03 02:00:00,1.291187268102044
2019-03-10 02:00:00,1.7632602438064666
2019-03-17 02:00:00,0.8585201473668316
2019-03-24 02:00:00,2.3050226688754396
2019-04-07 02:00:00,1.3513208845153852
2019-04-14 02:00:00,0.9352728336682556
2019-04-21 02:00:00,0.9137642218990348
2019-04-28 02:00:00,1.2611591010838377
2019-05-05 02:00:00,0.7575960933473678
2019-05-12 02:00:00,1.07236151599697
2019-05-19 02:00:00,1.0005496620689391
2019-05-26 02:00:00,0.831927381008761
2019-06-09 02:00:00,1.1803963591690574
2019-06-16 02:00:00,0.83411055344001
2019-06-23 02:00:00,0.557157778046443
2019-06-30 02:00:00,1.0808241252527515
2019-07-07 02:00:00,1.1833414845526422
2019-07-14 02:00:00,0.38390394496697217
2019-07-21 02:00:00,1.460351317195321
2019-07-28 02:00:00,0.5290365841518101
2019-08-04 02:00:00,1.2679584569996332
2019-08-11 02:00:00,0.7965100842985025
2019-08-18 02:00:00,2.961706360944022
2019-08-25 02:00:00,1.2341781680587696
2019-09-01 02:00:00,0.5170145694714914
2019-09-08 02:00:00,0.8184124594906687
2019-09-15 02:00:00,1.409417887840869
2019-09-22 02:00:00,1.3092031441170031
2019-09-29 02:00:00,0.810146695290722
2019-10-06 02:00:00,1.9166228464586639
2019-10-20 02:00:00,1.262633239784421
2019-10-27 02:00:00,1.0769614521814386
2019-11-03 02:00:00,1.7001990845836796
2019-11-10 02:00:00,0.7479938629821299
2019-11-17 02:00:00,0.793686814959469
2019-11-24 02:00:00,1.1330996991013116
2019-12-01 02:00:00,1.023914711303524
2019-12-08 02:00:00,1.2694061124077682
2019-12-15 02:00:00,0.9317243467900874
2019-12-22 02:00:00,1.4641139616368355
2019-12-29 02:00:00,1.0666907447763183
2020-01-05 02:00:00,1.3289934261667173
2020-01-12 02:00:00,0.6435559245703669
2020-01-19 02:00:00,1.3266083777197533
2020-01-26 02:00:00,1.793651856678114
2020-02-02 02:00:00,1.9991873529320403
2020-02-09 02:00:00,1.0876544879898113
2020-02-16 02:00:00,0.7566488769129571
2020-02-23 02:00:00,1.397441560857737
2020-03-01 02:00:00,0.48672059967989695
2020-03-08 02:00:00,2.1330482689553225
2020-03-15 02:00:00,1.5414468326153983
2020-03-22 02:00:00,3.3232113284704043
2018-01-07 03:00:00,2.0490297808232327
2018-01-14 03:00:00,2.2519410609926984
2018-01-21 03:00:00,1.0733853749908366
2018-01-28 03:00:00,1.0243088359017842
2018-02-04 03:00:00,0.9748080847584829
2018-02-11 03:00:00,0.9987030745149671
2018-02-18 03:00:00,1.5816392219268736
2018-02-25 03:00:00,1.259269703703299
2018-03-04 03:00:00,1.4274248657156794
2018-03-11 03:00:00,0.5205350595713489
2018-03-18 03:00:00,1.4610147800152349
2018-03-25 03:00:00,1.258825699710584
2018-04-01 03:00:00,1.1433740953486788
2018-04-15 03:00:00,1.442133755649798
2018-04-22 03:00:00,1.6569564559610077
2018-05-06 03:00:00,1.005363450304929
2018-05-13 03:00:00,1.8549663520472486
2018-05-20 03:00:00,2.4253191843232598
2018-05-27 03:00:00,1.3858237391000796
2018-06-03 03:00:00,0.8381569740398193
2018-06-10 03:00:00,1.3796779317089458
2018-06-17 03:00:00,0.1783211116339935
2018-06-24 03:00:00,1.0140846382332465
2018-07-01 03:00:00,1.386949856716573
2018-07-08 03:00:00,1.1870405567472961
2018-07-15 03:00:00,1.1642340655893813
2018-07-22 03:00:00,2.0389253104613907
2018-07-29 03:00:00,0.8217244820138241
2018-08-05 03:00:00,0.5899551071370165
2018-08-12 03:00:00,0.6585687490123269
2018-08-19 03:00:00,1.4431961150832726
2018-08-26 03:00:00,0.5403410820840886
2018-09-02 03:00:00,2.297578180056459
2018-09-09 03:00:00,1.5426354660505446
2018-09-16 03:00:00,1.5916330007704804
2018-09-23 03:00:00,1.4707277780494605
2018-09-30 03:00:00,1.0287648565891057
2018-10-07 03:00:00,1.6523773037294098
2018-10-14 03:00:00,2.221547031618086
2018-10-21 03:00:00,2.384764840182647
2018-10-28 03:00:00,1.5519021456143682
2018-11-04 03:00:00,1.882817324644898
2018-11-11 03:00:00,3.514988555547389
2018-11-18 03:00:00,1.2001602571563827
2018-11-25 03:00:00,1.4245580566517124
2018-12-02 03:00:00,2.4300311147916873
2018-12-09 03:00:00,0.6141151047333674
2018-12-16 03:00:00,1.641023350074404
2018-12-23 03:00:00,1.036234162788153
2018-12-30 03:00:00,1.3536573320563443
2019-01-06 03:00:00,2.9438118173871013
2019-01-13 03:00:00,3.1117454734013794
2019-01-20 03:00:00,1.3352360108058616
2019-01-27 03:00:00,0.6937906213627764
2019-02-03 03:00:00,2.281519128228419
2019-02-10 03:00:00,2.5881218681567435
2019-02-17 03:00:00,2.2463579910430704
2019-02-24 03:00:00,1.9214000724530629
2019-03-03 03:00:00,1.181124574079627
2019-03-10 03:00:00,2.3470449294860796
2019-03-17 03:00:00,1.2747188182439781
2019-03-24 03:00:00,1.466662858548347
2019-03-31 03:00:00,0.5501195039430067
2019-04-07 03:00:00,0.8402651382594944
2019-04-14 03:00:00,1.1308686759831972
2019-04-21 03:00:00,0.7074412700484789
2019-04-28 03:00:00,1.1706608159369865
2019-05-05 03:00:00,2.4586241977431875
2019-05-12 03:00:00,0.8980928894355714
2019-05-19 03:00:00,1.589706468154584
2019-05-26 03:00:00,0.5068149270313195
2019-06-09 03:00:00,0.878145101833644
2019-06-16 03:00:00,1.5067757075507706
2019-06-23 03:00:00,0.8717220012446895
2019-06-30 03:00:00,0.7237039648316465
2019-07-07 03:00:00,1.8058158611511246
2019-07-14 03:00:00,1.8467626357721187
2019-07-21 03:00:00,0.9740012819909523
2019-07-28 03:00:00,2.247609493568946
2019-08-04 03:00:00,1.0119592840134108
2019-08-11 03:00:00,2.083844871497298
2019-08-18 03:00:00,1.1581651637042023
2019-08-25 03:00:00,1.422854502903608
2019-09-01 03:00:00,0.6346901783011691
2019-09-08 03:00:00,0.6004159196022836
2019-09-15 03:00:00,1.215222896455886
2019-09-22 03:00:00,1.0566773301804873
2019-09-29 03:00:00,1.648676111303764
2019-10-06 03:00:00,1.7421515320010763
2019-10-20 03:00:00,1.3226816702546256
2019-10-27 03:00:00,2.710350391794427
2019-11-03 03:00:00,1.2813732667668944
2019-11-10 03:00:00,1.4356213269772489
2019-11-17 03:00:00,1.2507605209143717
2019-11-24 03:00:00,1.5452752809129768
2019-12-01 03:00:00,1.3434006697067198
2019-12-08 03:00:00,2.271735970869243
2019-12-15 03:00:00,2.907217159644468
2019-12-22 03:00:00,1.9152238711565124
2019-12-29 03:00:00,0.8209347809309793
2020-01-05 03:00:00,2.54877939443992
2020-01-12 03:00:00,2.1296305044447963
2020-01-19 03:00:00,1.1924828998973904
2020-01-26 03:00:00,0.7884859686368247
2020-02-02 03:00:00,1.2376304178678288
2020-02-09 03:00:00,0.9014896210055963
2020-02-16 03:00:00,1.1855288282531087
2020-02-23 03:00:00,1.3199219862577773
2020-03-01 03:00:00,0.7090694186109575
2020-03-08 03:00:00,2.5163114860560025
2020-03-15 03:00:00,1.9609793910856335
2020-03-22 03:00:00,4.045726717314763
2020-03-29 03:00:00,3.771913585345563
2018-01-07 04:00:00,1.7308614867986707
2018-01-14 04:00:00,2.0355822801752876
2018-01-21 04:00:00,1.2538250751509759
2018-01-28 04:00:00,1.6130547220301745
2018-02-04 04:00:00,1.28056375799985
2018-02-11 04:00:00,1.4542512464106763
2018-02-18 04:00:00,0.9546741321133917
2018-02-25 04:00:00,1.1291237244197063
2018-03-04 04:00:00,0.6737107542349412
2018-03-11 04:00:00,1.8308825408171174
2018-03-18 04:00:00,1.1734495973290344
2018-03-25 04:00:00,0.8130696742526744
2018-04-01 04:00:00,1.323802906956182
2018-04-15 04:00:00,0.9536882908992321
2018-04-22 04:00:00,1.03566838711098
2018-05-06 04:00:00,0.39510396157844146
2018-05-13 04:00:00,1.4220425539879256
2018-05-20 04:00:00,1.3691325809787398
2018-05-27 04:00:00,1.169387983421782
2018-06-03 04:00:00,1.1830279310905238
2018-06-10 04:00:00,0.5656120496108844
2018-06-17 04:00:00,0.3994846892736229
2018-06-24 04:00:00,1.616447270966247
2018-07-01 04:00:00,1.1462502937708434
2018-07-08 04:00:00,1.8789885004382212
2018-07-15 04:00:00,2.40332955724395
2018-07-22 04:00:00,1.478450071031767
2018-07-29 04:00:00,1.0012695072667919
2018-08-05 04:00:00,2.2365880833510094
2018-08-12 04:00:00,2.5348575608274775
2018-08-19 04:00:00,2.308947160931612
2018-08-26 04:00:00,1.3650944018568867
2018-09-02 04:00:00,1.253100580585738
2018-09-09 04:00:00,1.075187677999742
2018-09-16 04:00:00,1.1301836988646765
2018-09-23 04:00:00,1.355714701544817
2018-09-30 04:00:00,1.1740967878147286
2018-10-07 04:00:00,1.0252776326187116
2018-10-14 04:00:00,0.696434504026574
2018-10-21 04:00:00,2.0386414536778874
2018-10-28 04:00:00,0.5645371319662602
2018-11-04 04:00:00,1.5263124143730566
2018-11-11 04:00:00,1.8869287957814485
2018-11-18 04:00:00,0.8786281269361158
2018-11-25 04:00:00,1.214296400533099
2018-12-02 04:00:00,1.6077521483686223
2018-12-09 04:00:00,0.8935288189097689
2018-12-16 04:00:00,0.6303118617545291
2018-12-23 04:00:00,0.5604819856634107
2018-12-30 04:00:00,1.7973954913032748
2019-01-06 04:00:00,1.3409626194898152
2019-01-13 04:00:00,0.788869547061796
2019-01-20 04:00:00,0.601513995274629
2019-01-27 04:00:00,1.8293757087215001
2019-02-03 04:00:00,1.8655150397811617
2019-02-10 04:00:00,1.360618275173319
2019-02-17 04:00:00,1.3089501241256043
2019-02-24 04:00:00,1.7979785906600776
2019-03-03 04:00:00,1.4253544384228656
2019-03-10 04:00:00,0.8386600285370719
2019-03-17 04:00:00,1.1363087711630318
2019-03-24 04:00:00,0.9742017601990945
2019-03-31 04:00:00,0.6532441867076528
2019-04-07 04:00:00,1.204781161004024
2019-04-14 04:00:00,2.3271828304255497
2019-04-21 04:00:00,1.7062038191396538
2019-04-28 04:00:00,0.601478954290801
2019-05-05 04:00:00,0.892313266609493
2019-05-12 04:00:00,0.9844856744580724
2019-05-19 04:00:00,0.625377100273611
2019-05-26 04:00:00,0.8643197410134752
2019-06-09 04:00:00,0.6435096766430582
2019-06-16 04:00:00,0.31740581468734885
2019-06-23 04:00:00,1.3631647193708563
2019-06-30 04:00:00,0.6383151893340805
2019-07-07 04:00:00,1.3002298509887196
2019-07-14 04:00:00,1.1582367759929033
2019-07-21 04:00:00,1.4866442269896638
2019-07-28 04:00:00,1.5156666838670185
2019-08-04 04:00:00,0.7653507005160234
2019-08-11 04:00:00,0.3723843165890217
2019-08-18 04:00:00,1.4510414681772208
2019-08-25 04:00:00,1.40044432653218
2019-09-01 04:00:00,1.4938682366883491
2019-09-08 04:00:00,0.7278571496081058
2019-09-15 04:00:00,0.3963769465243461
2019-09-22 04:00:00,1.2783438448793394
2019-09-29 04:00:00,0.8863920323721423
2019-10-06 04:00:00,1.389026378828362
2019-10-20 04:00:00,1.291164488630782
2019-10-27 04:00:00,2.7690898021031427
2019-11-03 04:00:00,0.8299544291918758
2019-11-10 04:00:00,1.4207005467104785
2019-11-17 04:00:00,1.22354480970242
2019-11-24 04:00:00,1.1231426769114532
2019-12-01 04:00:00,1.1267286405293624
2019-12-08 04:00:00,1.6936152315294541
2019-12-15 04:00:00,0.7313290191709326
2019-12-22 04:00:00,0.9364437089943732
2019-12-29 04:00:00,1.107881337825096
2020-01-05 04:00:00,1.3990935988359186
2020-01-12 04:00:00,0.8653938591101825
2020-01-19 04:00:00,1.2679314998063833
2020-01-26 04:00:00,1.263536582578647
2020-02-02 04:00:00,1.2805508406861479
2020-02-09 04:00:00,1.1901794418726113
2020-02-16 04:00:00,1.0623111689364901
2020-02-23 04:00:00,2.0164305391939017
2020-03-01 04:00:00,1.1998285395426747
2020-03-08 04:00:00,0.9681728685798677
2020-03-15 04:00:00,1.7798916305038823
2020-03-22 04:00:00,3.494648319530606
2020-03-29 04:00:00,0.6164947371263407
2018-01-07 05:00:00,1.4917480624954895
2018-01-14 05:00:00,1.7237851170528828
2018-01-21 05:00:00,0.9940757268551674
2018-01-28 05:00:00,0.9783658815582508
2018-02-04 05:00:00,0.7878154577229842
2018-02-11 05:00:00,1.5914444168819732
2018-02-18 05:00:00,2.351981535351739
2018-02-25 05:00:00,0.9087394345726266
2018-03-04 05:00:00,1.016071144730316
2018-03-11 05:00:00,0.9995457499460118
2018-03-18 05:00:00,0.557854869077406
2018-03-25 05:00:00,1.0304989703897136
2018-04-01 05:00:00,1.3068784095454085
2018-04-15 05:00:00,0.593410030135319
2018-04-22 05:00:00,0.9747896683256702
2018-05-06 05:00:00,0.7105616738796604
2018-05-13 05:00:00,1.7740544251077937
2018-05-20 05:00:00,2.5657298449652823
2018-05-27 05:00:00,1.4017292169357871
2018-06-03 05:00:00,0.8309083939262465
2018-06-10 05:00:00,0.7573022906769173
2018-06-17 05:00:00,0.6532870522724086
2018-06-24 05:00:00,1.1604050959850611
2018-07-01 05:00:00,1.7465084192737148
2018-07-08 05:00:00,0.7194126018091535
2018-07-15 05:00:00,0.6880173697968566
2018-07-22 05:00:00,1.0958206453345318
2018-07-29 05:00:00,0.7018192604836963
2018-08-05 05:00:00,1.00918103547377
2018-08-12 05:00:00,1.4369425855963507
2018-08-19 05:00:00,2.373459948959154
2018-08-26 05:00:00,1.2875964567943268
2018-09-02 05:00:00,0.6221149149301853
2018-09-09 05:00:00,0.6490387155639321
2018-09-16 05:00:00,0.927284264577357
2018-09-23 05:00:00,1.4232865811804492
2018-09-30 05:00:00,0.5755400350723537
2018-10-07 05:00:00,1.161787695737946
2018-10-14 05:00:00,2.4748827535342306
2018-10-21 05:00:00,1.3354508181509621
2018-10-28 05:00:00,1.0585622568534083
2018-11-04 05:00:00,0.7765336770704065
2018-11-11 05:00:00,1.3928722904973034
2018-11-18 05:00:00,1.570370028356853
2018-11-25 05:00:00,0.5688239751769302
2018-12-02 05:00:00,0.9687111327245371
2018-12-09 05:00:00,0.6563097050653119
2018-12-16 05:00:00,0.8303493983412024
2018-12-23 05:00:00,0.49839152621749383
2018-12-30 05:00:00,0.8775768977316447
2019-01-06 05:00:00,1.2783036873853162
2019-01-13 05:00:00,1.3981913142148195
2019-01-20 05:00:00,0.8524098298466238
2019-01-27 05:00:00,0.6946390313986073
2019-02-03 05:00:00,0.6677254504770613
2019-02-10 05:00:00,1.0660999281092485
2019-02-17 05:00:00,1.2309130492697795
2019-02-24 05:00:00,1.0914963656610486
2019-03-03 05:00:00,1.408137644290803
2019-03-10 05:00:00,0.6643927264300896
2019-03-17 05:00:00,0.9860058865182091
2019-03-24 05:00:00,0.41173463557521717
2019-03-31 05:00:00,0.5822685552837318
2019-04-07 05:00:00,0.705378689007957
2019-04-14 05:00:00,1.2906239865297706
2019-04-21 05:00:00,0.32434241920367174
2019-04-28 05:00:00,0.6239723776419799
2019-05-05 05:00:00,0.9376511776984406
2019-05-12 05:00:00,2.0593641789398007
2019-05-19 05:00:00,0.5387016309731765
2019-05-26 05:00:00,1.2056212327421296
2019-06-09 05:00:00,0.43162806132416615
2019-06-16 05:00:00,0.5400213137859541
2019-06-23 05:00:00,0.6432040661048093
2019-06-30 05:00:00,0.8281874206615268
2019-07-07 05:00:00,0.5880221905756071
2019-07-14 05:00:00,0.9264703091003382
2019-07-21 05:00:00,0.6463878773971193
2019-07-28 05:00:00,0.82102036269546
2019-08-04 05:00:00,1.4214880290184086
2019-08-11 05:00:00,2.139086248995649
2019-08-18 05:00:00,0.9989256027745783
2019-08-25 05:00:00,2.916208188593524
2019-09-01 05:00:00,1.3091552666634596
2019-09-08 05:00:00,0.8856589236842202
2019-09-15 05:00:00,1.4876830749823882
2019-09-22 05:00:00,1.340707002747624
2019-09-29 05:00:00,0.7208738905262871
2019-10-06 05:00:00,0.8806016639238462
2019-10-20 05:00:00,1.3207849874450128
2019-10-27 05:00:00,0.961404433851639
2019-11-03 05:00:00,0.7769140790707999
2019-11-10 05:00:00,1.1956876245622174
2019-11-17 05:00:00,1.0678100271897315
2019-11-24 05:00:00,2.4045185746582627
2019-12-01 05:00:00,1.2518430733064376
2019-12-08 05:00:00,1.6919962056248647
2019-12-15 05:00:00,0.6550691802157229
2019-12-22 05:00:00,1.0861985031339096
2019-12-29 05:00:00,1.0542903829602954
2020-01-05 05:00:00,1.8117527165952358
2020-01-12 05:00:00,1.967416707084975
2020-01-19 05:00:00,0.9031607129034572
2020-01-26 05:00:00,0.7296947690919958
2020-02-02 05:00:00,0.8255911569572076
2020-02-09 05:00:00,0.9460733174904188
2020-02-16 05:00:00,0.43503725632570395
2020-02-23 05:00:00,1.3612896918076858
2020-03-01 05:00:00,0.6219062839499859
2020-03-08 05:00:00,2.271031655788808
2020-03-22 05:00:00,4.39362778097524
2020-03-29 05:00:00,1.138670136770492
2018-01-07 06:00:00,1.1738155895971323
2018-01-14 06:00:00,0.3736793993664205
2018-01-21 06:00:00,0.7989096221057618
2018-01-28 06:00:00,0.464119747169286
2018-02-04 06:00:00,0.7879969371619736
2018-02-11 06:00:00,0.8597980506355228
2018-02-18 06:00:00,1.4772970664840381
2018-02-25 06:00:00,0.29894579577567765
2018-03-04 06:00:00,0.4181270129496494
2018-03-11 06:00:00,0.5917346428581415
2018-03-18 06:00:00,0.8694614251140153
2018-03-25 06:00:00,0.9279471308154238
2018-04-01 06:00:00,0.8285667777900884
2018-04-15 06:00:00,0.7578571005617971
2018-04-22 06:00:00,0.6644265967630789
2018-05-06 06:00:00,1.5846623373419064
2018-05-13 06:00:00,1.1777725126225114
2018-05-20 06:00:00,0.6615871441209787
2018-05-27 06:00:00,0.7595272409202896
2018-06-03 06:00:00,0.5139829318185496
2018-06-10 06:00:00,0.6432587466460109
2018-06-17 06:00:00,0.6068280915886992
2018-06-24 06:00:00,1.013382320276083
2018-07-01 06:00:00,0.673899339478539
2018-07-08 06:00:00,0.47946673016181024
2018-07-15 06:00:00,0.6188361075814183
2018-07-22 06:00:00,1.385417559204778
2018-07-29 06:00:00,0.6363051849615845
2018-08-05 06:00:00,1.4504842249763998
2018-08-12 06:00:00,0.798749482462774
2018-08-19 06:00:00,0.7875590445350135
2018-08-26 06:00:00,0.4187208636958286
2018-09-02 06:00:00,0.5589069725699729
2018-09-09 06:00:00,1.1697039046309683
2018-09-16 06:00:00,0.7351417239190555
2018-09-23 06:00:00,1.2593049658417028
2018-09-30 06:00:00,0.5355521689945256
2018-10-07 06:00:00,0.6114632415964967
2018-10-14 06:00:00,0.6269207004106735
2018-10-21 06:00:00,1.4591533606500526
2018-10-28 06:00:00,1.1690320687890596
2018-11-04 06:00:00,0.7727306083705427
2018-11-11 06:00:00,0.7863720607501575
2018-11-18 06:00:00,0.5288648736879145
2018-11-25 06:00:00,0.4979969118328963
2018-12-02 06:00:00,0.9157738056430931
2018-12-09 06:00:00,1.0891051176891438
2018-12-16 06:00:00,1.4346920591069914
2018-12-23 06:00:00,0.6139665053452381
2018-12-30 06:00:00,0.4482825805379477
2019-01-06 06:00:00,1.290850609177144
2019-01-13 06:00:00,0.9806556362207649
2019-01-20 06:00:00,0.6615470465567704
2019-01-27 06:00:00,0.5987256877852889
2019-02-03 06:00:00,0.4055776599754636
2019-02-10 06:00:00,0.5862641622470965
2019-02-17 06:00:00,0.8455392212266636
2019-02-24 06:00:00,0.6032281512534169
2019-03-03 06:00:00,0.6234578635210568
2019-03-10 06:00:00,0.9816432216523407
2019-03-17 06:00:00,0.5507825345798818
2019-03-24 06:00:00,0.7207668674637331
2019-03-31 06:00:00,0.6288014971247785
2019-04-07 06:00:00,0.7130113811616976
2019-04-14 06:00:00,0.6876059677899261
2019-04-21 06:00:00,0.9544881697252414
2019-04-28 06:00:00,0.29424792487469503
2019-05-05 06:00:00,0.7999282791413725
2019-05-12 06:00:00,0.6071475999633245
2019-05-19 06:00:00,0.3835751572446788
2019-05-26 06:00:00,0.709847094819993
2019-06-09 06:00:00,0.6319040836377116
2019-06-16 06:00:00,0.5563708781319692
2019-06-23 06:00:00,0.9677249689279834
2019-06-30 06:00:00,0.7552267580294141
2019-07-07 06:00:00,0.8971181248242106
2019-07-14 06:00:00,0.5207286994495642
2019-07-21 06:00:00,1.4576892416468323
2019-07-28 06:00:00,1.1117776304799398
2019-08-04 06:00:00,0.74373216871997
2019-08-11 06:00:00,1.1002941800872141
2019-08-18 06:00:00,1.011859601347118
2019-08-25 06:00:00,1.411733752244155
2019-09-01 06:00:00,1.1279244152773176
2019-09-08 06:00:00,1.140104631740092
2019-09-15 06:00:00,1.4525485215662703
2019-09-22 06:00:00,0.9903942448627451
2019-09-29 06:00:00,0.5594943897302175
2019-10-06 06:00:00,0.8029339129454003
2019-10-20 06:00:00,1.004433151417444
2019-10-27 06:00:00,0.3676109985145133
2019-11-03 06:00:00,1.0096076915890158
2019-11-10 06:00:00,0.7397101399102353
2019-11-17 06:00:00,0.8864832169588505
2019-11-24 06:00:00,0.7096399372406699
2019-12-01 06:00:00,0.9950700087651966
2019-12-08 06:00:00,0.2286223839678203
2019-12-15 06:00:00,1.2613238958034183
2019-12-22 06:00:00,1.0429047665043318
2019-12-29 06:00:00,0.6569979997679626
2020-01-05 06:00:00,1.038954768679216
2020-01-12 06:00:00,0.815763907054957
2020-01-19 06:00:00,1.3420443170448264
2020-01-26 06:00:00,0.9297120208910137
2020-02-02 06:00:00,0.40415165696695254
2020-02-09 06:00:00,0.9869558132251429
2020-02-16 06:00:00,1.4308847790376624
2020-02-23 06:00:00,0.6967691173415491
2020-03-01 06:00:00,1.20011139268814
2020-03-08 06:00:00,1.0465489505983498
2020-03-15 06:00:00,1.3552423783841503
2020-03-22 06:00:00,1.5660524186985636
2020-03-29 06:00:00,0.6109844035439483
2018-01-07 07:00:00,0.28699483267566056
2018-01-14 07:00:00,0.3876354803064402
2018-01-21 07:00:00,0.26705941413361145
2018-01-28 07:00:00,0.8839888574147879
2018-02-04 07:00:00,0.7071099924413691
2018-02-11 07:00:00,0.4339119913367962
2018-02-18 07:00:00,0.8374017309523017
2018-02-25 07:00:00,0.3870645631270072
2018-03-04 07:00:00,0.5652566778882503
2018-03-11 07:00:00,0.9859091672427078
2018-03-18 07:00:00,0.6310732404319842
2018-03-25 07:00:00,0.41172122201427275
2018-04-01 07:00:00,0.6327142675926821
2018-04-15 07:00:00,0.6965146314004977
2018-04-22 07:00:00,1.0672033031039445
2018-05-06 07:00:00,0.43823332862683056
2018-05-13 07:00:00,0.42715790912503265
2018-05-20 07:00:00,0.4368990354945982
2018-05-27 07:00:00,0.164819171772224
2018-06-03 07:00:00,0.25476699103063544
2018-06-10 07:00:00,0.48832519542289393
2018-06-17 07:00:00,0.9691996502506749
2018-06-24 07:00:00,0.3196508735691208
2018-07-01 07:00:00,0.31263177297926614
2018-07-08 07:00:00,0.3757780504697833
2018-07-15 07:00:00,0.6176342549411589
2018-07-22 07:00:00,0.6305544897955945
2018-07-29 07:00:00,0.49672669989720397
2018-08-05 07:00:00,0.4600025226513654
2018-08-12 07:00:00,0.3765245818083788
2018-08-19 07:00:00,0.4163055666832966
2018-08-26 07:00:00,0.5233340119542929
2018-09-02 07:00:00,0.7831680065372075
2018-09-09 07:00:00,0.36678774979339296
2018-09-16 07:00:00,0.47988539438937056
2018-09-23 07:00:00,0.35118739560894985
2018-09-30 07:00:00,0.48529286768214375
2018-10-07 07:00:00,0.34551818865564166
2018-10-14 07:00:00,0.932450201431221
2018-10-21 07:00:00,0.10866926401746041
2018-10-28 07:00:00,0.2942861881938152
2018-11-04 07:00:00,0.33285684640578106
2018-11-11 07:00:00,0.5691359253692679
2018-11-18 07:00:00,0.7141126875342158
2018-11-25 07:00:00,0.4171565164465417
2018-12-02 07:00:00,1.1616192802885588
2018-12-09 07:00:00,0.3907534695393831
2018-12-16 07:00:00,0.44579199614565157
2018-12-23 07:00:00,0.4295093016517392
2018-12-30 07:00:00,0.24670692187377324
2019-01-06 07:00:00,0.34162100016562663
2019-01-13 07:00:00,0.40406288962068054
2019-01-20 07:00:00,0.2969221420449121
2019-01-27 07:00:00,1.1857371729493875
2019-02-03 07:00:00,0.6365791484255825
2019-02-10 07:00:00,1.2151680281598762
2019-02-17 07:00:00,0.5068159277479952
2019-02-24 07:00:00,0.397927312906359
2019-03-03 07:00:00,0.8783020866361452
2019-03-10 07:00:00,0.4891374988324843
2019-03-17 07:00:00,0.44277292853420347
2019-03-24 07:00:00,1.1969861687870853
2019-03-31 07:00:00,1.029529726478558
2019-04-07 07:00:00,0.6994258771960595
2019-04-14 07:00:00,0.4353568741086342
2019-04-21 07:00:00,0.4973960466584145
2019-04-28 07:00:00,1.3067751723894065
2019-05-05 07:00:00,0.4782132894782878
2019-05-12 07:00:00,0.4209348910416937
2019-05-19 07:00:00,0.20961566861788028
2019-05-26 07:00:00,0.3491586320876215
2019-06-09 07:00:00,0.5332951287319656
2019-06-16 07:00:00,0.26024136124061026
2019-06-23 07:00:00,0.2375586579741474
2019-06-30 07:00:00,0.27846633166109414
2019-07-07 07:00:00,0.1969828780105904
2019-07-14 07:00:00,0.23384393756058197
2019-07-21 07:00:00,0.6950616673190938
2019-07-28 07:00:00,1.3804654514414383
2019-08-04 07:00:00,0.7685072514513858
2019-08-11 07:00:00,0.18376563152202155
2019-08-18 07:00:00,0.6116996109663179
2019-08-25 07:00:00,1.9504057360938807
2019-09-01 07:00:00,0.44286279466002615
2019-09-08 07:00:00,1.1102863782378432
2019-09-15 07:00:00,1.0428428782370622
2019-09-22 07:00:00,0.4062052874084201
2019-09-29 07:00:00,0.4209501063899025
2019-10-06 07:00:00,1.399669073220474
2019-10-20 07:00:00,0.8119855161561699
2019-10-27 07:00:00,0.3838103981128128
2019-11-03 07:00:00,0.2916841958412319
2019-11-10 07:00:00,0.4849931718114097
2019-11-17 07:00:00,0.8685036520851914
2019-11-24 07:00:00,0.5777657558229758
2019-12-01 07:00:00,0.9251234902701504
2019-12-08 07:00:00,0.23431181818135488
2019-12-15 07:00:00,0.45235831020308404
2019-12-22 07:00:00,1.4898535132843502
2019-12-29 07:00:00,0.735328246362203
2020-01-05 07:00:00,0.7583788421841177
2020-01-12 07:00:00,1.1500816772417999
2020-01-19 07:00:00,1.0429606602636643
2020-01-26 07:00:00,0.4092521618042244
2020-02-02 07:00:00,0.6247908015495258
2020-02-09 07:00:00,0.35797543791909947
2020-02-16 07:00:00,0.657741040795208
2020-02-23 07:00:00,0.7040880802908137
2020-03-01 07:00:00,0.9642641023712534
2020-03-08 07:00:00,1.0150566157172682
2020-03-15 07:00:00,1.2549126121429546
2020-03-22 07:00:00,1.026700510877776
2020-03-29 07:00:00,1.0630970415450218
2018-01-07 08:00:00,0.6041753318367912
2018-01-14 08:00:00,0.7116868467686428
2018-01-21 08:00:00,0.6010936929987172
2018-01-28 08:00:00,0.5357344502536172
2018-02-04 08:00:00,0.3217996049016479
2018-02-11 08:00:00,0.3591561271242846
2018-02-18 08:00:00,0.42645302913224586
2018-02-25 08:00:00,0.4371141589642357
2018-03-04 08:00:00,0.8129338138459506
2018-03-11 08:00:00,0.8067686170301964
2018-03-18 08:00:00,0.6134858152169547
2018-03-25 08:00:00,0.5028433314666784
2018-04-01 08:00:00,0.9263455574967092
2018-04-15 08:00:00,0.6618652141749842
2018-04-22 08:00:00,0.5330479813666901
2018-05-06 08:00:00,0.7529080235109274
2018-05-13 08:00:00,1.116396304761983
2018-05-20 08:00:00,0.905711615449421
2018-05-27 08:00:00,0.5181880466301326
2018-06-03 08:00:00,0.43724535347623583
2018-06-10 08:00:00,0.9135256406800579
2018-06-17 08:00:00,0.7260817217594008
2018-06-24 08:00:00,0.2693844332061981
2018-07-01 08:00:00,1.1752971062422979
2018-07-08 08:00:00,0.4443621161674893
2018-07-15 08:00:00,0.7484004980902875
2018-07-22 08:00:00,0.16737558935757485
2018-07-29 08:00:00,1.376457716589905
2018-08-05 08:00:00,1.5009428771502955
2018-08-12 08:00:00,1.4090119707641817
2018-08-19 08:00:00,0.7420358313455319
2018-08-26 08:00:00,0.8322873521911528
2018-09-02 08:00:00,0.8891303710977835
2018-09-09 08:00:00,0.948163726371843
2018-09-16 08:00:00,0.4379538062539152
2018-09-23 08:00:00,0.7118002886239212
2018-09-30 08:00:00,0.3457755459819109
2018-10-07 08:00:00,0.4715622971322742
2018-10-14 08:00:00,0.5054575788847809
2018-10-21 08:00:00,0.835239516064995
2018-10-28 08:00:00,1.5781999679558973
2018-11-04 08:00:00,0.5830474906632658
2018-11-11 08:00:00,0.6392936335291393
2018-11-18 08:00:00,0.6426204329767652
2018-11-25 08:00:00,0.6925695607766367
2018-12-02 08:00:00,1.818255057115874
2018-12-09 08:00:00,0.8794950540315555
2018-12-16 08:00:00,1.9019698664695894
2018-12-23 08:00:00,0.2573269707534405
2018-12-30 08:00:00,1.1820391812345812
2019-01-06 08:00:00,0.38921325210737595
2019-01-13 08:00:00,0.36975856163560966
2019-01-20 08:00:00,0.8027063688244603
2019-01-27 08:00:00,1.0352930189511813
2019-02-03 08:00:00,0.6034914070358037
2019-02-10 08:00:00,1.1025059194046816
2019-02-17 08:00:00,0.885445289181803
2019-02-24 08:00:00,1.3522995383092287
2019-03-03 08:00:00,1.3214067837184653
2019-03-10 08:00:00,1.450352137072698
2019-03-17 08:00:00,0.771079019167226
2019-03-24 08:00:00,0.30524968783791706
2019-03-31 08:00:00,0.5684675422599779
2019-04-07 08:00:00,0.7750577973161802
2019-04-14 08:00:00,0.3542310100800105
2019-04-21 08:00:00,1.095341386108057
2019-04-28 08:00:00,0.8058273942216758
2019-05-05 08:00:00,1.1814124323910404
2019-05-12 08:00:00,1.9445273884253313
2019-05-19 08:00:00,0.7339118501222359
2019-05-26 08:00:00,0.3906221322122354
2019-06-09 08:00:00,0.7831063431618044
2019-06-16 08:00:00,2.0423060007051377
2019-06-23 08:00:00,0.7132879052427687
2019-06-30 08:00:00,1.0163804093835729
2019-07-07 08:00:00,1.0012166932611055
2019-07-14 08:00:00,1.4332606737545348
2019-07-21 08:00:00,0.31802768011393723
2019-07-28 08:00:00,0.410638371120936
2019-08-04 08:00:00,0.9747181286106588
2019-08-11 08:00:00,0.7195768658368243
2019-08-18 08:00:00,0.9672951648587456
2019-08-25 08:00:00,1.018407745465498
2019-09-01 08:00:00,1.7475528791195314
2019-09-08 08:00:00,0.8560982728997596
2019-09-15 08:00:00,1.1358753827996102
2019-09-22 08:00:00,0.7686876984846585
2019-09-29 08:00:00,0.629685897020973
2019-10-06 08:00:00,0.8760978633032851
2019-10-20 08:00:00,0.30813497684462704
2019-10-27 08:00:00,0.8830536048871543
2019-11-03 08:00:00,1.045862097271177
2019-11-10 08:00:00,0.7085773331064823
2019-11-17 08:00:00,0.7673727859038222
2019-11-24 08:00:00,0.4544515851600843
2019-12-01 08:00:00,1.0579663965046404
2019-12-08 08:00:00,0.8109728623298442
2019-12-15 08:00:00,1.0657119368901165
2019-12-22 08:00:00,0.7953360427540106
2019-12-29 08:00:00,1.1196076358067235
2020-01-05 08:00:00,0.6405788334050955
2020-01-12 08:00:00,1.67110782057399
2020-01-19 08:00:00,0.2131512083278662
2020-01-26 08:00:00,1.3476492598633363
2020-02-02 08:00:00,0.6677487170828301
2020-02-09 08:00:00,1.1309411588746767
2020-02-16 08:00:00,0.37997766002435684
2020-02-23 08:00:00,0.6988743577481167
2020-03-01 08:00:00,1.6826056414092376
2020-03-08 08:00:00,0.9309555473688965
2020-03-15 08:00:00,0.9030972205734873
2020-03-22 08:00:00,0.7464420777529076
2020-03-29 08:00:00,1.6494131344126788
2018-01-07 09:00:00,0.45477890605704385
2018-01-14 09:00:00,0.6832744327221416
2018-01-21 09:00:00,0.502769196027723
2018-01-28 09:00:00,0.35381034069576134
2018-02-04 09:00:00,0.5557728864602702
2018-02-11 09:00:00,0.6843378319313902
2018-02-18 09:00:00,0.5556486751581071
2018-02-25 09:00:00,0.5654709097383683
2018-03-04 09:00:00,0.6556913597287368
2018-03-11 09:00:00,0.4407707356621301
2018-03-18 09:00:00,0.9734166133606581
2018-03-25 09:00:00,0.3769844990717577
2018-04-01 09:00:00,1.3600333642876572
2018-04-15 09:00:00,0.6327203125110242
2018-04-22 09:00:00,0.7325145120502172
2018-05-06 09:00:00,0.28147225765941364
2018-05-13 09:00:00,0.2192495013577014
2018-05-20 09:00:00,0.7051256595786766
2018-05-27 09:00:00,0.5658156569022146
2018-06-03 09:00:00,0.6093419448800371
2018-06-10 09:00:00,1.072591589862073
2018-06-17 09:00:00,0.5150748257700226
2018-06-24 09:00:00,0.5240054771652735
2018-07-01 09:00:00,0.6706370922373228
2018-07-08 09:00:00,0.6290263936472937
2018-07-15 09:00:00,1.0284065890269019
2018-07-22 09:00:00,1.5059261977933478
2018-07-29 09:00:00,0.6304824268865749
2018-08-05 09:00:00,1.133581314316835
2018-08-12 09:00:00,1.0502641305854694
2018-08-19 09:00:00,0.582698789144227
2018-08-26 09:00:00,1.2551601379275539
2018-09-02 09:00:00,0.9987503629319258
2018-09-09 09:00:00,0.369611615395313
2018-09-16 09:00:00,0.4738293886793393
2018-09-23 09:00:00,0.5141856686847784
2018-09-30 09:00:00,0.6020549955442779
2018-10-07 09:00:00,0.6081361259217646
2018-10-14 09:00:00,0.32724218657797166
2018-10-21 09:00:00,0.6598135524845352
2018-10-28 09:00:00,0.5178545962737772
2018-11-04 09:00:00,0.7231817775505217
2018-11-11 09:00:00,0.5570043917070852
2018-11-18 09:00:00,0.36380644123500294
2018-11-25 09:00:00,0.7686255584566418
2018-12-02 09:00:00,0.36785241899465143
2018-12-09 09:00:00,0.4568977074308307
2018-12-16 09:00:00,0.5498818802945842
2018-12-23 09:00:00,0.5870380902485482
2018-12-30 09:00:00,1.5431657123267757
2019-01-06 09:00:00,0.4620514778435232
2019-01-13 09:00:00,0.3042714654393309
2019-01-20 09:00:00,0.8593082231648813
2019-01-27 09:00:00,0.3557333576256238
2019-02-03 09:00:00,0.24862982482064983
2019-02-10 09:00:00,0.5289941700514792
2019-02-17 09:00:00,1.2115540237204565
2019-02-24 09:00:00,0.43071966793707334
2019-03-03 09:00:00,0.7398048726349038
2019-03-10 09:00:00,0.4037659454748276
2019-03-17 09:00:00,0.8673317143747578
2019-03-24 09:00:00,0.4962673034690083
2019-03-31 09:00:00,0.29648147149599613
2019-04-07 09:00:00,0.19037881659037673
2019-04-14 09:00:00,1.3765541165771624
2019-04-21 09:00:00,1.2155489101190153
2019-04-28 09:00:00,0.13474554247348164
2019-05-05 09:00:00,0.9905056621885594
2019-05-12 09:00:00,0.42580473269290237
2019-05-19 09:00:00,0.3229090304746531
2019-05-26 09:00:00,1.0050353390930515
2019-06-09 09:00:00,0.8960629293528675
2019-06-16 09:00:00,0.31821968173982923
2019-06-23 09:00:00,0.4700356109066056
2019-06-30 09:00:00,0.8826062108497202
2019-07-07 09:00:00,0.5058189056477562
2019-07-14 09:00:00,0.39037408425073056
2019-07-21 09:00:00,0.6161762119124514
2019-07-28 09:00:00,0.6161761001436191
2019-08-04 09:00:00,0.4350988505296419
2019-08-11 09:00:00,1.1235335477238964
2019-08-18 09:00:00,0.360029405595927
2019-08-25 09:00:00,0.8415901976274186
2019-09-01 09:00:00,0.451580804733828
2019-09-08 09:00:00,1.212685493985218
2019-09-15 09:00:00,0.4618139225490662
2019-09-22 09:00:00,0.9551907773459907
2019-09-29 09:00:00,0.33003144834331755
2019-10-06 09:00:00,0.7706901230537965
2019-10-20 09:00:00,1.12849346855171
2019-10-27 09:00:00,0.5543084559378448
2019-11-03 09:00:00,0.5127956100431132
2019-11-10 09:00:00,1.032483678852791
2019-11-17 09:00:00,1.0102392837585075
2019-11-24 09:00:00,0.5231959850813195
2019-12-01 09:00:00,0.6857623570030215
2019-12-08 09:00:00,1.2435576011623477
2019-12-15 09:00:00,0.5227005358987482
2019-12-22 09:00:00,0.6018504110016113
2019-12-29 09:00:00,0.7283132914827684
2020-01-05 09:00:00,0.7725671863615536
2020-01-12 09:00:00,0.5754041164394446
2020-01-19 09:00:00,0.5138741576980281
2020-01-26 09:00:00,0.4285257804193374
2020-02-02 09:00:00,0.9734973325810012
2020-02-09 09:00:00,0.7154824587043409
2020-02-16 09:00:00,0.8491144403574226
2020-02-23 09:00:00,1.3010009931741808
2020-03-01 09:00:00,0.5386709279231506
2020-03-08 09:00:00,0.22876260230167567
2020-03-15 09:00:00,0.40287765256815977
2020-03-22 09:00:00,0.5045178971639243
2020-03-29 09:00:00,1.3065882282035142
2018-01-07 10:00:00,0.7462633058825162
2018-01-14 10:00:00,0.2657279303959089
2018-01-21 10:00:00,0.37738274417207174
2018-01-28 10:00:00,0.14545328782971037
2018-02-04 10:00:00,0.3412938327271307
2018-02-11 10:00:00,0.1897216372451622
2018-02-18 10:00:00,0.20035074352677093
2018-02-25 10:00:00,0.4517171064636211
2018-03-04 10:00:00,0.42202894523439094
2018-03-11 10:00:00,0.5442246865963749
2018-03-18 10:00:00,0.3560711274820324
2018-03-25 10:00:00,0.16302180263766652
2018-04-01 10:00:00,0.14907032692594763
2018-04-15 10:00:00,0.3981919532286238
2018-04-22 10:00:00,0.2989718165477572
2018-05-06 10:00:00,0.4426030880185871
2018-05-13 10:00:00,0.6657817917805507
2018-05-20 10:00:00,0.6434263569335964
2018-05-27 10:00:00,0.3775234991974963
2018-06-03 10:00:00,0.2588259018346694
2018-06-10 10:00:00,0.1821014779086393
2018-06-17 10:00:00,0.2210435750968511
2018-06-24 10:00:00,0.23125430487295714
2018-07-01 10:00:00,0.39203031290023
2018-07-08 10:00:00,0.14885651873726033
2018-07-15 10:00:00,0.45970840516089523
2018-07-22 10:00:00,0.39737147917868765
2018-07-29 10:00:00,0.2789945159956892
2018-08-05 10:00:00,0.46238162848209785
2018-08-12 10:00:00,0.5694388127213635
2018-08-19 10:00:00,0.5911831267253028
2018-08-26 10:00:00,0.3402072868342503
2018-09-02 10:00:00,1.1266858775177955
2018-09-09 10:00:00,0.62902545536506
2018-09-16 10:00:00,0.5470887574587805
2018-09-23 10:00:00,0.4490832683196042
2018-09-30 10:00:00,0.3395888035502667
2018-10-07 10:00:00,0.2383495983726497
2018-10-14 10:00:00,0.28713230290059577
2018-10-21 10:00:00,0.23829690348295335
2018-10-28 10:00:00,0.6980817309641028
2018-11-04 10:00:00,0.41848005100283847
2018-11-11 10:00:00,0.27903678361396206
2018-11-18 10:00:00,0.7293266676017403
2018-11-25 10:00:00,0.48660153141618767
2018-12-02 10:00:00,0.29557962539613736
2018-12-09 10:00:00,0.4518151006319488
2018-12-16 10:00:00,0.7173458969864159
2018-12-23 10:00:00,0.11642578451242513
2018-12-30 10:00:00,0.3658777920129405
2019-01-06 10:00:00,0.444317360916149
2019-01-13 10:00:00,0.4172129697947933
2019-01-20 10:00:00,0.40194129927382566
2019-01-27 10:00:00,0.7748991567255794
2019-02-03 10:00:00,0.841630669732163
2019-02-10 10:00:00,0.41364358916278887
2019-02-17 10:00:00,0.13926102678711488
2019-02-24 10:00:00,0.25539686760042385
2019-03-03 10:00:00,0.4968879185764651
2019-03-10 10:00:00,0.45470566127020684
2019-03-17 10:00:00,0.7351491492368752
2019-03-24 10:00:00,0.09757361092418158
2019-03-31 10:00:00,1.1225994733621387
2019-04-07 10:00:00,0.5375415150762203
2019-04-14 10:00:00,0.4400752611598426
2019-04-21 10:00:00,0.3357345728823025
2019-04-28 10:00:00,0.5822629521963253
2019-05-05 10:00:00,0.5618960185110244
2019-05-12 10:00:00,0.498729057789507
2019-05-19 10:00:00,0.398323302033365
2019-05-26 10:00:00,0.3596321839940488
2019-06-09 10:00:00,0.48315531340543655
2019-06-16 10:00:00,0.23173124940604128
2019-06-23 10:00:00,0.7757294642783394
2019-06-30 10:00:00,0.2634659256248161
2019-07-07 10:00:00,0.8091693157570556
2019-07-14 10:00:00,0.5100820627980648
2019-07-21 10:00:00,0.1751976963588737
2019-07-28 10:00:00,0.373261376608833
2019-08-04 10:00:00,0.4105785100882117
2019-08-11 10:00:00,0.509720722759233
2019-08-18 10:00:00,0.6502491744407867
2019-08-25 10:00:00,0.19054114005326986
2019-09-01 10:00:00,0.1852168851170887
2019-09-08 10:00:00,0.16833900514980968
2019-09-15 10:00:00,0.2221916929969761
2019-09-22 10:00:00,0.33748902752526233
2019-09-29 10:00:00,0.716804850388899
2019-10-06 10:00:00,0.34079899193873936
2019-10-20 10:00:00,1.0899491693195584
2019-10-27 10:00:00,0.5724429342865118
2019-11-03 10:00:00,0.6310174026386033
2019-11-10 10:00:00,0.4652471938203325
2019-11-17 10:00:00,0.7678172259501715
2019-11-24 10:00:00,0.6639403638883019
2019-12-01 10:00:00,0.7681408966266229
2019-12-08 10:00:00,0.2559793130158528
2019-12-15 10:00:00,1.2195978109887617
2019-12-22 10:00:00,0.7994596519655757
2019-12-29 10:00:00,0.5404707896337686
2020-01-05 10:00:00,0.8705240015997414
2020-01-12 10:00:00,0.7812405266743622
2020-01-19 10:00:00,0.204336878747069
2020-01-26 10:00:00,1.0912363792502136
2020-02-02 10:00:00,0.5267576607982968
2020-02-09 10:00:00,0.6422501531762486
2020-02-16 10:00:00,0.6708601107361737
2020-02-23 10:00:00,0.32469123648125076
2020-03-01 10:00:00,0.42352331393660475
2020-03-08 10:00:00,0.3363512942571863
2020-03-15 10:00:00,0.20705348421454026
2020-03-22 10:00:00,0.4902973820549605
2020-03-29 10:00:00,1.1364810899612638
2018-01-07 11:00:00,0.5635866546693497
2018-01-14 11:00:00,0.6243154893592417
2018-01-21 11:00:00,0.2563640347482604
2018-01-28 11:00:00,0.6916051578225755
2018-02-04 11:00:00,0.48290755508580546
2018-02-11 11:00:00,0.5062072330988161
2018-02-18 11:00:00,0.3234252243612042
2018-02-25 11:00:00,0.29279041993940297
2018-03-04 11:00:00,0.3209610170892291
2018-03-11 11:00:00,0.8249920849151322
2018-03-18 11:00:00,0.211304637761509
2018-03-25 11:00:00,0.9565997104942632
2018-04-01 11:00:00,0.1366382194763128
2018-04-15 11:00:00,0.32486018301889097
2018-04-22 11:00:00,0.4025638056117547
2018-05-06 11:00:00,0.8283424884874993
2018-05-13 11:00:00,1.8615108718296682
2018-05-20 11:00:00,0.35362422772034047
2018-05-27 11:00:00,0.7156082596757194
2018-06-03 11:00:00,0.7692661997096467
2018-06-10 11:00:00,0.22824064597440788
2018-06-17 11:00:00,0.6666132776632081
2018-06-24 11:00:00,0.42976726323007214
2018-07-01 11:00:00,0.37005271266452955
2018-07-08 11:00:00,0.2724092977931896
2018-07-15 11:00:00,0.5102848574493453
2018-07-22 11:00:00,1.4920634600533254
2018-07-29 11:00:00,0.3222740700018282
2018-08-05 11:00:00,0.41408508034112046
2018-08-12 11:00:00,0.5658056701702656
2018-08-19 11:00:00,0.4510091771506143
2018-08-26 11:00:00,0.5366614004056701
2018-09-02 11:00:00,0.7099812434185263
2018-09-09 11:00:00,1.871297068981782
2018-09-16 11:00:00,1.3219275798968095
2018-09-23 11:00:00,0.9328517499987017
2018-09-30 11:00:00,1.0234980088586598
2018-10-07 11:00:00,0.3254666191055688
2018-10-14 11:00:00,0.5542040993132659
2018-10-21 11:00:00,0.69282067869138
2018-10-28 11:00:00,0.79764257671979
2018-11-04 11:00:00,0.2840259812226032
2018-11-11 11:00:00,0.5068115038098144
2018-11-18 11:00:00,0.3148252399217944
2018-11-25 11:00:00,0.2632053108136
2018-12-02 11:00:00,0.30021964910459137
2018-12-09 11:00:00,0.7020386869669473
2018-12-16 11:00:00,0.5064667971635883
2018-12-23 11:00:00,0.9722725857210155
2018-12-30 11:00:00,0.4623579238688447
2019-01-06 11:00:00,0.3507152183001072
2019-01-13 11:00:00,0.38661799001938263
2019-01-20 11:00:00,0.5194068257943926
2019-01-27 11:00:00,0.42971377191086263
2019-02-03 11:00:00,1.6464619466330228
2019-02-10 11:00:00,0.7219092795701256
2019-02-17 11:00:00,0.8401218506654051
2019-02-24 11:00:00,0.52332041121418
2019-03-03 11:00:00,0.5562601644629159
2019-03-10 11:00:00,0.5124902310788203
2019-03-24 11:00:00,0.6465000436963364
2019-03-31 11:00:00,0.5091799968875885
2019-04-07 11:00:00,0.09925709947009478
2019-04-14 11:00:00,0.2839886396993407
2019-04-21 11:00:00,0.2214485357154204
2019-04-28 11:00:00,0.620237135065422
2019-05-05 11:00:00,0.504258075708643
2019-05-12 11:00:00,0.29795294380692894
2019-05-19 11:00:00,1.0070781901320927
2019-05-26 11:00:00,0.2110974648939261
2019-06-09 11:00:00,1.1279639635922
2019-06-16 11:00:00,0.28914157335511725
2019-06-23 11:00:00,0.5114129395850967
2019-06-30 11:00:00,0.9140555002966135
2019-07-07 11:00:00,1.2373876520595406
2019-07-14 11:00:00,0.25784516518756856
2019-07-21 11:00:00,0.33581573430185097
2019-07-28 11:00:00,0.8247372145650699
2019-08-04 11:00:00,1.0497397024380164
2019-08-11 11:00:00,3.23983698770076
2019-08-18 11:00:00,1.063061390301119
2019-08-25 11:00:00,0.9310435108793215
2019-09-01 11:00:00,0.4228001233709318
2019-09-08 11:00:00,1.1284440237393107
2019-09-15 11:00:00,0.7053745206347236
2019-09-22 11:00:00,0.2966085480525111
2019-09-29 11:00:00,0.7613211723312312
2019-10-06 11:00:00,6.969825554587838
2019-10-20 11:00:00,0.29901197561891707
2019-10-27 11:00:00,0.5196036759824028
2019-11-03 11:00:00,0.43262184959629113
2019-11-10 11:00:00,0.718512114949947
2019-11-17 11:00:00,0.4581082120947016
2019-11-24 11:00:00,1.402359549508592
2019-12-01 11:00:00,1.1953400522986573
2019-12-08 11:00:00,0.5183950879830105
2019-12-15 11:00:00,0.9353997034915161
2019-12-22 11:00:00,0.47044206592612475
2019-12-29 11:00:00,0.5943952283806548
2020-01-05 11:00:00,0.589524968758499
2020-01-12 11:00:00,0.4044727725522752
2020-01-19 11:00:00,0.5875328526479108
2020-01-26 11:00:00,0.6623369764964656
2020-02-02 11:00:00,2.521239844533834
2020-02-09 11:00:00,0.4367514955922165
2020-02-16 11:00:00,0.5967465215956442
2020-02-23 11:00:00,0.6380831637469372
2020-03-01 11:00:00,0.7364779496159543
2020-03-08 11:00:00,0.6070467738136791
2020-03-15 11:00:00,0.7079588094773368
2020-03-22 11:00:00,1.4277138653551003
2020-03-29 11:00:00,0.882178312441937
2018-01-07 12:00:00,0.3965233674261214
2018-01-14 12:00:00,1.3816948808008507
2018-01-21 12:00:00,0.7222042681641803
2018-01-28 12:00:00,0.6123409139106024
2018-02-04 12:00:00,1.4890939335900153
2018-02-11 12:00:00,1.3734433328607927
2018-02-18 12:00:00,0.8373134456717563
2018-02-25 12:00:00,0.5709906693801118
2018-03-04 12:00:00,0.5238619600333189
2018-03-11 12:00:00,0.5120105855971865
2018-03-18 12:00:00,1.009417389655194
2018-03-25 12:00:00,0.7925877173153065
2018-04-01 12:00:00,0.5200504306896034
2018-04-15 12:00:00,0.2603052392196375
2018-04-22 12:00:00,0.9041085944284617
2018-05-06 12:00:00,1.3197420116296432
2018-05-13 12:00:00,0.37006249081072307
2018-05-20 12:00:00,1.3972001079163587
2018-05-27 12:00:00,0.3720137075362049
2018-06-03 12:00:00,1.0768638788026612
2018-06-10 12:00:00,0.4543228180767121
2018-06-17 12:00:00,0.3884723614411535
2018-06-24 12:00:00,0.41014611436830334
2018-07-01 12:00:00,0.997266558102
2018-07-08 12:00:00,0.8730938402520217
2018-07-15 12:00:00,2.176467596647496
2018-07-22 12:00:00,0.373046460086324
2018-07-29 12:00:00,0.8033866819432731
2018-08-05 12:00:00,1.0624968933192975
2018-08-12 12:00:00,1.1829993445725762
2018-08-19 12:00:00,1.124920117597411
2018-08-26 12:00:00,0.49047207538561083
2018-09-02 12:00:00,0.5252480213229642
2018-09-09 12:00:00,0.6520788902182473
2018-09-16 12:00:00,1.8103573164557407
2018-09-23 12:00:00,1.4997647815440593
2018-09-30 12:00:00,0.9844335682122919
2018-10-07 12:00:00,1.5133406127959101
2018-10-14 12:00:00,0.3952262855798852
2018-10-21 12:00:00,1.1001810447329583
2018-10-28 12:00:00,0.39349223502430003
2018-11-04 12:00:00,0.32386310597399975
2018-11-11 12:00:00,0.47512526136131183
2018-11-18 12:00:00,0.5230222988964559
2018-11-25 12:00:00,0.9431361152132518
2018-12-02 12:00:00,0.5034172138134918
2018-12-09 12:00:00,1.1146775667021018
2018-12-16 12:00:00,0.5854741970094239
2018-12-23 12:00:00,0.3431477726974484
2018-12-30 12:00:00,0.47733499134138546
2019-01-06 12:00:00,0.352548517470596
2019-01-13 12:00:00,0.5351914157365936
2019-01-20 12:00:00,1.0085369528974895
2019-01-27 12:00:00,0.5822971136176421
2019-02-03 12:00:00,0.37722791863102745
2019-02-10 12:00:00,0.4593008789707166
2019-02-17 12:00:00,1.1055939038195104
2019-02-24 12:00:00,2.455133078197166
2019-03-03 12:00:00,0.3162850430411649
2019-03-10 12:00:00,0.3306692359623472
2019-03-24 12:00:00,0.25885391783429096
2019-03-31 12:00:00,1.1711968002850668
2019-04-07 12:00:00,1.7666311333355325
2019-04-14 12:00:00,0.6357399163227809
2019-04-21 12:00:00,1.6798498817041172
2019-04-28 12:00:00,0.262782105962878
2019-05-05 12:00:00,0.53354543886459
2019-05-12 12:00:00,0.48467506301969593
2019-05-19 12:00:00,0.4361956868494331
2019-05-26 12:00:00,0.49645894836903626
2019-06-09 12:00:00,0.19941220292682577
2019-06-16 12:00:00,0.3329929932291152
2019-06-23 12:00:00,1.7149812420717385
2019-06-30 12:00:00,1.0081526884476872
2019-07-07 12:00:00,0.5596689854404637
2019-07-14 12:00:00,0.7173254524840026
2019-07-21 12:00:00,0.4756935842103502
2019-07-28 12:00:00,1.310964514188481
2019-08-04 12:00:00,1.9872198787044826
2019-08-11 12:00:00,1.719361201623279
2019-08-18 12:00:00,0.3274391314841166
2019-08-25 12:00:00,1.0137134413640372
2019-09-01 12:00:00,0.694469240223722
2019-09-08 12:00:00,0.5774759323552279
2019-09-15 12:00:00,1.135326514938654
2019-09-22 12:00:00,0.4175247121783621
2019-09-29 12:00:00,0.26626257389732266
2019-10-06 12:00:00,2.287335610231883
2019-10-20 12:00:00,0.40039821964759337
2019-10-27 12:00:00,0.8573905398483231
2019-11-03 12:00:00,1.7125886731086564
2019-11-10 12:00:00,0.22499226627974617
2019-11-17 12:00:00,0.754339965682495
2019-11-24 12:00:00,0.3172467005177297
2019-12-01 12:00:00,0.8968966474146439
2019-12-08 12:00:00,1.7779776410775363
2019-12-15 12:00:00,1.0619143301106375
2019-12-22 12:00:00,0.34209282824762666
2019-12-29 12:00:00,1.7277060509894882
2020-01-05 12:00:00,1.2299984102275778
2020-01-12 12:00:00,1.372437494136562
2020-01-19 12:00:00,0.5594972232114072
2020-01-26 12:00:00,0.6320877717340636
2020-02-02 12:00:00,0.3171789096267176
2020-02-09 12:00:00,1.418290851539143
2020-02-16 12:00:00,0.5486576235692378
2020-02-23 12:00:00,0.7634940972934174
2020-03-01 12:00:00,0.9479866509368774
2020-03-08 12:00:00,0.7855317611758019
2020-03-15 12:00:00,0.8952997689299865
2020-03-22 12:00:00,1.4719710121746612
2020-03-29 12:00:00,2.7649199737066983
2018-01-07 13:00:00,0.28520976991754965
2018-01-14 13:00:00,0.6762772804621228
2018-01-21 13:00:00,0.4364618683954651
2018-01-28 13:00:00,0.5382963191250472
2018-02-04 13:00:00,0.4937677206197948
2018-02-11 13:00:00,1.6019712218688495
2018-02-18 13:00:00,0.803519765299402
2018-02-25 13:00:00,0.1300600985861626
2018-03-04 13:00:00,0.42029118345949085
2018-03-11 13:00:00,0.956363067559256
2018-03-18 13:00:00,0.5299569690447113
2018-03-25 13:00:00,0.5188393234734832
2018-04-01 13:00:00,1.1148105436293088
2018-04-15 13:00:00,0.5569889921922783
2018-04-22 13:00:00,0.4867631548501214
2018-05-06 13:00:00,2.100063392866693
2018-05-13 13:00:00,0.7538131418838399
2018-05-20 13:00:00,1.2036115533290477
2018-05-27 13:00:00,0.6510098879657519
2018-06-03 13:00:00,0.3840849347737887
2018-06-10 13:00:00,0.9844117376555508
2018-06-17 13:00:00,2.13959139590865
2018-06-24 13:00:00,1.342718168398568
2018-07-01 13:00:00,0.6727614030268898
2018-07-08 13:00:00,0.7103275942510467
2018-07-15 13:00:00,0.9941513587379925
2018-07-22 13:00:00,1.024524522371225
2018-07-29 13:00:00,1.5666509203365324
2018-08-05 13:00:00,1.015631839470667
2018-08-12 13:00:00,0.7056520575639598
2018-08-19 13:00:00,0.347000652736692
2018-08-26 13:00:00,0.1682647761347358
2018-09-02 13:00:00,0.9744159028052979
2018-09-09 13:00:00,0.4375267843779234
2018-09-16 13:00:00,1.0362987783176087
2018-09-23 13:00:00,1.209437429833753
2018-09-30 13:00:00,0.6266124943981791
2018-10-07 13:00:00,0.8461724632829518
2018-10-14 13:00:00,0.18559449147322976
2018-10-21 13:00:00,1.1421931559642065
2018-10-28 13:00:00,1.2044869405838305
2018-11-04 13:00:00,0.24206567183877067
2018-11-11 13:00:00,0.4819854690228384
2018-11-18 13:00:00,0.6681352041047637
2018-11-25 13:00:00,0.3038641965240935
2018-12-02 13:00:00,2.1338565464689574
2018-12-09 13:00:00,0.6465551264114004
2018-12-16 13:00:00,0.8701695110252444
2018-12-23 13:00:00,0.48384989912863346
2018-12-30 13:00:00,1.1720930057769725
2019-01-06 13:00:00,0.2889520226265887
2019-01-13 13:00:00,0.6393471609265485
2019-01-20 13:00:00,0.49811826729892383
2019-01-27 13:00:00,0.722897453440108
2019-02-03 13:00:00,0.6496339620713447
2019-02-10 13:00:00,0.8387258388939242
2019-02-17 13:00:00,0.29863982662149113
2019-02-24 13:00:00,0.2374935694483493
2019-03-03 13:00:00,1.0968505513918019
2019-03-10 13:00:00,0.4393610941119287
2019-03-17 13:00:00,0.4831069040357702
2019-03-24 13:00:00,0.7371639083087563
2019-03-31 13:00:00,1.3027631042200596
2019-04-07 13:00:00,0.5805243208852016
2019-04-14 13:00:00,0.36892172482596375
2019-04-21 13:00:00,0.24566868771719405
2019-04-28 13:00:00,0.7396980801079052
2019-05-05 13:00:00,0.9055887010398861
2019-05-12 13:00:00,0.762080738495602
2019-05-19 13:00:00,1.4303138452041617
2019-05-26 13:00:00,0.2586651049102176
2019-06-09 13:00:00,0.9338201289252351
2019-06-16 13:00:00,0.35291969672005036
2019-06-23 13:00:00,0.2717919187696784
2019-06-30 13:00:00,0.9507654360620598
2019-07-07 13:00:00,1.3473422821752274
2019-07-14 13:00:00,0.331847848902168
2019-07-21 13:00:00,0.6088043003364182
2019-07-28 13:00:00,1.3447668273016382
2019-08-04 13:00:00,0.6099464069571912
2019-08-11 13:00:00,2.283572127542962
2019-08-18 13:00:00,0.3934263046711392
2019-08-25 13:00:00,0.8965188244488613
2019-09-01 13:00:00,1.3714927841905062
2019-09-08 13:00:00,2.189499214397553
2019-09-15 13:00:00,0.5732991387615682
2019-09-22 13:00:00,0.6519666337207122
2019-09-29 13:00:00,0.7510720582742422
2019-10-06 13:00:00,1.1007396608367708
2019-10-20 13:00:00,0.5680938188074259
2019-10-27 13:00:00,0.7761033643878477
2019-11-03 13:00:00,0.5096957772420645
2019-11-10 13:00:00,0.39998599097500936
2019-11-17 13:00:00,0.5173060887901935
2019-11-24 13:00:00,0.8981889883575597
2019-12-01 13:00:00,0.4788868379042407
2019-12-08 13:00:00,0.9755744578839743
2019-12-15 13:00:00,0.7662925288486507
2019-12-22 13:00:00,0.7661798104773073
2019-12-29 13:00:00,0.9362912526513022
2020-01-05 13:00:00,0.2754784365318775
2020-01-12 13:00:00,1.2796168358216553
2020-01-19 13:00:00,0.3093685620137984
2020-01-26 13:00:00,0.39120540083682254
2020-02-02 13:00:00,0.5775139924885706
2020-02-09 13:00:00,0.8732798612213281
2020-02-16 13:00:00,0.9721875790569648
2020-02-23 13:00:00,0.47399523828319046
2020-03-01 13:00:00,0.5886409161087844
2020-03-08 13:00:00,0.8170414053276503
2020-03-15 13:00:00,1.6551202202841406
2020-03-22 13:00:00,0.6464890468710617
2020-03-29 13:00:00,1.1659446090551264
2018-01-07 14:00:00,0.5539477460390103
2018-01-14 14:00:00,0.9419682042247872
2018-01-21 14:00:00,0.8377885426208717
2018-01-28 14:00:00,0.9768842094846489
2018-02-04 14:00:00,1.5429942842401236
2018-02-11 14:00:00,0.5203249663406126
2018-02-18 14:00:00,0.33711387892586875
2018-02-25 14:00:00,0.8790361599376646
2018-03-04 14:00:00,0.31415035000898534
2018-03-11 14:00:00,1.1127775691644004
2018-03-18 14:00:00,1.029377058218235
2018-03-25 14:00:00,1.064240578515497
2018-04-01 14:00:00,0.4494384120750229
2018-04-15 14:00:00,0.6486159323785464
2018-04-22 14:00:00,1.0796993495862481
2018-05-06 14:00:00,0.666749291849333
2018-05-13 14:00:00,1.2519381669280663
2018-05-20 14:00:00,2.2202379385556696
2018-05-27 14:00:00,0.3953263831421647
2018-06-03 14:00:00,0.5539443328336402
2018-06-10 14:00:00,0.7560837475471518
2018-06-17 14:00:00,1.1006904562188888
2018-06-24 14:00:00,2.069848486737583
2018-07-01 14:00:00,1.2095174296749631
2018-07-08 14:00:00,1.2751162168706205
2018-07-15 14:00:00,0.9064425435510836
2018-07-22 14:00:00,1.063288037891949
2018-07-29 14:00:00,1.3267381881454796
2018-08-05 14:00:00,1.3129783129099137
2018-08-12 14:00:00,0.24774106210244987
2018-08-19 14:00:00,0.46988311599943217
2018-08-26 14:00:00,0.7229591520421582
2018-09-02 14:00:00,0.6571943263195985
2018-09-09 14:00:00,0.3528079544308746
2018-09-16 14:00:00,0.398330497566057
2018-09-23 14:00:00,0.9106721822146556
2018-09-30 14:00:00,0.5627810887336944
2018-10-07 14:00:00,1.782108281703629
2018-10-14 14:00:00,0.6913762884966482
2018-10-21 14:00:00,1.3617080076287613
2018-10-28 14:00:00,1.4785616259649377
2018-11-04 14:00:00,1.1708256157633556
2018-11-11 14:00:00,0.9232730921907815
2018-11-18 14:00:00,0.9044001167066656
2018-11-25 14:00:00,0.7591319540982934
2018-12-02 14:00:00,0.9769496934778487
2018-12-09 14:00:00,0.19891056703362692
2018-12-16 14:00:00,1.0698865411369571
2018-12-23 14:00:00,0.7999222196849266
2018-12-30 14:00:00,0.8230343877691931
2019-01-06 14:00:00,1.6062793441120793
2019-01-13 14:00:00,0.5350230062786083
2019-01-20 14:00:00,0.48721865978159806
2019-01-27 14:00:00,1.2141019670042248
2019-02-03 14:00:00,1.8246249462587014
2019-02-10 14:00:00,0.6812136995713324
2019-02-17 14:00:00,0.7459181909253128
2019-02-24 14:00:00,1.324571294410539
2019-03-03 14:00:00,0.6775719620361743
2019-03-10 14:00:00,0.620606691643394
2019-03-17 14:00:00,0.7334870541030575
2019-03-24 14:00:00,0.30702993517174454
2019-03-31 14:00:00,1.0459260254138978
2019-04-07 14:00:00,1.2602386314752818
2019-04-14 14:00:00,0.9458467187006793
2019-04-21 14:00:00,0.7736520543352506
2019-04-28 14:00:00,0.7869667075807182
2019-05-05 14:00:00,0.5048152818013825
2019-05-12 14:00:00,1.2989412196327412
2019-05-19 14:00:00,0.8336613616843065
2019-05-26 14:00:00,0.9857339822000943
2019-06-09 14:00:00,0.8119642693258101
2019-06-16 14:00:00,1.7064922110081802
2019-06-23 14:00:00,1.1286818373426284
2019-06-30 14:00:00,0.8520949118644072
2019-07-07 14:00:00,0.5649902857299584
2019-07-14 14:00:00,0.8500094825592756
2019-07-21 14:00:00,0.7375609699491422
2019-07-28 14:00:00,1.5997023468408649
2019-08-04 14:00:00,0.21602445086903668
2019-08-11 14:00:00,0.21787284304021212
2019-08-18 14:00:00,0.49814096489285004
2019-08-25 14:00:00,1.4320549629016048
2019-09-01 14:00:00,0.5323644959364598
2019-09-08 14:00:00,0.4042165436669609
2019-09-15 14:00:00,0.8149732022148221
2019-09-22 14:00:00,0.44825691685851954
2019-09-29 14:00:00,0.3628379096840317
2019-10-06 14:00:00,1.9648274565002308
2019-10-20 14:00:00,1.2308004318889008
2019-10-27 14:00:00,0.7853295571150395
2019-11-03 14:00:00,0.5882247209646052
2019-11-10 14:00:00,0.7024191979040892
2019-11-17 14:00:00,1.1253477277180743
2019-11-24 14:00:00,0.46032048309431006
2019-12-01 14:00:00,0.6162200748929392
2019-12-08 14:00:00,0.4242221507982776
2019-12-15 14:00:00,0.5324289929625522
2019-12-22 14:00:00,1.119543337121309
2019-12-29 14:00:00,1.105650616825745
2020-01-05 14:00:00,1.0041123080711485
2020-01-12 14:00:00,0.6568886102025724
2020-01-19 14:00:00,1.3474978613190236
2020-01-26 14:00:00,0.6099243642578385
2020-02-02 14:00:00,0.7410670780690166
2020-02-09 14:00:00,0.4701901515684388
2020-02-16 14:00:00,0.9204950111918394
2020-02-23 14:00:00,1.5268499719109434
2020-03-01 14:00:00,1.6300838077202953
2020-03-08 14:00:00,0.6631846212234521
2020-03-15 14:00:00,1.2046532037154587
2020-03-22 14:00:00,0.7400823622685522
2020-03-29 14:00:00,1.2534565726604185
2018-01-07 15:00:00,0.7353342794963506
2018-01-14 15:00:00,0.4464327109599918
2018-01-21 15:00:00,1.3506578970471457
2018-01-28 15:00:00,0.9849508225079294
2018-02-04 15:00:00,0.9178471520467367
2018-02-11 15:00:00,0.7446465262526454
2018-02-18 15:00:00,0.9408596412935681
2018-02-25 15:00:00,1.825498298203277
2018-03-04 15:00:00,0.9616846468849728
2018-03-11 15:00:00,0.3093135726752767
2018-03-18 15:00:00,0.4287086959593434
2018-03-25 15:00:00,0.7518234572033692
2018-04-01 15:00:00,1.509575868235616
2018-04-15 15:00:00,1.329684655329512
2018-04-22 15:00:00,0.9875685761692978
2018-05-06 15:00:00,0.5960743312426117
2018-05-13 15:00:00,1.477999336195938
2018-05-20 15:00:00,1.4387001203213725
2018-05-27 15:00:00,0.6181841469185314
2018-06-03 15:00:00,2.065072972660194
2018-06-10 15:00:00,0.5970353228721619
2018-06-17 15:00:00,1.2915038494486892
2018-06-24 15:00:00,0.8758327874715255
2018-07-01 15:00:00,0.7734458571902482
2018-07-08 15:00:00,0.668803115837564
2018-07-15 15:00:00,0.9696041011351442
2018-07-22 15:00:00,1.5717271493360134
2018-07-29 15:00:00,1.014452200415825
2018-08-05 15:00:00,1.0665411744083202
2018-08-12 15:00:00,0.3801717349157024
2018-08-19 15:00:00,1.130903740087144
2018-08-26 15:00:00,1.148211531539487
2018-09-02 15:00:00,0.9056212932573486
2018-09-09 15:00:00,1.0060011925309469
2018-09-16 15:00:00,2.2449062323387916
2018-09-23 15:00:00,1.034240991194352
2018-09-30 15:00:00,0.9523896506542331
2018-10-07 15:00:00,1.6829611638079016
2018-10-14 15:00:00,0.6937702018181512
2018-10-21 15:00:00,0.70993159038661
2018-10-28 15:00:00,1.4573197678290066
2018-11-04 15:00:00,0.7268558032881031
2018-11-11 15:00:00,1.0650619953516263
2018-11-18 15:00:00,1.7544445237956057
2018-11-25 15:00:00,0.3152390279884828
2018-12-02 15:00:00,0.6887871774657474
2018-12-09 15:00:00,0.9401163691230996
2018-12-16 15:00:00,0.6982820440676065
2018-12-23 15:00:00,0.46887411064562523
2018-12-30 15:00:00,0.43089698811939187
2019-01-06 15:00:00,0.9424805865834195
2019-01-13 15:00:00,2.4990136620266328
2019-01-20 15:00:00,0.7213401824084327
2019-01-27 15:00:00,0.3717344919942236
2019-02-03 15:00:00,0.9381654651792793
2019-02-10 15:00:00,0.1995816228263891
2019-02-17 15:00:00,1.4520882360903888
2019-02-24 15:00:00,0.3966672812075968
2019-03-03 15:00:00,3.19031105838483
2019-03-10 15:00:00,1.524150046754179
2019-03-17 15:00:00,0.5110087077091435
2019-03-24 15:00:00,0.9790676208718049
2019-03-31 15:00:00,0.4758890188165859
2019-04-07 15:00:00,0.7757332812953079
2019-04-14 15:00:00,0.6798311749852303
2019-04-21 15:00:00,0.9476970491896501
2019-04-28 15:00:00,0.9927442332573936
2019-05-05 15:00:00,0.46477464215772263
2019-05-12 15:00:00,0.8626274787341847
2019-05-19 15:00:00,1.1072288909297465
2019-05-26 15:00:00,0.9268184624354768
2019-06-09 15:00:00,0.4131916296913802
2019-06-16 15:00:00,0.5528334140390732
2019-06-23 15:00:00,0.3520397402945182
2019-06-30 15:00:00,1.086283958687397
2019-07-07 15:00:00,1.4931443303114347
2019-07-14 15:00:00,1.5009359870512895
2019-07-21 15:00:00,1.4644395052470465
2019-07-28 15:00:00,0.8084315970192834
2019-08-04 15:00:00,1.1551438725441305
2019-08-11 15:00:00,1.017546485666888
2019-08-18 15:00:00,0.7996324893517133
2019-08-25 15:00:00,0.7610411010941645
2019-09-01 15:00:00,0.5290819270900023
2019-09-08 15:00:00,0.3119368440418795
2019-09-15 15:00:00,0.6050084658089532
2019-09-22 15:00:00,1.3730699539291238
2019-09-29 15:00:00,0.3938858904731826
2019-10-06 15:00:00,0.69124463102681
2019-10-20 15:00:00,0.810941594380121
2019-10-27 15:00:00,0.5463325398984263
2019-11-03 15:00:00,1.4295129154025865
2019-11-10 15:00:00,0.6285458766068174
2019-11-17 15:00:00,0.8492736870191784
2019-11-24 15:00:00,1.1998329505313403
2019-12-01 15:00:00,1.5559659191272057
2019-12-08 15:00:00,2.73187844936961
2019-12-15 15:00:00,1.0396917541892077
2019-12-22 15:00:00,1.5642626911218156
2019-12-29 15:00:00,1.0589990107689662
2020-01-05 15:00:00,1.0918230340619697
2020-01-12 15:00:00,0.1380213763074199
2020-01-19 15:00:00,1.125539373327076
2020-01-26 15:00:00,1.265812056913037
2020-02-02 15:00:00,0.30903719440420296
2020-02-09 15:00:00,1.0722554992345492
2020-02-16 15:00:00,0.4296383190464843
2020-02-23 15:00:00,0.6292262821320063
2020-03-01 15:00:00,0.5201390475640447
2020-03-08 15:00:00,0.3835782410582981
2020-03-15 15:00:00,0.8821405295117515
2020-03-22 15:00:00,1.8213396485920663
2020-03-29 15:00:00,2.7158629892562596
2018-01-07 16:00:00,2.948662162142983
2018-01-14 16:00:00,0.5130632152905297
2018-01-21 16:00:00,0.2692253837698091
2018-01-28 16:00:00,1.386600989399372
2018-02-04 16:00:00,0.5703835971129656
2018-02-11 16:00:00,0.29474462286537534
2018-02-18 16:00:00,0.6498312762017658
2018-02-25 16:00:00,0.8344279672674944
2018-03-04 16:00:00,0.9836425452249385
2018-03-11 16:00:00,1.1141151903381739
2018-03-18 16:00:00,0.6900922281806227
2018-03-25 16:00:00,1.1122785524862884
2018-04-01 16:00:00,0.6374172836599558
2018-04-15 16:00:00,0.7172532323139108
2018-04-22 16:00:00,0.3351033571389231
2018-05-06 16:00:00,1.3656283958421918
2018-05-13 16:00:00,1.0650208571029371
2018-05-20 16:00:00,0.8649609799580651
2018-05-27 16:00:00,0.4608035000587888
2018-06-03 16:00:00,0.6131297370453163
2018-06-10 16:00:00,0.8738431377154895
2018-06-17 16:00:00,1.3959376035190663
2018-06-24 16:00:00,1.9855145982978546
2018-07-01 16:00:00,0.5355029409133729
2018-07-08 16:00:00,1.1531062065877666
2018-07-15 16:00:00,0.392887422496267
2018-07-22 16:00:00,0.48949304893576284
2018-07-29 16:00:00,0.36399282979158093
2018-08-05 16:00:00,0.7961762558202411
2018-08-12 16:00:00,1.0857217762503302
2018-08-19 16:00:00,0.6378303795822772
2018-08-26 16:00:00,0.8805875315215413
2018-09-02 16:00:00,0.34532970234999627
2018-09-09 16:00:00,1.3344260877986893
2018-09-16 16:00:00,0.909529005689146
2018-09-23 16:00:00,0.15100882031298554
2018-09-30 16:00:00,0.3304412431102686
2018-10-07 16:00:00,0.4840720112164601
2018-10-14 16:00:00,1.013447295979095
2018-10-21 16:00:00,0.8525896497934706
2018-10-28 16:00:00,0.5532760564167839
2018-11-04 16:00:00,0.9198086337181265
2018-11-11 16:00:00,1.181731569413961
2018-11-18 16:00:00,0.9613451617289092
2018-11-25 16:00:00,0.8219458333348438
2018-12-02 16:00:00,0.5628782314252931
2018-12-09 16:00:00,1.245405827742457
2018-12-16 16:00:00,1.341273750960385
2018-12-23 16:00:00,2.0836526502352193
2018-12-30 16:00:00,0.7082823893506301
2019-01-06 16:00:00,0.2058163082254326
2019-01-13 16:00:00,0.6364631057150133
2019-01-20 16:00:00,0.9417233936555603
2019-01-27 16:00:00,1.4495677555076696
2019-02-03 16:00:00,0.34601117961484396
2019-02-10 16:00:00,0.8002258410490288
2019-02-17 16:00:00,1.2147806794906295
2019-02-24 16:00:00,0.6882585190767143
2019-03-03 16:00:00,0.646911267995236
2019-03-10 16:00:00,1.035720231294282
2019-03-17 16:00:00,1.0600441849816742
2019-03-24 16:00:00,0.8658931854779606
2019-03-31 16:00:00,0.7049712284659729
2019-04-07 16:00:00,0.21464856211832364
2019-04-14 16:00:00,1.299136968767533
2019-04-21 16:00:00,2.072314608569783
2019-04-28 16:00:00,1.2415747504993004
2019-05-05 16:00:00,0.5637455927374958
2019-05-12 16:00:00,1.2735163492897765
2019-05-19 16:00:00,0.6249921591570979
2019-05-26 16:00:00,0.8337760075002489
2019-06-09 16:00:00,0.6929816223113594
2019-06-16 16:00:00,0.7794707736941954
2019-06-23 16:00:00,0.4683532948538357
2019-06-30 16:00:00,0.3593171413499844
2019-07-07 16:00:00,2.2504744392334826
2019-07-14 16:00:00,0.6314086230978426
2019-07-21 16:00:00,0.7862855965361513
2019-07-28 16:00:00,1.3433345889578003
2019-08-04 16:00:00,0.5468527857446985
2019-08-11 16:00:00,1.6931962986494133
2019-08-18 16:00:00,1.1069048005420763
2019-08-25 16:00:00,1.2789139199582302
2019-09-01 16:00:00,0.3139769184703276
2019-09-08 16:00:00,1.4100096238732458
2019-09-15 16:00:00,1.2913967854284951
2019-09-22 16:00:00,1.5218260813567392
2019-09-29 16:00:00,0.7842846925809134
2019-10-06 16:00:00,0.7229247514356458
2019-10-20 16:00:00,0.6406164863868582
2019-10-27 16:00:00,0.8948802921605965
2019-11-03 16:00:00,0.569000631402872
2019-11-10 16:00:00,0.6066116293251761
2019-11-17 16:00:00,0.42046689473577065
2019-11-24 16:00:00,0.8009347001768727
2019-12-01 16:00:00,2.4852660317112276
2019-12-08 16:00:00,0.7807493877614688
2019-12-15 16:00:00,0.44117494165994503
2019-12-22 16:00:00,0.7592033837847104
2019-12-29 16:00:00,0.5324849175599006
2020-01-05 16:00:00,0.9376865984786379
2020-01-12 16:00:00,0.8339491319676711
2020-01-19 16:00:00,1.3806690094548404
2020-01-26 16:00:00,0.8637309389382343
2020-02-02 16:00:00,0.8494537417868244
2020-02-09 16:00:00,0.6179460030014807
2020-02-16 16:00:00,0.6152297024996789
2020-02-23 16:00:00,0.6304370512762348
2020-03-01 16:00:00,0.8535578385699644
2020-03-08 16:00:00,1.133822657432159
2020-03-15 16:00:00,1.0999987743377075
2020-03-22 16:00:00,0.9496868733770336
2020-03-29 16:00:00,1.0312815361055416
2018-01-07 17:00:00,0.8803517406310076
2018-01-14 17:00:00,1.179834434394867
2018-01-21 17:00:00,0.7012718608005655
2018-01-28 17:00:00,1.4386812444328334
2018-02-04 17:00:00,0.671998393625053
2018-02-11 17:00:00,0.7250709536104483
2018-02-18 17:00:00,1.3009894508350104
2018-02-25 17:00:00,0.37543965945156876
2018-03-04 17:00:00,0.8626910530694096
2018-03-11 17:00:00,0.570600075609135
2018-03-18 17:00:00,0.4495731899600774
2018-03-25 17:00:00,0.8432347569607473
2018-04-01 17:00:00,0.4959952256094995
2018-04-15 17:00:00,0.5957201926059934
2018-04-22 17:00:00,1.4049601313090399
2018-05-06 17:00:00,0.798747096512521
2018-05-13 17:00:00,0.7611343936433247
2018-05-20 17:00:00,2.475743835953829
2018-05-27 17:00:00,1.549756837187335
2018-06-03 17:00:00,1.0267583025093463
2018-06-10 17:00:00,0.9139992876930497
2018-06-17 17:00:00,0.9251593915143917
2018-06-24 17:00:00,0.8431781323974545
2018-07-01 17:00:00,1.3630233383991568
2018-07-08 17:00:00,0.6563498102379769
2018-07-15 17:00:00,0.8295823626967068
2018-07-22 17:00:00,1.2745945760909154
2018-07-29 17:00:00,0.8736724615962839
2018-08-05 17:00:00,0.8389431927867395
2018-08-12 17:00:00,0.585177011047294
2018-08-19 17:00:00,0.5075717411932269
2018-08-26 17:00:00,1.6620149289617272
2018-09-02 17:00:00,1.2381846156816514
2018-09-09 17:00:00,1.1291520716741572
2018-09-16 17:00:00,0.7147128194909539
2018-09-23 17:00:00,1.1897636528776223
2018-09-30 17:00:00,0.8803901764018498
2018-10-07 17:00:00,0.9644641996030126
2018-10-14 17:00:00,1.1282377155979029
2018-10-21 17:00:00,1.0344746194601866
2018-10-28 17:00:00,0.46144385520124254
2018-11-04 17:00:00,1.7253777940816306
2018-11-11 17:00:00,1.2809472696337905
2018-11-18 17:00:00,0.4532915715635177
2018-11-25 17:00:00,1.4461430864556708
2018-12-02 17:00:00,2.282885256471201
2018-12-09 17:00:00,0.4731591288125111
2018-12-16 17:00:00,1.3024405495708837
2018-12-23 17:00:00,0.8201856805642811
2018-12-30 17:00:00,1.8117051626512886
2019-01-06 17:00:00,0.5200622301398122
2019-01-13 17:00:00,0.7162471351187896
2019-01-20 17:00:00,0.5358090736811879
2019-01-27 17:00:00,1.1791457153246838
2019-02-03 17:00:00,1.1760162833009553
2019-02-10 17:00:00,0.693990018923285
2019-02-17 17:00:00,1.1601655418647716
2019-02-24 17:00:00,0.31256453476640184
2019-03-03 17:00:00,0.26007286301374133
2019-03-10 17:00:00,0.45855255821110835
2019-03-17 17:00:00,0.7120565673008371
2019-03-24 17:00:00,0.8776714987179436
2019-03-31 17:00:00,0.8064290962512648
2019-04-07 17:00:00,0.7709757744383194
2019-04-14 17:00:00,1.1741456419498242
2019-04-21 17:00:00,0.4336074875919015
2019-04-28 17:00:00,0.7075682732792017
2019-05-05 17:00:00,0.9793608051740723
2019-05-12 17:00:00,0.5353870643246956
2019-05-19 17:00:00,0.8422587418884968
2019-05-26 17:00:00,2.283583599728659
2019-06-09 17:00:00,1.4697889304043417
2019-06-16 17:00:00,0.9981969205497309
2019-06-23 17:00:00,0.4613250597868954
2019-06-30 17:00:00,1.1996046591557272
2019-07-07 17:00:00,0.9160612944304127
2019-07-14 17:00:00,1.308017449955488
2019-07-21 17:00:00,1.6296375797170117
2019-07-28 17:00:00,0.4248760025498221
2019-08-04 17:00:00,0.6720759149213077
2019-08-11 17:00:00,1.3652146487987475
2019-08-18 17:00:00,1.4291293454874925
2019-08-25 17:00:00,1.3785188353070126
2019-09-01 17:00:00,0.7727434215260113
2019-09-08 17:00:00,0.975411789345318
2019-09-15 17:00:00,1.1565730777099827
2019-09-22 17:00:00,1.3810424297795059
2019-09-29 17:00:00,0.8335934885332699
2019-10-06 17:00:00,0.4333448906893295
2019-10-13 17:00:00,1.0196781459990492
2019-10-20 17:00:00,1.0441911105009096
2019-10-27 17:00:00,1.2715182364678728
2019-11-03 17:00:00,0.6499857223476367
2019-11-10 17:00:00,1.5709454822110465
2019-11-17 17:00:00,1.9875673635658209
2019-11-24 17:00:00,0.658014613154209
2019-12-01 17:00:00,0.877309453836617
2019-12-08 17:00:00,0.48809123995051673
2019-12-15 17:00:00,0.30374547142433866
2019-12-22 17:00:00,0.6654631654292789
2019-12-29 17:00:00,0.6292301910949232
2020-01-05 17:00:00,0.9200130236871331
2020-01-12 17:00:00,1.2724463321682806
2020-01-19 17:00:00,1.3725958969669236
2020-01-26 17:00:00,2.519777466876687
2020-02-02 17:00:00,1.6337541564596687
2020-02-09 17:00:00,2.6483229929812104
2020-02-16 17:00:00,1.5589829942510225
2020-02-23 17:00:00,2.1037259180829286
2020-03-01 17:00:00,1.4435918881621477
2020-03-08 17:00:00,0.876722844201987
2020-03-15 17:00:00,0.5817663400107171
2020-03-22 17:00:00,0.6783081388463861
2020-03-29 17:00:00,0.5734454675026858
2018-01-07 18:00:00,0.47798060368684103
2018-01-14 18:00:00,1.100915713392626
2018-01-21 18:00:00,0.9715256074413683
2018-01-28 18:00:00,1.7623970853038107
2018-02-04 18:00:00,0.660382482466525
2018-02-11 18:00:00,1.3355271293947286
2018-02-18 18:00:00,1.4606417127778384
2018-02-25 18:00:00,1.1058402597458594
2018-03-04 18:00:00,1.5011943155683094
2018-03-11 18:00:00,1.2334513452179112
2018-03-18 18:00:00,1.412002286713955
2018-03-25 18:00:00,1.511689236939989
2018-04-01 18:00:00,1.300305286590017
2018-04-15 18:00:00,0.4292022701429265
2018-04-22 18:00:00,1.0092234720184508
2018-05-06 18:00:00,0.3194014532077152
2018-05-13 18:00:00,0.4633517647282545
2018-05-20 18:00:00,0.8119016802809073
2018-05-27 18:00:00,0.5668607519104497
2018-06-03 18:00:00,1.1663851537104541
2018-06-10 18:00:00,0.7316359453203529
2018-06-17 18:00:00,1.1083091231700395
2018-06-24 18:00:00,1.4156886687676562
2018-07-01 18:00:00,2.498512840276441
2018-07-08 18:00:00,1.1345348049207276
2018-07-15 18:00:00,0.8667751247567176
2018-07-22 18:00:00,0.5549775697378441
2018-07-29 18:00:00,1.4645334418490676
2018-08-05 18:00:00,1.041596236746701
2018-08-12 18:00:00,1.1441877141425394
2018-08-19 18:00:00,0.5467315609830714
2018-08-26 18:00:00,0.9593043863709386
2018-09-02 18:00:00,0.7094011642207042
2018-09-09 18:00:00,1.3095556599862104
2018-09-16 18:00:00,0.5611108879820965
2018-09-23 18:00:00,0.7741158701293657
2018-09-30 18:00:00,1.128077093445093
2018-10-07 18:00:00,0.8477804714864252
2018-10-14 18:00:00,1.1253042114167926
2018-10-21 18:00:00,1.1265252669986907
2018-10-28 18:00:00,0.8263095792548328
2018-11-04 18:00:00,1.2908892843481894
2018-11-11 18:00:00,1.21063457448892
2018-11-18 18:00:00,0.9539879794544036
2018-11-25 18:00:00,1.5642032277483402
2018-12-02 18:00:00,0.5447955224641099
2018-12-09 18:00:00,0.7685033448597148
2018-12-16 18:00:00,0.8565569371195892
2018-12-23 18:00:00,0.6380946825655752
2018-12-30 18:00:00,1.3290056455030697
2019-01-06 18:00:00,1.1227022527164738
2019-01-13 18:00:00,0.9250100985898324
2019-01-20 18:00:00,0.8419882089785151
2019-01-27 18:00:00,1.178854758234265
2019-02-03 18:00:00,0.6204606661293913
2019-02-10 18:00:00,2.688711116441991
2019-02-17 18:00:00,1.9313351972007133
2019-02-24 18:00:00,0.7429427416338036
2019-03-03 18:00:00,0.41040946817875595
2019-03-10 18:00:00,0.5605629470103781
2019-03-17 18:00:00,0.7682706783188087
2019-03-24 18:00:00,1.2272452135161096
2019-03-31 18:00:00,1.0111422986552352
2019-04-07 18:00:00,1.871853488457235
2019-04-14 18:00:00,0.5722396118710567
2019-04-21 18:00:00,0.6009150470047294
2019-04-28 18:00:00,0.5167495281771001
2019-05-05 18:00:00,1.1269049518837502
2019-05-12 18:00:00,0.7022017789763213
2019-05-19 18:00:00,2.4430343715440817
2019-05-26 18:00:00,2.0469255944731266
2019-06-09 18:00:00,0.6934944927344395
2019-06-16 18:00:00,0.8733482489935552
2019-06-23 18:00:00,1.2780060651934233
2019-06-30 18:00:00,1.260642161741732
2019-07-07 18:00:00,0.7369596860546309
2019-07-14 18:00:00,1.462035967456
2019-07-21 18:00:00,0.7407105822664941
2019-07-28 18:00:00,1.2132992326152756
2019-08-04 18:00:00,1.2579175740702115
2019-08-11 18:00:00,0.8373387634900897
2019-08-18 18:00:00,0.7187093066025564
2019-08-25 18:00:00,0.5328392933511416
2019-09-01 18:00:00,1.4901312798912087
2019-09-08 18:00:00,0.6329212023038979
2019-09-15 18:00:00,1.5100036764636826
2019-09-22 18:00:00,1.4606120551709012
2019-09-29 18:00:00,0.9838265305436763
2019-10-06 18:00:00,2.124967055439526
2019-10-13 18:00:00,0.6320597111104227
2019-10-20 18:00:00,0.5789577956089418
2019-10-27 18:00:00,1.5282437174996182
2019-11-03 18:00:00,0.8919242229289019
2019-11-10 18:00:00,0.8525370089423701
2019-11-17 18:00:00,1.1572929508581962
2019-11-24 18:00:00,0.8633608659544662
2019-12-01 18:00:00,1.9046594117318203
2019-12-08 18:00:00,0.703149112207193
2019-12-15 18:00:00,0.7136916047225402
2019-12-22 18:00:00,1.1205043632914504
2019-12-29 18:00:00,1.0392571976737228
2020-01-05 18:00:00,0.731518895925873
2020-01-12 18:00:00,0.9704034954784042
2020-01-19 18:00:00,1.360417960690109
2020-01-26 18:00:00,0.5870244594773072
2020-02-02 18:00:00,0.48401932295540695
2020-02-09 18:00:00,1.3081491781330359
2020-02-16 18:00:00,0.9750214774802073
2020-02-23 18:00:00,0.756025130080327
2020-03-01 18:00:00,1.0030739783060791
2020-03-08 18:00:00,1.7926129996287024
2020-03-15 18:00:00,1.992554622711197
2020-03-22 18:00:00,1.768976812134331
2020-03-29 18:00:00,0.6517488365997628
2018-01-07 19:00:00,1.5550404673667977
2018-01-14 19:00:00,0.8977119284980729
2018-01-21 19:00:00,2.6111343819989883
2018-01-28 19:00:00,2.229447013439792
2018-02-04 19:00:00,0.5728313486583139
2018-02-11 19:00:00,1.615862932233084
2018-02-18 19:00:00,1.2783467222511617
2018-02-25 19:00:00,0.5426515571947681
2018-03-04 19:00:00,0.7031040750763189
2018-03-11 19:00:00,0.8974066312870329
2018-03-18 19:00:00,0.6109370120924422
2018-03-25 19:00:00,0.3606903530814704
2018-04-01 19:00:00,0.6999510102626013
2018-04-15 19:00:00,1.0041492182370015
2018-04-22 19:00:00,0.47575208630484356
2018-05-06 19:00:00,0.1843362310029482
2018-05-13 19:00:00,1.239784677381586
2018-05-20 19:00:00,0.4820707460923232
2018-05-27 19:00:00,1.2725466436681883
2018-06-03 19:00:00,0.7541236940217195
2018-06-10 19:00:00,0.37911696968382275
2018-06-17 19:00:00,1.8991923320248572
2018-06-24 19:00:00,1.0506571159382143
2018-07-01 19:00:00,0.48669728896744757
2018-07-08 19:00:00,1.172834177743343
2018-07-15 19:00:00,0.6632667869767694
2018-07-22 19:00:00,0.6673082922851122
2018-07-29 19:00:00,1.201161628054523
2018-08-05 19:00:00,0.4702246893522997
2018-08-12 19:00:00,2.085068402320654
2018-08-19 19:00:00,1.465643156484239
2018-08-26 19:00:00,0.4098894031972944
2018-09-02 19:00:00,0.8907851140380998
2018-09-09 19:00:00,0.4968838716051408
2018-09-16 19:00:00,0.9941170276256791
2018-09-23 19:00:00,0.8424184308595242
2018-09-30 19:00:00,0.48129283614879026
2018-10-07 19:00:00,0.2855765143795826
2018-10-14 19:00:00,0.44958774848030775
2018-10-21 19:00:00,0.7698367264486511
2018-10-28 19:00:00,0.40699222764803994
2018-11-04 19:00:00,1.1528774305786123
2018-11-11 19:00:00,0.6753548539294835
2018-11-18 19:00:00,1.0659026013519906
2018-11-25 19:00:00,0.8806321881425849
2018-12-02 19:00:00,1.2103248277623955
2018-12-09 19:00:00,0.5796882165207221
2018-12-16 19:00:00,0.8904900019022634
2018-12-23 19:00:00,1.5503733655992262
2018-12-30 19:00:00,0.5307487717606402
2019-01-06 19:00:00,0.5707623033343608
2019-01-13 19:00:00,1.8165512619408017
2019-01-20 19:00:00,0.546943327803719
2019-01-27 19:00:00,0.821425702791508
2019-02-03 19:00:00,1.5832820807223
2019-02-10 19:00:00,1.047177896986581
2019-02-17 19:00:00,0.3198348021906812
2019-02-24 19:00:00,0.9459358976263439
2019-03-03 19:00:00,0.25488275715218844
2019-03-10 19:00:00,0.5772546823508555
2019-03-17 19:00:00,1.7329663651113063
2019-03-24 19:00:00,0.8259357194256337
2019-03-31 19:00:00,0.6545231987363241
2019-04-07 19:00:00,0.8595027037132299
2019-04-21 19:00:00,1.1303161242139361
2019-04-28 19:00:00,1.0457982474071297
2019-05-05 19:00:00,0.8989285552046189
2019-05-12 19:00:00,0.6609560607003315
2019-05-19 19:00:00,1.5368165397200284
2019-05-26 19:00:00,0.3729862327455709
2019-06-09 19:00:00,1.2673108019808659
2019-06-16 19:00:00,1.646401284223595
2019-06-23 19:00:00,0.9309060407233039
2019-06-30 19:00:00,0.45892425414384036
2019-07-07 19:00:00,1.3461998350098774
2019-07-14 19:00:00,1.0000424122034104
2019-07-21 19:00:00,0.5618785647643099
2019-07-28 19:00:00,0.5452463478731892
2019-08-04 19:00:00,1.6236819548766401
2019-08-11 19:00:00,0.8117574626421284
2019-08-18 19:00:00,1.1138004023138157
2019-08-25 19:00:00,0.7041085444776044
2019-09-01 19:00:00,0.8194342785397006
2019-09-08 19:00:00,0.9893102869756314
2019-09-15 19:00:00,0.554919783557859
2019-09-22 19:00:00,1.434266583594367
2019-09-29 19:00:00,0.24671830095883432
2019-10-06 19:00:00,1.3767444886096947
2019-10-13 19:00:00,0.7645169280292896
2019-10-20 19:00:00,2.7207849501663772
2019-10-27 19:00:00,1.636641597746371
2019-11-03 19:00:00,0.42033029707057457
2019-11-10 19:00:00,1.2538474084781017
2019-11-17 19:00:00,1.5430720419168082
2019-11-24 19:00:00,0.6004800236131307
2019-12-01 19:00:00,0.9825281312325489
2019-12-08 19:00:00,0.3108275579264945
2019-12-15 19:00:00,1.2985562104950588
2019-12-22 19:00:00,0.30401239185367573
2019-12-29 19:00:00,1.5833096280186816
2020-01-05 19:00:00,1.0689150043583686
2020-01-12 19:00:00,1.6398011314399739
2020-01-19 19:00:00,1.4838192585845813
2020-01-26 19:00:00,0.8534621908143366
2020-02-02 19:00:00,1.042131978080332
2020-02-09 19:00:00,0.9950158035176673
2020-02-16 19:00:00,1.1318307690890435
2020-02-23 19:00:00,1.5686504904412055
2020-03-01 19:00:00,0.8730284018673294
2020-03-08 19:00:00,0.5836060005429204
2020-03-15 19:00:00,0.6717737399147394
2020-03-22 19:00:00,1.1846282694912902
2020-03-29 19:00:00,0.5969482270328089
2018-01-07 20:00:00,1.0612900581325144
2018-01-14 20:00:00,1.008714920694809
2018-01-21 20:00:00,1.2265366462334477
2018-01-28 20:00:00,1.4688657757243566
2018-02-04 20:00:00,2.6152594991657905
2018-02-11 20:00:00,0.5596421624822312
2018-02-18 20:00:00,0.45327361418143797
2018-02-25 20:00:00,0.24942820040930908
2018-03-04 20:00:00,1.053221341311258
2018-03-11 20:00:00,1.1078097749562477
2018-03-18 20:00:00,0.7882848097591952
2018-03-25 20:00:00,0.6896299199134122
2018-04-01 20:00:00,0.9716506241638246
2018-04-15 20:00:00,2.228928242309892
2018-04-22 20:00:00,0.5534075690042806
2018-05-06 20:00:00,0.41165409479245874
2018-05-13 20:00:00,1.6310368949895804
2018-05-20 20:00:00,0.8682252545147946
2018-05-27 20:00:00,0.30427654733772214
2018-06-03 20:00:00,0.6998201180448079
2018-06-10 20:00:00,1.030457728474661
2018-06-17 20:00:00,0.3464876464515572
2018-06-24 20:00:00,1.7821988568435307
2018-07-01 20:00:00,1.8039356466463616
2018-07-08 20:00:00,1.0517066744978336
2018-07-15 20:00:00,0.6040693979535358
2018-07-22 20:00:00,0.8326208508412924
2018-07-29 20:00:00,0.6371844797003338
2018-08-05 20:00:00,0.3390441668280806
2018-08-12 20:00:00,1.26897729504952
2018-08-19 20:00:00,1.2583301705105088
2018-08-26 20:00:00,2.015637557616167
2018-09-02 20:00:00,0.972591225503821
2018-09-09 20:00:00,0.9643123218458183
2018-09-16 20:00:00,1.88305376493677
2018-09-23 20:00:00,0.4648663403652728
2018-09-30 20:00:00,1.177445328882695
2018-10-07 20:00:00,0.850752205537579
2018-10-14 20:00:00,0.4255560000238072
2018-10-21 20:00:00,0.9946117265741681
2018-10-28 20:00:00,1.674776501450641
2018-11-04 20:00:00,0.5248390469926859
2018-11-11 20:00:00,1.4787259981710223
2018-11-18 20:00:00,0.8637083331778033
2018-11-25 20:00:00,1.9929247472899598
2018-12-02 20:00:00,0.729763274301087
2018-12-09 20:00:00,0.6132868925626629
2018-12-16 20:00:00,1.1086279009924724
2018-12-23 20:00:00,2.785406435754412
2018-12-30 20:00:00,0.4074474954639806
2019-01-06 20:00:00,3.4556175505941673
2019-01-13 20:00:00,0.5537609234008627
2019-01-20 20:00:00,1.9382012747143267
2019-01-27 20:00:00,0.8834307743868608
2019-02-03 20:00:00,1.274392452259603
2019-02-10 20:00:00,1.8437868080366329
2019-02-17 20:00:00,1.994436365681704
2019-02-24 20:00:00,1.6651498604135
2019-03-03 20:00:00,1.5652979866460381
2019-03-10 20:00:00,1.255909096717968
2019-03-17 20:00:00,0.23386576672835438
2019-03-24 20:00:00,0.345922871720634
2019-03-31 20:00:00,0.8206753529843792
2019-04-07 20:00:00,0.9685120696608837
2019-04-14 20:00:00,0.8923568327849272
2019-04-21 20:00:00,1.0722595125447067
2019-04-28 20:00:00,0.39425744235603183
2019-05-05 20:00:00,1.2766395404006545
2019-05-12 20:00:00,1.0456576322298763
2019-05-19 20:00:00,0.457365699922158
2019-05-26 20:00:00,1.0249938150324747
2019-06-09 20:00:00,1.1576590728242873
2019-06-16 20:00:00,0.8588530495863534
2019-06-23 20:00:00,1.452755620533126
2019-06-30 20:00:00,0.921441296399646
2019-07-07 20:00:00,0.8019947780250642
2019-07-14 20:00:00,0.2354588841504499
2019-07-21 20:00:00,0.9910593782608715
2019-07-28 20:00:00,0.7970626712315373
2019-08-04 20:00:00,0.9475362597875009
2019-08-11 20:00:00,0.5868881223400364
2019-08-18 20:00:00,1.2976958906930536
2019-08-25 20:00:00,2.7992859915302546
2019-09-01 20:00:00,1.0892502434662463
2019-09-08 20:00:00,0.614190863423211
2019-09-15 20:00:00,1.970388346966297
2019-09-22 20:00:00,1.2415967895979687
2019-09-29 20:00:00,0.798624935170833
2019-10-06 20:00:00,0.6191102492347722
2019-10-13 20:00:00,1.5002912542856326
2019-10-20 20:00:00,1.4778567706567431
2019-10-27 20:00:00,2.040505558718999
2019-11-03 20:00:00,1.2105386634747157
2019-11-10 20:00:00,1.431462353111329
2019-11-17 20:00:00,1.3320475679453398
2019-11-24 20:00:00,0.6176715978382015
2019-12-01 20:00:00,0.8279410597434582
2019-12-08 20:00:00,0.4534591611013539
2019-12-15 20:00:00,1.9346383942286294
2019-12-22 20:00:00,0.6271908438089911
2019-12-29 20:00:00,2.0730046050727466
2020-01-05 20:00:00,1.1033476454379676
2020-01-12 20:00:00,2.6988661468907913
2020-01-19 20:00:00,2.297115653947268
2020-01-26 20:00:00,1.4745125702200113
2020-02-02 20:00:00,1.0227167876573913
2020-02-09 20:00:00,0.9885517387080999
2020-02-16 20:00:00,1.3927919666969555
2020-02-23 20:00:00,0.49899606440698346
2020-03-01 20:00:00,0.3429664255316294
2020-03-08 20:00:00,2.41189729285914
2020-03-15 20:00:00,1.1090584560193468
2020-03-22 20:00:00,1.0722820677023333
2020-03-29 20:00:00,1.1084924365120998
2018-01-07 21:00:00,0.7273336574823512
2018-01-14 21:00:00,1.091015713754161
2018-01-21 21:00:00,0.8820583461383592
2018-01-28 21:00:00,1.6842225345727664
2018-02-04 21:00:00,0.6360181257521381
2018-02-11 21:00:00,0.45292013322499
2018-02-18 21:00:00,0.8886261543520492
2018-02-25 21:00:00,0.8346462791527371
2018-03-04 21:00:00,1.2994736004400187
2018-03-11 21:00:00,0.956756439355295
2018-03-18 21:00:00,1.4470874807168068
2018-03-25 21:00:00,1.0836884400334843
2018-04-01 21:00:00,1.8668328409083907
2018-04-15 21:00:00,0.8782101088579168
2018-04-22 21:00:00,0.9654493763892353
2018-05-06 21:00:00,0.9703423670407232
2018-05-13 21:00:00,1.3300054793512834
2018-05-20 21:00:00,2.6081963412410034
2018-05-27 21:00:00,0.38086049913473746
2018-06-03 21:00:00,1.5795373061240658
2018-06-10 21:00:00,1.1487115895442825
2018-06-17 21:00:00,0.7977076991952712
2018-06-24 21:00:00,1.1597016989269768
2018-07-01 21:00:00,0.5984562372264455
2018-07-08 21:00:00,0.6712768832126819
2018-07-15 21:00:00,0.8977734858841346
2018-07-22 21:00:00,1.2079988375278976
2018-07-29 21:00:00,0.738510590990367
2018-08-05 21:00:00,0.7448726545547627
2018-08-12 21:00:00,0.73492950075635
2018-08-19 21:00:00,1.2022643533953485
2018-08-26 21:00:00,1.0998050902192194
2018-09-02 21:00:00,1.0004403256649383
2018-09-09 21:00:00,1.1933566176359778
2018-09-16 21:00:00,1.9298557066290396
2018-09-23 21:00:00,1.458820047392516
2018-09-30 21:00:00,1.5732170599200268
2018-10-07 21:00:00,1.410723997974819
2018-10-14 21:00:00,1.316047254387738
2018-10-21 21:00:00,1.0512807416012135
2018-10-28 21:00:00,3.165181945572399
2018-11-04 21:00:00,0.982408533182573
2018-11-11 21:00:00,0.3862900950481709
2018-11-18 21:00:00,1.5537371548555405
2018-11-25 21:00:00,1.0288719109029008
2018-12-02 21:00:00,3.1450191045351636
2018-12-09 21:00:00,0.6229457731046742
2018-12-16 21:00:00,1.369519976516702
2018-12-23 21:00:00,1.4721820722939403
2018-12-30 21:00:00,0.5192640317728509
2019-01-06 21:00:00,0.711626295694891
2019-01-13 21:00:00,1.9625686293292435
2019-01-20 21:00:00,1.294298622920751
2019-01-27 21:00:00,0.8454200386089067
2019-02-03 21:00:00,0.6099877985322519
2019-02-10 21:00:00,0.9530627135537795
2019-02-17 21:00:00,2.4207997115766045
2019-02-24 21:00:00,0.5893350447627127
2019-03-03 21:00:00,1.1816378741726312
2019-03-10 21:00:00,0.8483959163743439
2019-03-17 21:00:00,0.948606254127712
2019-03-24 21:00:00,0.475569268478693
2019-03-31 21:00:00,0.4187968602333102
2019-04-07 21:00:00,0.474365451259705
2019-04-14 21:00:00,0.8341979433896718
2019-04-21 21:00:00,0.48877531569492466
2019-04-28 21:00:00,0.4736157937798852
2019-05-05 21:00:00,1.0839201882309304
2019-05-12 21:00:00,2.0172455646732494
2019-05-19 21:00:00,1.1844308641670094
2019-05-26 21:00:00,0.9816631910905547
2019-06-09 21:00:00,1.0439097470848095
2019-06-16 21:00:00,0.668256028500842
2019-06-23 21:00:00,0.9751763454728694
2019-06-30 21:00:00,1.495224959735382
2019-07-07 21:00:00,1.3119601814811805
2019-07-14 21:00:00,1.1941615639710816
2019-07-21 21:00:00,1.2426023036586418
2019-07-28 21:00:00,1.3235126466607936
2019-08-04 21:00:00,0.511631202073314
2019-08-11 21:00:00,2.009834818723578
2019-08-18 21:00:00,1.0519425605847712
2019-08-25 21:00:00,0.8508187031593609
2019-09-01 21:00:00,0.5182001699094463
2019-09-08 21:00:00,0.5279993658816301
2019-09-15 21:00:00,1.2313156193059476
2019-09-22 21:00:00,2.430726374686949
2019-09-29 21:00:00,0.6252409381914787
2019-10-06 21:00:00,1.508257043531357
2019-10-13 21:00:00,0.5425544667251497
2019-10-20 21:00:00,0.547205287505252
2019-10-27 21:00:00,1.088768578870019
2019-11-03 21:00:00,0.6028157731690681
2019-11-10 21:00:00,0.6717494249482409
2019-11-17 21:00:00,2.134416493345856
2019-11-24 21:00:00,2.200193395993661
2019-12-01 21:00:00,1.033418501640064
2019-12-08 21:00:00,1.3599375923113564
2019-12-15 21:00:00,0.9919019710700199
2019-12-22 21:00:00,0.6697294173974581
2019-12-29 21:00:00,0.7648002225734005
2020-01-05 21:00:00,0.8528576317475636
2020-01-12 21:00:00,1.8189404699043878
2020-01-19 21:00:00,0.8380149981299846
2020-01-26 21:00:00,0.471902847627125
2020-02-02 21:00:00,1.1896800114254078
2020-02-09 21:00:00,0.9817587817321064
2020-02-16 21:00:00,1.3605462841791116
2020-02-23 21:00:00,0.6653593867236848
2020-03-01 21:00:00,1.5740798798222078
2020-03-08 21:00:00,1.1161264028554447
2020-03-15 21:00:00,1.5763807307141675
2020-03-22 21:00:00,1.4567571193089566
2020-03-29 21:00:00,1.714337896081196
2018-01-07 22:00:00,1.27879296147804
2018-01-14 22:00:00,1.4779164261239142
2018-01-21 22:00:00,0.4691407089683775
2018-01-28 22:00:00,1.2161753358785297
2018-02-04 22:00:00,0.8388385311556577
2018-02-11 22:00:00,1.0168948648533234
2018-02-18 22:00:00,1.2754797657857069
2018-02-25 22:00:00,1.3052999753875052
2018-03-04 22:00:00,0.5425103751702456
2018-03-11 22:00:00,1.084349900050378
2018-03-18 22:00:00,1.0310744668582037
2018-03-25 22:00:00,1.2995998038186665
2018-04-01 22:00:00,0.6157996943012
2018-04-15 22:00:00,1.0094376384771926
2018-04-22 22:00:00,0.5007131587744746
2018-05-06 22:00:00,0.5069493429638845
2018-05-13 22:00:00,0.8305720923765563
2018-05-20 22:00:00,1.2202470827528658
2018-05-27 22:00:00,0.8677534159254832
2018-06-03 22:00:00,0.6562514175130204
2018-06-10 22:00:00,0.8280510922924212
2018-06-17 22:00:00,1.8336384197862663
2018-06-24 22:00:00,0.5851796510488699
2018-07-01 22:00:00,0.9240638752222972
2018-07-08 22:00:00,0.7028431013366314
2018-07-15 22:00:00,1.1688918016348187
2018-07-22 22:00:00,0.8307664979034297
2018-07-29 22:00:00,1.2209287224891143
2018-08-05 22:00:00,0.573864762454325
2018-08-12 22:00:00,2.024990466866453
2018-08-19 22:00:00,0.41642062885812037
2018-08-26 22:00:00,2.010611710520758
2018-09-02 22:00:00,2.65483103200705
2018-09-09 22:00:00,2.575641810966823
2018-09-16 22:00:00,0.8493673668075382
2018-09-23 22:00:00,1.1151750685099437
2018-09-30 22:00:00,0.9899545731873565
2018-10-07 22:00:00,2.0072862444660573
2018-10-14 22:00:00,0.6945000078837981
2018-10-21 22:00:00,0.7713486214340638
2018-10-28 22:00:00,1.307782261114443
2018-11-04 22:00:00,0.7684248681580894
2018-11-11 22:00:00,1.0689887075046904
2018-11-18 22:00:00,1.6043689725607186
2018-11-25 22:00:00,1.8117981681973587
2018-12-02 22:00:00,1.34332060179832
2018-12-09 22:00:00,1.3944645811189773
2018-12-16 22:00:00,0.4583410795456533
2018-12-23 22:00:00,0.5745192867227943
2018-12-30 22:00:00,0.710601524784496
2019-01-06 22:00:00,1.7103939612366676
2019-01-13 22:00:00,0.6034837337862663
2019-01-20 22:00:00,0.6587799535300648
2019-01-27 22:00:00,1.6742549109058669
2019-02-03 22:00:00,1.8677159431514239
2019-02-10 22:00:00,0.8714574556567208
2019-02-17 22:00:00,4.332072136739478
2019-02-24 22:00:00,0.925082229764999
2019-03-03 22:00:00,1.7346628267842379
2019-03-10 22:00:00,0.3271644147303773
2019-03-17 22:00:00,1.651991677821809
2019-03-24 22:00:00,1.1292516735873723
2019-03-31 22:00:00,0.6993053024898915
2019-04-07 22:00:00,0.7959547114805879
2019-04-14 22:00:00,1.0571167736317728
2019-04-21 22:00:00,0.43875308650543904
2019-04-28 22:00:00,0.6663592936514491
2019-05-05 22:00:00,0.32410308857773645
2019-05-12 22:00:00,0.8964129932303343
2019-05-19 22:00:00,0.6947455889454599
2019-05-26 22:00:00,1.0157435425435763
2019-06-09 22:00:00,1.2340000657770307
2019-06-16 22:00:00,0.4653483013300813
2019-06-23 22:00:00,0.8844355820563959
2019-06-30 22:00:00,0.7195230890877147
2019-07-07 22:00:00,0.6936601525684141
2019-07-14 22:00:00,0.5172524758280136
2019-07-21 22:00:00,0.5179376229234146
2019-07-28 22:00:00,0.7909465074452647
2019-08-04 22:00:00,0.6771132513440612
2019-08-11 22:00:00,0.7077251963677181
2019-08-18 22:00:00,0.42660310178842725
2019-08-25 22:00:00,0.8681002817877445
2019-09-01 22:00:00,1.8000544876487627
2019-09-08 22:00:00,0.48378766105243876
2019-09-15 22:00:00,1.9884693233776805
2019-09-22 22:00:00,1.4583670078283002
2019-09-29 22:00:00,0.9870451500806894
2019-10-06 22:00:00,2.4579150221878487
2019-10-13 22:00:00,0.8882998659330938
2019-10-20 22:00:00,0.8054999528141195
2019-10-27 22:00:00,1.6862058292057864
2019-11-03 22:00:00,0.7475888775194617
2019-11-10 22:00:00,0.9615782169829353
2019-11-17 22:00:00,1.0169383789914574
2019-11-24 22:00:00,0.4242576710175486
2019-12-01 22:00:00,1.569961270251532
2019-12-08 22:00:00,1.1371423710141955
2019-12-15 22:00:00,1.5502839773761166
2019-12-22 22:00:00,0.7371614342085852
2019-12-29 22:00:00,0.7315680940331312
2020-01-05 22:00:00,1.7213238304835707
2020-01-12 22:00:00,1.0722617427435648
2020-01-19 22:00:00,2.344889162548552
2020-01-26 22:00:00,0.8717216556198732
2020-02-02 22:00:00,1.3100712741336908
2020-02-09 22:00:00,0.7856590111376218
2020-02-16 22:00:00,2.1217468306808405
2020-02-23 22:00:00,0.4805165514812429
2020-03-01 22:00:00,1.1799065317929545
2020-03-08 22:00:00,0.46646505207364164
2020-03-15 22:00:00,0.3857270160558583
2020-03-22 22:00:00,1.3786961761224477
2020-03-29 22:00:00,1.9320091264266586
2018-01-07 23:00:00,1.8027575191800813
2018-01-14 23:00:00,2.8042954413770045
2018-01-21 23:00:00,2.1554890267490134
2018-01-28 23:00:00,0.8279175225655933
2018-02-04 23:00:00,0.5001073404974737
2018-02-11 23:00:00,1.167055029716081
2018-02-18 23:00:00,1.6337249170797397
2018-02-25 23:00:00,0.6919553850454936
2018-03-04 23:00:00,1.090737699938679
2018-03-11 23:00:00,1.7630204165817709
2018-03-18 23:00:00,2.5008560417983317
2018-03-25 23:00:00,1.0540683829933581
2018-04-01 23:00:00,0.7863219543764115
2018-04-15 23:00:00,2.567435317220881
2018-04-22 23:00:00,1.4353197588528148
2018-05-06 23:00:00,0.8763296662504103
2018-05-13 23:00:00,2.073316851445323
2018-05-20 23:00:00,0.8315885252394343
2018-05-27 23:00:00,0.7236654611039206
2018-06-03 23:00:00,0.7870062181147072
2018-06-10 23:00:00,1.026865166651314
2018-06-17 23:00:00,1.0759896209471465
2018-06-24 23:00:00,1.4924479252094616
2018-07-01 23:00:00,0.48078838560962467
2018-07-08 23:00:00,0.9248834162353473
2018-07-15 23:00:00,0.9417958889128418
2018-07-22 23:00:00,0.701206647530884
2018-07-29 23:00:00,0.7497779923805009
2018-08-05 23:00:00,1.361973599570451
2018-08-12 23:00:00,0.8803072038935873
2018-08-19 23:00:00,1.6699191816759806
2018-08-26 23:00:00,2.8575264188547633
2018-09-02 23:00:00,1.1805798482182923
2018-09-09 23:00:00,3.901231067834136
2018-09-16 23:00:00,3.2949570782789466
2018-09-23 23:00:00,0.7112106447576669
2018-09-30 23:00:00,2.4907606297475056
2018-10-07 23:00:00,0.5584305795166375
2018-10-14 23:00:00,1.1724300994530121
2018-10-21 23:00:00,1.863970294963392
2018-10-28 23:00:00,2.037616275613037
2018-11-04 23:00:00,2.0463742463923627
2018-11-11 23:00:00,1.8967666565237804
2018-11-18 23:00:00,2.341942775322664
2018-11-25 23:00:00,1.5687946984565344
2018-12-02 23:00:00,0.812413872291358
2018-12-09 23:00:00,0.5378422450385609
2018-12-16 23:00:00,1.1091867892225546
2018-12-23 23:00:00,1.2404502613511759
2018-12-30 23:00:00,1.3877506961366908
2019-01-06 23:00:00,0.9587190794390562
2019-01-13 23:00:00,2.0020693705747803
2019-01-20 23:00:00,0.7934546375404944
2019-01-27 23:00:00,2.6013147551058586
2019-02-03 23:00:00,1.1144853047261014
2019-02-10 23:00:00,0.9377681585484446
2019-02-17 23:00:00,1.1195511278140164
2019-02-24 23:00:00,1.0424531333954903
2019-03-03 23:00:00,1.3125500125719574
2019-03-10 23:00:00,2.562779381993784
2019-03-17 23:00:00,0.6289323031311143
2019-03-24 23:00:00,1.6055031500488797
2019-03-31 23:00:00,1.2418574461347731
2019-04-07 23:00:00,1.188252119395334
2019-04-14 23:00:00,1.1127731681534507
2019-04-21 23:00:00,0.4481922620177757
2019-04-28 23:00:00,1.0768011308803895
2019-05-05 23:00:00,0.6874811911723033
2019-05-12 23:00:00,0.9262051361925058
2019-05-19 23:00:00,1.1330153431603338
2019-05-26 23:00:00,1.2017951727409806
2019-06-09 23:00:00,0.31215699148991893
2019-06-16 23:00:00,1.3038142740633092
2019-06-23 23:00:00,1.7725430842633023
2019-06-30 23:00:00,0.6939950112858653
2019-07-07 23:00:00,0.33621844991789446
2019-07-14 23:00:00,0.70508982907499
2019-07-21 23:00:00,0.5939847456588261
2019-07-28 23:00:00,1.5396693352918434
2019-08-04 23:00:00,1.1611746296843746
2019-08-11 23:00:00,1.4041697482910263
2019-08-18 23:00:00,0.8386964919132102
2019-08-25 23:00:00,1.8040326311748025
2019-09-01 23:00:00,0.9671815334115674
2019-09-08 23:00:00,1.9449624211520713
2019-09-15 23:00:00,0.7897870120772615
2019-09-22 23:00:00,3.1961944064804535
2019-09-29 23:00:00,1.0880211764393763
2019-10-06 23:00:00,1.734126654706347
2019-10-13 23:00:00,2.0329779842310307
2019-10-20 23:00:00,1.7107167637059582
2019-10-27 23:00:00,2.1056672070033127
2019-11-03 23:00:00,0.8767752227612833
2019-11-10 23:00:00,1.1811494257832573
2019-11-17 23:00:00,1.9084351111396245
2019-11-24 23:00:00,0.6617848040120443
2019-12-01 23:00:00,1.5278270202745359
2019-12-08 23:00:00,0.8916032970128391
2019-12-15 23:00:00,1.7714521459553534
2019-12-22 23:00:00,0.40589906498039413
2019-12-29 23:00:00,0.4478156732990761
2020-01-05 23:00:00,4.176838165710539
2020-01-12 23:00:00,1.099604449863971
2020-01-19 23:00:00,1.450459565012081
2020-01-26 23:00:00,1.9778618725390367
2020-02-02 23:00:00,1.149014290740603
2020-02-09 23:00:00,1.2805111444641872
2020-02-16 23:00:00,1.5210357431205306
2020-02-23 23:00:00,0.5558592581438697
2020-03-01 23:00:00,1.0864770969407098
2020-03-08 23:00:00,1.904047129732182
2020-03-15 23:00:00,2.1331528205481107
2020-03-22 23:00:00,1.228260180265464
2020-03-29 23:00:00,1.9137752027502855
